"","species","n","pc1.var","pc2.var","pc1.high.temp.loading","pc1.low.temp.loading","pc1.moisture.loading","pc2.high.temp.loading","pc2.low.temp.loading","pc2.moisture.loading","pc1.full.mod.intercept","pc1.full.mod.lat.slope","pc1.full.mod.long.slope","pc1.full.mod.lat.p.value","pc1.full.mod.long.p.value","pc1.full.mod.adj.R2","pc2.full.mod.intercept","pc2.full.mod.lat.slope","pc2.full.mod.long.slope","pc2.full.mod.lat.p.value","pc2.full.mod.long.p.value","pc2.full.mod.adj.R2","pc1.lat.mod.intercept","pc1.lat.mod.lat.slope","pc1.lat.mod.lat.p.value","pc1.lat.mod.adj.R2","pc2.lat.mod.intercept","pc2.lat.mod.lat.slope","pc2.lat.mod.lat.p.value","pc2.lat.mod.adj.R2","pc1.long.mod.intercept","pc1.long.mod.long.slope","pc1.long.mod.long.p.value","pc1.long.mod.adj.R2","pc2.long.mod.intercept","pc2.long.mod.long.slope","pc2.long.mod.long.p.value","pc2.long.mod.adj.R2"
"1","Abies_fraseri",798,0.76725,0.99361,-0.641109606466667,-0.623160048614278,0.44793975745317,-0.254198431684161,-0.378299053793639,-0.890097176283663,-71.5065045771516,0.412117724374102,-0.686230651454726,0.123789840821933,1.0400769425398e-07,0.0605270583058346,-176.840028671019,2.62913865977682,-1.0011160186573,2.5264757047937e-86,4.94452596128269e-60,0.384952995090204,27.2625663452355,-0.762337940635667,1.36217360485863e-06,0.0276856656831692,-32.749555826811,0.915769580515191,3.35325924102226e-28,0.140302513762673,-43.4464334008832,-0.525191021416393,2.20192046550145e-12,0.058905724111586,2.17148566668408,0.0262494452594971,0.524608872156771,-0.000746880476554468
"2","Acer_barbatum",249,0.59417,0.85955,0.552443495626957,0.651691051412395,0.519716228001853,-0.659944648200173,-0.0389199756089941,0.75030546899949,10.7870932624785,-0.577100704868407,-0.097362513099141,7.44798393776218e-93,2.44463492881287e-36,0.904673029079093,1.97600022856041,-0.030207544275641,0.0113564039881168,0.423895556696147,0.422761610339339,-0.00458898382769291,23.3022408667086,-0.702629859998515,7.3156402918188e-94,0.818967213360526,0.516228211173948,-0.0155657714560251,0.637426096781161,-0.00314423173987399,-17.3290315687217,-0.202009843762268,4.05046967157607e-37,0.479651667420332,0.50430026608748,0.00587878310207942,0.635051412896142,-0.00313141899190428
"3","Acer_leucoderme",265,0.554,0.89484,0.62739035445306,0.712805312288266,0.313512248425625,-0.467465462456867,0.022764773223509,0.88371817142688,19.5014660459845,-0.699219184545037,-0.0482866611437763,2.38009509199195e-69,5.45122741993929e-07,0.798108498368081,-2.77449698242309,-0.0736106782649961,-0.0618129617641369,0.120261659101464,8.46988344186257e-05,0.110025185163791,26.2402162619612,-0.777096801652875,2.59937388817435e-88,0.778617225643638,5.85194559139578,-0.173303762328841,3.57499682321837e-05,0.0594481901338806,-14.4197817118742,-0.169450792876934,5.75318986946361e-26,0.342456962489498,-6.34557470775133,-0.0745685813400936,3.95532664494652e-08,0.105187124664191
"4","Acer_negundo",13489,0.5876,0.93702,-0.700755074594243,-0.711222097130021,-0.0557266003304671,0.210831824870606,-0.131836698524948,-0.968591258758705,-16.0051592873508,0.401249238537244,-0.0243220088022399,0,8.35317669575537e-154,0.636189890083731,-11.8591455423311,0.0895302210618533,-0.0966509609121396,1.12016542722943e-290,0,0.5228156976984,-12.7103495999053,0.369688613240286,0,0.616893367107156,1.23379118438006,-0.0358856023901147,1.17069429568867e-30,0.00970216158509474,3.09355107113964,0.0340502390414667,3.09657661979958e-142,0.0466116152098786,-7.59767512403085,-0.0836264371214505,0,0.473486388440686
"5","Acer_nigrum",114,0.52749,0.85903,0.126625229353211,0.705150290665338,0.697659744335185,0.98837485572082,-0.0300252769298026,-0.149042367547412,34.1905653784411,-0.98346879015787,-0.0339026353124313,1.83106012716877e-17,0.178333585207098,0.47189426504356,-25.8119927523495,0.193839550145734,-0.213405290181662,0.00291483345513951,4.73522665595494e-24,0.638794077180315,36.1486964425789,-0.957512452747698,2.96265107966512e-17,0.467958840765666,-13.4862391905659,0.357225660577088,0.000446076312384528,0.0966774322571711,1.39601106139566,0.0161087797827806,0.635401102162331,-0.00689643117585237,-19.3482577363908,-0.223262430846645,5.36179509805025e-25,0.612134922918918
"6","Acer_pensylvanicum",2075,0.66765,0.98489,-0.697969210916485,-0.6206426234128,0.357269806471099,0.0330499694431037,0.470442625745439,0.881811451162632,115.322826300402,-1.24546778512506,0.853786051608288,1.4138086840321e-81,4.31682509179552e-108,0.209109678192346,32.7199799766229,-0.916967566621942,-0.00457530289312548,1.53964877422066e-167,0.795828874509375,0.607333830550589,0.576083452821292,-0.0159606199632629,0.672462695614922,-0.000396113574783419,33.3348894185589,-0.923556298868489,0,0.607510564742598,19.8117758788059,0.240376511239511,2.24207896594291e-28,0.0567384294161736,-37.599410485815,-0.456194092469576,3.86836107665644e-258,0.433263219568296
"7","Acer_rubrum",10754,0.50954,0.88979,-0.680770930097523,-0.724889745552846,-0.105289113997995,-0.375390333213651,0.22182961134471,0.899929842410173,-8.00816791810194,0.307401746908099,0.0277733281683981,0,1.21533965419047e-88,0.682775162801811,2.7403618758874,-0.124704854114821,-0.0172988511214148,0,5.15733005848403e-19,0.159714596209185,-10.7313639344154,0.318766397194493,0,0.670828644278921,4.43652742633942,-0.131783422162527,0,0.153566830657407,6.54913178410004,0.077711292333673,1.90538398093929e-249,0.100345131266379,-3.16515412695936,-0.0375573779471702,1.16995738926437e-76,0.0313434067793906
"8","Acer_saccharinum",2043,0.54615,0.90966,-0.306336383840685,-0.728068124158435,-0.613249399934342,0.856127962701261,0.0709308868337239,-0.511872758382364,-22.7279819129625,0.627546976015498,0.00237500983315675,0,0.342022539233316,0.777989590756671,-9.8094311060805,0.0225572957347657,-0.10245511330467,0.0390007692193912,4.79961444935556e-145,0.277716874678979,-22.9248905111173,0.627235830014366,0,0.778000114035334,-1.31502722910596,0.0359797659727,0.00504161625770377,0.00335868845383036,-0.609173383097328,-0.00694636034026468,0.189922724915256,0.00035215884576234,-9.01436631511178,-0.102790171733268,6.72704809848335e-146,0.276560962191988
"9","Acer_saccharum",1529,0.61663,0.92991,-0.694016392697056,-0.510229709721418,0.50794378624545,0.000384000739855479,0.705255029608484,0.708953592102732,12.1767726070725,-0.0801707485855273,0.107898845395645,0.00352633854083603,1.52743380194352e-32,0.11387030747956,21.9202886459462,-0.6377308264492,-0.0189323094767201,0,2.07155989132843e-06,0.650209048839963,6.828988167619,-0.18502491478059,1.65161462164419e-11,0.0286329685601476,22.8586296416378,-0.619332747053176,0,0.645237735708294,9.91395598302507,0.116047788672462,1.30946138543662e-40,0.10949507097239,3.92035798274093,0.0458897412375539,4.05946210475242e-13,0.0332472512631473
"10","Acer_spicatum",287,0.76116,0.98996,0.651939019103626,0.59223505824602,-0.473532629450744,-0.136013443615025,-0.523026889178843,-0.841393615587785,-75.7917811382116,1.28052905289134,-0.36170124307159,1.47456255033808e-07,0.0297105346308624,0.135931332025443,-24.2262686769901,0.785480935690486,0.0481426059743304,2.15024233024189e-12,0.518685419275794,0.417753865532239,-30.3898093024067,0.846595090149951,4.64495504581679e-10,0.124489365360326,-30.2692925327753,0.843237750706474,1.10730928041435e-35,0.418943798998638,31.7050865130651,0.384498589178604,6.88021412740837e-05,0.0508474909328709,41.7126805376873,0.505864155613939,6.13886128475595e-25,0.309497918269399
"11","Aesculus_flava",5,0.98131,0.99767,0.580141708917089,0.57865463753087,-0.573231548363118,-0.328613734640732,-0.477671470590136,-0.814765597941964,-63.0599813533938,0.115898424693738,-0.705446109149744,0.947766220860407,0.178101530185476,0.418022243896708,-12.2530580859248,0.345747595038564,0.00282635229080922,0.311638712738514,0.964864335719228,0.0564551263845861,43.4296229976,-1.20231945292246,0.598080511664504,-0.195702961168436,-12.6797060372015,0.351029002179184,0.164569028964067,0.370192577606512,-57.9935683844768,-0.694901793070342,0.0738839925830568,0.610953367003746,2.86103948791295,0.0342821027499996,0.597814089365909,-0.19551357808079
"12","Aesculus_glabra",1273,0.62811,0.93583,0.690738056407529,0.55489237222577,-0.463654389255626,-0.0200344671785431,-0.626267265338603,-0.779350968749112,2.75884103387065,-0.362334114292983,-0.11440179852365,6.35591589587187e-197,2.92863610541862e-87,0.697199478500072,-21.4659392531527,0.316298604273134,-0.107301213585561,2.77427342306779e-191,4.22692085207573e-95,0.509412179055665,16.5989972101924,-0.452795066149428,3.48902136917702e-247,0.587958447423528,-8.48480107964739,0.231452299043983,4.84054124841384e-106,0.313211042637036,-17.9728681469487,-0.195376083635055,1.75118044954474e-137,0.387057356943377,-3.36824869788974,-0.036614926116525,2.18974061042921e-09,0.027017415750385
"13","Ailanthus_altissima",6560,0.61163,0.91702,-0.687586028496756,-0.586072210853476,0.428654659465377,0.0434643749685852,0.556069910967488,0.829998254350695,-9.67369613005014,0.38207785261637,0.0464552495201055,0,5.57234841392076e-201,0.616534633469372,18.4197588503653,-0.301818836299534,0.086947333765366,0,0,0.487967273746976,-17.0066489287394,0.473494203844045,0,0.559177490076695,4.69513782131743,-0.130720670130723,2.84416050784748e-129,0.0852286271901584,8.55823216597201,0.0981782247812422,0,0.34941140318645,4.01761712945528,0.0460892518420982,6.34547560378508e-241,0.15413476764203
"14","Annona_glabra",831,0.64241,0.96091,0.697995646053647,-0.620615352543097,0.357265534690878,-0.0329432148989095,0.470546331230005,0.881760111798049,-69.4571721309047,0.881915359713719,-0.57612610293087,1.44154007679618e-17,2.76089494656769e-07,0.260566819806755,103.271266910699,-0.319351312660681,1.1739941836507,1.98099092576572e-08,8.85030364659806e-67,0.536736034447609,-31.8862157889405,1.23144173957254,5.26969821228225e-51,0.237507691898861,26.7114929388657,-1.03159457832639,3.64367237632469e-76,0.336691227989883,-99.0097509899222,-1.2235180060671,7.16313596150999e-41,0.193550632866201,113.972582799107,1.40842195701385,3.09802594488232e-134,0.519334198524779
"15","Asimina_triloba",11160,0.55715,0.86839,-0.502617861042185,-0.688493939370783,-0.522830164786883,0.7242502972886,-0.00511292051532544,-0.689518212175123,-22.1827872566797,0.636438645900662,0.0129480731937974,0,1.72842895717487e-29,0.745725054555043,-4.29080088737541,0.0758979900784872,-0.0178105483101107,4.58066645595568e-48,2.65808520334156e-26,0.0267537441073674,-23.3772905500013,0.639000974082747,0,0.74283372763053,-2.64771791326293,0.0723734139357417,1.17888292603308e-43,0.0169705527344138,2.21696423876126,0.0260777491799142,8.1407043837194e-31,0.0117793559981877,-1.38102771623524,-0.0162447791285146,7.20617832421015e-22,0.00815527293091189
"16","Betula_alleghaniensis",384,0.72694,0.9907,-0.667897344795399,-0.609648843284344,0.426897440490475,0.123838989577436,0.474560984532661,0.871467599294335,80.7382183084814,-1.0312423603224,0.528994860020908,5.10468794928129e-10,6.18640812548819e-08,0.0934024604268229,30.8428994688328,-0.874329892148548,-0.00705358278828971,1.21004899725519e-28,0.869546589948917,0.498307263142054,11.9977544362421,-0.333808012072587,0.00154414743773597,0.023386045791193,31.7594803082177,-0.883629436031796,1.30268554546562e-59,0.499585122703796,4.24251730605351,0.0513877778049031,0.413712684894738,-0.000863493919170732,-34.0133172466742,-0.411988605582302,1.22068112741765e-32,0.308160839660498
"17","Betula_lenta",245,0.62145,0.98012,0.717338980098767,0.680113388032358,-0.151230179031858,-0.107299764825579,0.322309983664097,0.940533377875993,-47.9309532480724,0.211918529443401,-0.486422518228032,0.0456273686975786,7.03523135285504e-12,0.266162221175108,41.3716249497359,-0.81387830990949,0.146762240195063,9.08842731188116e-29,0.000399428383389373,0.533035272979353,14.1646339929585,-0.394745566182339,4.71197310740362e-08,0.112110628531064,22.6362927062368,-0.630837068224609,9.43643924544437e-40,0.510182126546581,-31.3666302451212,-0.378345817864917,1.27447042063581e-17,0.256991210929193,-22.2440638050191,-0.268308978273442,2.93153381154854e-15,0.223405919425617
"18","Carpinus_caroliniana",3024,0.60981,0.91814,-0.586141218378362,-0.68969139157369,-0.425163799619721,0.556318010114039,0.0389012698606293,-0.830058409285748,-11.9412774561451,0.421150349518163,0.0291177965740548,0,9.0196406296005e-44,0.827314481544077,-2.91357305164674,0.0567924696730329,-0.0112804400252474,8.09191997202833e-14,0.00129021419256834,0.0178738937254691,-15.5682527005734,0.454158553777299,0,0.816011270938322,-1.50845722793479,0.0440048582361814,1.10422513241152e-11,0.0148267790614957,11.2559852148167,0.131337463902663,3.39725135911701e-254,0.318529491169304,0.214596824610626,0.00250396586065373,0.405335100300047,-0.000101685608816293
"19","Carya_alba",1636,0.52969,0.89469,-0.609951930369935,-0.730570056868568,-0.306962594863034,0.519686829458926,-0.0763481233822169,-0.850938636649519,-16.0970152485186,0.532271654293386,0.0285752221681727,0,3.99323742995985e-24,0.759252885073175,-5.20853750780308,0.146315514418169,-0.00132184845256842,4.67009027205808e-29,0.769819426823933,0.0748955335427507,-19.1088789622259,0.54868764258726,0,0.743785346006414,-5.06921304810578,0.145556134540178,6.51495560336698e-30,0.0754132015508424,5.67821433306014,0.0664943141957341,1.24214928392394e-34,0.0875489636242116,0.777229143686273,0.00910168511629677,0.0477709763286251,0.00178514250121087
"20","Carya_aquatica",453,0.52907,0.79932,-0.633455908202629,0.573233010538383,0.519747561795421,0.112406382184762,-0.59640332209196,0.79477536615185,16.4878097484566,-0.268631175362714,0.0920776971513845,2.20067731665331e-51,9.44583075482643e-34,0.58384368298751,-8.72254649942353,0.116091499986521,-0.0580628651807459,8.11479720583102e-15,7.63077165416679e-18,0.302221789509614,10.1616065366193,-0.323482727533435,2.58622654222862e-56,0.424613575544697,-4.73333417593318,0.150680096108848,2.50012912903956e-21,0.179093510512403,10.8550452132418,0.124173807989652,1.1868898994974e-38,0.311365410396708,-6.28829409710638,-0.0719335026669463,2.38543275277566e-24,0.203804325967264
"21","Carya_cordiformis",968,0.51844,0.92021,-0.556570535230662,-0.756711601579002,-0.342953045399506,-0.60451189564892,0.0856914531066611,0.791973700878645,-16.8973323726941,0.52678455495182,0.0241248733171426,1.03035128692358e-296,1.43497856296053e-12,0.756640499511021,10.9214119623071,-0.159603746667785,0.058736569581132,1.45972324309549e-23,4.77977955713793e-26,0.188957497112702,-18.9768822999332,0.525683754512575,3.1669486310085e-288,0.743921358261163,5.85835412183644,-0.162283853657144,6.17652124090316e-22,0.0905787557907558,1.86394255309979,0.0212181515130855,0.00181402488161825,0.00900102033642269,5.23717209180646,0.0596172402197972,2.00267359390074e-24,0.101206453271749
"22","Carya_glabra",1762,0.47145,0.84005,-0.578457211038884,-0.743187145883532,-0.336244139265813,-0.57569370279033,0.0799198410548515,0.813750317710123,-6.99803906490222,0.344292757587076,0.0544628572264982,0,2.18593769935627e-64,0.807734950852415,0.385516688578937,-0.067690607420295,-0.0224845151151047,2.64122192915187e-17,0.000227192275495665,0.0421890315008828,-11.2508306447405,0.334562397892883,0,0.773772562591494,2.14124456309341,-0.0636735133719675,1.09978315887945e-15,0.0353057442811936,1.52341018354505,0.0181155260117097,0.00927411311513369,0.00327387324791417,-1.28986585438009,-0.0153383499001323,0.0127319089884056,0.00295473504541499
"23","Carya_illinoinensis",5990,0.60837,0.92294,0.694243896680202,0.419135342439828,-0.585107662434988,-0.0284154938714238,0.828270866988067,0.559606942958072,-42.3130448126518,-0.18723863402912,-0.499321938789431,1.11440702564113e-274,0,0.751973522787916,47.1211356537851,-0.497628630749332,0.322051254884943,0,0,0.809688509691012,13.3865070164448,-0.417450715741139,0,0.373162579410584,11.1961959113433,-0.349147091995441,0,0.504915330069301,-57.3787583138425,-0.592965379060259,0,0.694227422156561,7.08062574655481,0.0731728265506368,9.81020695566141e-29,0.0202838109379865
"24","Carya_ovata",1411,0.54408,0.91721,-0.590170651004726,-0.734868501858374,-0.334165958273859,0.556375045324305,-0.0703305061297608,-0.82794953279044,-17.1872800841079,0.586424260418182,0.0463849152196277,0,1.48415723160306e-37,0.742551492932179,-9.69140704154615,0.151597412810569,-0.0486184131016614,6.95339190476748e-26,3.4571551685278e-19,0.130128878762338,-20.8834901938208,0.577564339330717,0,0.710934031214187,-5.81721929810243,0.160883951363866,1.61203811013172e-27,0.0798052891437001,2.62389671512687,0.0303018125384371,1.09737932084833e-05,0.0129327872663141,-4.56999009103477,-0.0527760800349776,8.01119433299789e-21,0.0596324373025853
"25","Carya_texana",725,0.72421,0.95975,0.641299330468727,0.620250418757054,-0.451690808819553,-0.24573559572901,-0.391649856702806,-0.886692960802318,-4.68752956568394,-0.356843538961984,-0.175725862719415,3.07751281141952e-148,2.14641133626228e-45,0.883204986580209,-42.1798594119306,0.307556764333691,-0.336011457592968,3.9089216881971e-91,1.44013592540758e-92,0.463174257928852,16.2360068490463,-0.483848983668349,2.85177755445962e-296,0.846122533883143,-2.17124679274618,0.0647052913768087,4.41522107723891e-09,0.0452194225653839,-45.2451323396764,-0.477185178964572,1.91722772585649e-193,0.703849859255064,-7.2240210224085,-0.0761893177489706,1.50173239005066e-10,0.0538950909050714
"26","Castanea_dentata",1530,0.65821,0.98029,-0.700544675899599,-0.638955552332675,0.317762425739691,0.0300727266734083,0.41846019324846,0.907737130328427,25.0327508487532,-0.0811646282446566,0.267346231440811,0.0396351626783664,3.27764561669216e-31,0.118214177446671,15.2646986954898,-0.560848507588152,-0.0597286713236562,1.98323882094657e-147,7.50880279014504e-08,0.565241589519589,-8.48395271418658,0.235507146418945,1.52503720541027e-14,0.0373004002801033,22.7527719710111,-0.631597155303984,8.1584742788803e-273,0.557213864401873,19.5183999268178,0.236021682770953,3.2888646363642e-43,0.116344019290107,-22.8395291161913,-0.276181660172515,1.17831930552712e-133,0.326730195631469
"27","Celtis_laevigata",11048,0.58203,0.92218,-0.707594056108073,-0.00865010408921385,0.70656622298251,0.108016926029407,0.986849003663174,0.120255509895214,18.5229570762069,0.0456012168450748,0.210657897773959,1.92856441521528e-37,0,0.632459881622227,17.8409074356048,-0.455327812450162,0.033922938259631,0,0,0.93893228211941,-3.09252412712901,0.096299134204617,4.4380292455791e-62,0.024630208472843,14.3600949806178,-0.447163759079017,0,0.911966067667234,20.1877672974353,0.212769866269179,0,0.627011626757285,1.21778970715,0.0128349484772992,4.91957286032322e-11,0.00381408452069409
"28","Celtis_occidentalis",1549,0.5535,0.88251,-0.42034620801621,0.572961718051296,0.703579373670164,0.810073051600796,0.586292700741096,0.00652074596079844,33.9230701746458,-0.581277415544611,0.135083268292742,2.19566290619908e-223,7.33305639693822e-274,0.699878467908061,16.0224297429429,-0.551139523894565,-0.0519832003879661,4.3401044140668e-205,2.50156330822629e-58,0.49008631084307,23.5400458665687,-0.627286686965309,3.54624018506633e-135,0.32650321774835,20.0180602903932,-0.533434080384097,1.48208807052046e-172,0.397348840075561,12.8270026654723,0.143085889857874,1.03855522473181e-185,0.420470686740632,-3.97985538310142,-0.0443954962705038,1.49053716434542e-25,0.067554340654992
"29","Cercis_canadensis",20763,0.66213,0.93358,0.668890785588292,0.557970438326583,-0.491176248314918,-0.0434373829670686,-0.630283844618926,-0.775148675399344,2.05005949714943,-0.29358129443192,-0.0897577202908017,0,0,0.747940692066923,-15.6891395561553,0.272062498591066,-0.0703155726373909,0,0,0.483752860059227,14.323985368025,-0.415803819900552,0,0.600766102426076,-6.0738315545332,0.176314223794522,0,0.263450407500597,-13.1135734209223,-0.145972013996656,0,0.52653085242645,-1.63696410202387,-0.0182216501286685,2.83556874793831e-93,0.0199661159614046
"30","Chamaecyparis_thyoides",378,0.57009,0.87523,0.326325982946897,0.669360390990845,0.667433906710113,0.945207996388816,-0.223856354812665,-0.237634542885972,9.4905139347944,-0.442652269599119,-0.0556701135934501,1.07058709550683e-87,1.45195416793396e-09,0.912463576156958,-8.9049519677178,0.0652337390718209,-0.0810855026360032,0.105785234386558,0.000196441260470631,0.0556160093980778,17.0326218034745,-0.532056262286922,2.05069595673459e-193,0.903734004378394,2.08039668691169,-0.0649863595918356,0.00196427084795443,0.0226041190894501,-21.8416748736473,-0.259811906403522,1.90239502678275e-115,0.749977103355267,-4.28752205793794,-0.0510010924557815,4.93732372916603e-06,0.051525161519609
"31","Cornus_florida",10997,0.5448,0.91009,-0.671777244160926,-0.723133190047848,-0.16060424551915,0.372153476067802,-0.142008499443372,-0.917243357204888,-13.7441065104545,0.467147739310032,0.0325144386357663,0,5.75510509895043e-138,0.683709002845066,-8.42538865804051,0.174582997196075,-0.0262532847528325,1.62067537320458e-297,3.40489485923722e-50,0.1176765498099,-17.3588459962344,0.490612865727917,0,0.665233107632896,-5.50672270502924,0.155636440790445,1.72710436781529e-253,0.0997643896629525,6.99730621374873,0.0817072031133941,0,0.126375611314066,-0.673883738375302,-0.00786890752016207,1.14769928093514e-05,0.0016584017741067
"32","Diospyros_virginiana",14664,0.45876,0.89533,-0.787860952637811,-0.260415072869001,0.558085216728838,-0.163494274094683,-0.785238707311088,-0.597218381229734,5.29192110521224,0.100917567473661,0.0995197056854016,2.21699374245501e-300,0,0.401281742581751,-14.9504184303595,0.371019141090174,-0.0264755404141932,0,0,0.834554111940717,-4.55226935253527,0.133740700601483,0,0.105317068707358,-12.3315374709141,0.362287099715442,0,0.812551339114562,9.29026627794607,0.10594353685687,0,0.342577487993932,-0.250672599120524,-0.0028585985535179,0.0499364592729519,0.000193935377953314
"33","Fagus_grandifolia",11098,0.58267,0.95479,0.718491566867008,0.688889079047356,-0.0959255185562051,0.180646548728531,-0.318008665247782,-0.930718707913295,18.7058631319169,-0.437804222556923,0.0382495836063275,0,7.52116897199292e-41,0.357311589149611,-5.21917553607949,0.281262738950004,0.0572774232375851,0,2.38980343017054e-162,0.465418849476609,13.928146441147,-0.392672164363777,0,0.346909731356959,-12.3736403747826,0.348846428888121,0,0.428740164118463,-6.21341402797353,-0.0748095183821755,5.09559585380766e-145,0.0574559407543787,10.7899531692376,0.129911059575754,0,0.271642624578245
"34","Fraxinus_albicans",53,0.48545,0.80913,-0.691888440589175,-0.670792743896066,0.267072051168718,0.104267765182821,0.273194663295292,0.956291226086882,-61.3676673680639,0.699162161956854,-0.401551395715704,5.54077149958549e-07,0.157400604964181,0.379161671941291,171.413713540518,-0.340742685669051,1.6451753936846,7.47088335895927e-05,3.77698652660652e-12,0.609083745508617,-19.9790242986315,0.630178823784496,9.5114835043287e-07,0.366253548066073,1.84245097657657,-0.0581146292203645,0.621070513571525,-0.0146862130502228,22.642450161523,0.231931971110645,0.482478227735073,-0.00969791009300214,130.470661087158,1.33644183302546,7.37376901943419e-09,0.473888474049601
"35","Fraxinus_americana",1434,0.54006,0.92267,0.701350404454219,0.712253456222625,0.0283306242576755,0.304964624428896,-0.263898391071204,-0.915070607678431,10.6414298167543,-0.418205430267854,-0.0470128016125289,2.71446446355117e-303,2.32335411696395e-40,0.676832030612202,-12.1918027030134,0.227960983674909,-0.0476081000431541,1.40539492859703e-81,4.68936079644167e-26,0.240211413488901,15.7249640595459,-0.446021623045042,1.5433637269132e-315,0.634551976642789,-7.04389833436321,0.199792569048814,1.16316208125794e-63,0.179216811348913,-7.49144309948748,-0.0858413449281606,1.79854377705654e-52,0.149251583801693,-2.30769492327674,-0.0264429207119676,7.15507497193914e-08,0.0193855739956023
"36","Fraxinus_caroliniana",558,0.45546,0.77074,0.547043730383516,-0.678118099475779,-0.490814629174238,-0.650347620271516,0.0248809007833974,-0.759229157490269,-12.4843752063401,0.307005420699559,-0.0376065697520893,3.69572304735347e-103,4.55040044843672e-06,0.569095839405842,15.4690477023019,0.0385873347461427,0.199950418147189,1.14801085676072e-06,8.33489824996709e-146,0.703712465805719,-9.25307360868644,0.303698014244694,1.4342580969837e-99,0.553254346696272,-1.71146383782978,0.0561724882975717,8.59143912464055e-05,0.0256337463977498,-1.98384302700959,-0.0238315860816363,0.0535295597612779,0.00490082747226894,16.7888535522872,0.201681787921713,2.90387831150261e-144,0.691351364400116
"37","Fraxinus_pennsylvanica",2090,0.58156,0.95319,0.731836712685862,0.521602935182308,-0.438572005461308,0.0190105296582493,-0.658933466388433,-0.751960960845333,-2.07728692226027,-0.253775583273329,-0.115050579408326,3.67907682242964e-256,3.35129338934351e-256,0.704939730397654,-20.0302621892655,0.341553535981261,-0.0917128591244536,0,4.65482521224111e-230,0.66250984965822,11.7649996580249,-0.348225222679104,3.75039172277096e-302,0.483561184179113,-8.99584858068752,0.266262768062273,2.3645370720448e-267,0.442386293752731,-14.6145807751942,-0.157860930504467,3.41614218155454e-302,0.483607335531535,-3.1564676662769,-0.0340949173000902,4.55106560836142e-18,0.0348591172100245
"38","Fraxinus_profunda",139,0.60474,0.93131,-0.177803009525134,-0.701270003557233,-0.690366911080364,0.980063867842959,-0.0629841640747684,-0.188435161327447,-17.4465458432708,0.511145248598461,0.00614248882518036,6.5166561269661e-80,0.344711254287664,0.927772850824021,-7.43321138888374,-0.0372304774527595,-0.100300149257942,0.203371702209899,1.81133875841931e-09,0.229276263657166,-17.9773413408695,0.511013540943297,2.70017153787972e-80,0.927826058204008,1.23410069743913,-0.0350798349612057,0.292003741353714,0.000861299071601596,0.263140824831784,0.00301877512660652,0.900866126494958,-0.00718476986427641,-8.72313845364686,-0.100072626156157,2.0622237609458e-09,0.225711346262365
"39","Fraxinus_quadrangulata",425,0.56617,0.92707,-0.0476926708274747,0.700079662362382,0.712470262885347,0.948873704276711,0.254574355863246,-0.186629554650401,42.7038680099433,-0.893528301031745,0.10818985030061,9.0880030405402e-155,3.00445155262716e-45,0.831918718310496,-5.82515144756082,-0.256617249544015,-0.172929979679033,4.85053887433468e-17,1.8272020570841e-55,0.486520074998373,33.4141858289555,-0.901728792692046,6.9707873188561e-123,0.730966133173353,9.0234184166111,-0.243509634992063,1.22442751567459e-09,0.0815303012447814,10.2187186305032,0.115240012527131,7.10652326926666e-13,0.112693945059237,-15.1547380707855,-0.170905205268061,2.95161211149165e-48,0.394620532742928
"40","Gleditsia_aquatica",397,0.50018,0.78899,0.459128055446821,-0.625947685557476,-0.630389501536043,-0.888109676339774,-0.340588503287153,-0.308643279888416,-14.6048408064714,0.221458375021175,-0.0870584117411537,2.14644085002082e-55,8.86895048646067e-28,0.671540800274843,5.63558551648394,0.213389000631164,0.140850796984633,1.97659340924314e-79,8.04595907325997e-87,0.688691015069755,-8.85547158000736,0.281354608172319,6.46011843037403e-72,0.556312698736473,-3.66625242783941,0.116483578087968,2.97409344302331e-17,0.163358087486483,-12.6910778466637,-0.144718740618613,2.819398847736e-44,0.388161784746561,7.47961586936302,0.0852914623961406,1.00521811982723e-24,0.2324884450055
"41","Gleditsia_triacanthos",6613,0.68404,0.96988,0.680540021305988,0.563122134303854,-0.468784322751858,-0.0374403785867738,-0.612232737217491,-0.789790664372818,-8.84517997189831,-0.291409361411847,-0.198945292628884,0,0,0.879603971278199,-28.5831811805786,0.376419201038543,-0.167147862002338,0,0,0.648477296646707,16.6986362309868,-0.490459779886982,0,0.667732470741656,-7.12203369991167,0.209183015456341,0,0.290592530304548,-28.1560739966891,-0.298480748773791,0,0.724421217309379,-3.63891973017689,-0.0385759565029784,3.73947617540388e-44,0.0288119098121175
"42","Gordonia_lasianthus",1304,0.38009,0.71245,-0.703397848894797,0.538012744481841,0.464514534697559,0.00321822069275183,-0.651095556569831,0.758988945420548,17.7337472335456,-0.23778195545942,0.130265245826437,5.10073802631546e-51,1.30407578851024e-14,0.158574712600562,-34.9120857800189,0.396298681544283,-0.282751214200824,1.96887327904749e-209,1.47209868906343e-107,0.531850107613835,5.5526802011521,-0.185830883476807,2.88363652795443e-38,0.119946023572108,-8.47209810855742,0.283534693045846,1.22232940674282e-111,0.320599979167125,1.20625281798954,0.0147837478218944,0.366307891023441,-0.000140679300915325,-7.36657992588283,-0.090284274001195,2.86729700497881e-09,0.0259895356950813
"43","Gymnocladus_dioicus",828,0.52662,0.92661,0.756542910121582,0.51210082923134,-0.40668853665347,0.0403299058451577,-0.657254499774292,-0.752588879283348,11.9453010638995,-0.66736938840258,-0.143846818908727,1.19606885759552e-195,1.54599912685371e-145,0.824898954358929,-41.7402461495136,0.693806811648844,-0.171818619443345,2.25442363088423e-162,1.07897400373033e-143,0.664859758894996,31.7061234873741,-0.844020884545396,1.4161659075784e-171,0.610633267111821,-18.136823747654,0.482804466097367,8.49116927716384e-57,0.262382359660404,-18.6327578759897,-0.204213486378733,2.15622547084713e-121,0.485072518892169,-9.95085642296951,-0.109060563987008,4.93548000561797e-38,0.181394467954176
"44","Ilex_opaca",10932,0.56283,0.92386,-0.676876737967882,-0.720183280426641,-0.152229840017922,0.346523095980896,-0.129298440796401,-0.929087540094815,-15.3486488118007,0.439870801448384,-0.00119751966770898,0,0.490207421307043,0.688565630295116,-1.33362811727103,0.107930543907388,0.0287759391483494,5.70641571204343e-107,4.88102961642686e-35,0.130991014649051,-15.19368650268,0.438291192170596,0,0.688580557971024,-5.05731307860197,0.145887950104106,6.33136291511934e-303,0.11885870038735,10.9877726491654,0.131312870978842,0,0.27058079109995,5.1285064083592,0.0612898466156552,3.55704295861393e-231,0.0918360389671571
"45","Juglans_cinerea",265,0.48891,0.90584,0.76230036694893,0.601410426105785,-0.239172845283039,0.174133061718202,-0.546487655156379,-0.819163548736348,-7.51016821017851,-0.234633927090058,-0.187790758468426,9.64438052560092e-06,6.38616102921009e-28,0.364782405795526,-26.9837680016134,0.728278676742384,-0.00441159266152801,3.44426548889407e-52,0.689923925441591,0.606958177067227,1.89392710483691,-0.0518420025764767,0.408070355997423,-0.001188484871816,-26.7628463853508,0.73257283647286,1.16710805366057e-55,0.608214236658374,-14.4086524914287,-0.168251226901704,7.26761034064574e-24,0.317996328371221,-5.57160878753406,-0.0650602139843799,9.74303943099399e-05,0.0526201694942007
"46","Juglans_nigra",4730,0.59916,0.92735,-0.70361472101265,-0.597511094765713,0.384586552035,0.00932804266435248,0.533414330485622,0.845802659993824,-5.49208719516251,0.336755355982792,0.0742504724820479,0,2.88982322734684e-264,0.612704373820862,16.5631634128862,-0.310057263008246,0.0630558000637708,0,2.2249096576834e-239,0.429429409268822,-15.1151238504527,0.424418558357746,0,0.500227395339356,8.39098275115339,-0.235610957454549,0,0.281349335441477,10.4827066317264,0.119726666844536,0,0.347959515923544,1.85485732928726,0.0211849757233116,1.89152256970218e-22,0.0196899906057861
"47","Juniperus_virginiana",14352,0.62559,0.94799,0.700319723291432,0.545218462834235,-0.460748426968217,-0.00698646751529543,-0.640194078093721,-0.768181444481307,2.34013868881626,-0.30694552070577,-0.0920748433143647,0,0,0.723058414772826,-19.2644750409503,0.35056686287437,-0.0793234815740285,0,0,0.597854468813758,14.795932599721,-0.427599989438945,0,0.558004042201867,-8.53367275863563,0.246621722346642,0,0.36015019496816,-12.7487375738062,-0.141752900433724,0,0.496498892375056,-2.0312539679584,-0.0225854630553549,2.92396072758613e-79,0.0243906341819125
"48","Liquidambar_styraciflua",24058,0.54337,0.8702,-0.524064462472403,-0.701517790028799,-0.482938121757457,0.675669750431369,0.00274711750043009,-0.737199322908974,-9.76895698588482,0.388781620609323,0.0401696475700205,0,0,0.879876960761204,-4.16948462871828,0.037259968593219,-0.034222292097333,6.4714765771407e-52,3.84684026601592e-171,0.032424163480973,-14.2867579004231,0.421417636208514,0,0.853536476219354,-0.32057103629943,0.00945590940196576,3.37633484790838e-05,0.000672937363145998,10.0232906574176,0.11802595192007,0,0.271592285897273,-2.27263949385091,-0.0267607164952758,6.67110221747289e-125,0.0231754478471566
"49","Liriodendron_tulipifera",17185,0.5485,0.92977,0.717623396719903,0.693385115567064,-0.0650672113298101,0.232394897252774,-0.326493322726948,-0.916184873235522,18.0371021211066,-0.424774916209002,0.0352282085012329,0,4.70178426670522e-52,0.355747423037879,-6.63980317912744,0.31679935752722,0.0557603538708576,0,3.15607293900095e-197,0.415330642045839,14.3060094117208,-0.402129583092054,0,0.347085196320576,-12.5454980370719,0.3526431271041,0,0.384007753790481,-3.23846594451377,-0.038997260986305,4.59346426156173e-47,0.0119516957831367,9.22762692801856,0.111118097815978,0,0.140222727794887
"50","Maclura_pomifera",5661,0.58308,0.88157,0.673002049473103,0.36786593595187,-0.641671952457997,-0.157172054780023,0.918860040327771,0.361929788059884,-99.8655743583796,-0.291333027156438,-1.12652051694768,1.55098372378358e-162,0,0.515354771796269,103.630784116788,-0.755200219319014,0.817643730455019,0,0,0.905733637637029,16.8366463078814,-0.522528695238899,0,0.260552662669672,18.9267440017533,-0.587395296397435,0,0.643448431236094,-132.222148795544,-1.36336116848786,0,0.447913618661326,19.7553225878847,0.203699909074394,4.27905366563018e-26,0.0193634362313398
"51","Magnolia_acuminata",937,0.64874,0.97559,-0.703222432113422,-0.660605642047231,0.262827693875378,0.0241891064122762,0.347230168920875,0.937467917809541,-3.68238739965974,0.382018965504991,0.117028788466487,2.06526088792954e-49,6.6674519666763e-30,0.429561420361438,12.498262694165,-0.376665418118354,-0.0105330684151298,3.43358041183436e-81,0.148702623618352,0.392111973384645,-18.2926383651746,0.514615737554294,2.01043539189171e-88,0.345703693835579,13.8132448878502,-0.388599668570077,3.76576145658617e-103,0.391403989685709,16.0039723824342,0.189242916799951,5.96382200111435e-69,0.280005129002627,-6.91221586348634,-0.0817352005051441,4.14325454791286e-24,0.103000768690379
"52","Magnolia_fraseri",1741,0.65095,0.99201,0.710913882836364,0.67786472845435,-0.187352238065187,0.0344491973894018,-0.299643128604316,-0.953429204649954,22.3531572163008,-0.534639207157542,0.0388618389319654,3.28559635743403e-17,0.423331265518442,0.0642491968497526,-47.0177533037338,1.10474311579014,-0.0903472791036744,1.50472731336793e-195,0.000322006596638834,0.523413480294101,17.9091230820428,-0.500061868088122,3.16700796972064e-27,0.0644421845291456,-36.686116836994,1.02435658264033,8.81311838413083e-280,0.520127565170585,-20.2836802083217,-0.245894541842094,1.04592622469828e-11,0.0256873505767135,41.0841890778235,0.498054482544087,5.59854592587515e-89,0.205059795695758
"53","Magnolia_grandiflora",5434,0.456,0.78384,0.697911944687201,-0.660641857789844,-0.27653436169654,-0.056111386319528,0.334495976882384,-0.940725227563713,-21.8597115292552,0.437488331428983,-0.0981867952568382,0,0,0.464410635273036,12.873287375345,-0.123652464217624,0.105576851578814,8.61714673413911e-59,0,0.311716738515329,-12.9943918806489,0.423825054955744,0,0.286892832283346,3.34071698956826,-0.108960817458789,1.89942160129211e-33,0.0262074257720514,-7.99287595514924,-0.0929146486851566,5.87612382747249e-207,0.159137330625601,8.95394080891629,0.104086722886294,0,0.277912159613165
"54","Magnolia_macrophylla",1729,0.67891,0.97872,-0.643562592564067,-0.68561505662591,-0.340234012967644,-0.377444668846307,-0.102426489922583,0.920350116054559,-5.15528208864387,0.553876098782008,0.163826565831498,0,1.00535858951607e-109,0.909106293784862,-20.4316955906782,0.126968445406416,-0.187045766505267,8.66641073912997e-16,6.08257746158649e-37,0.0892477180757685,-23.5572920594953,0.679701062823083,0,0.878956230017728,0.578438161229496,-0.0166897380213378,0.149899327180009,0.000621789650246396,44.9135197206237,0.524033907231439,0,0.616838113435886,-8.95411433547643,-0.104473208739909,3.01262063841178e-23,0.0549901871360493
"55","Magnolia_virginiana",2997,0.49137,0.81982,-0.193564920874941,-0.699735610335769,-0.687679210849584,0.97689197621334,-0.0727109593847219,-0.200985529815826,-5.80413658607783,0.314017460260895,0.0496801687804119,0,2.8170104691079e-143,0.840799310838939,-8.38098831974713,0.020304001866064,-0.0921501206129612,0.000173980775848521,1.33356054464806e-147,0.20764284449913,-10.8493481126945,0.341549138304205,0,0.802287592896596,0.977209571056723,-0.030763607496981,6.18736193466142e-08,0.0094075148283258,9.83722849226639,0.117179208145148,1.0048908107475e-183,0.243229120924012,-7.36963593993157,-0.0877857116400317,5.8824202995725e-151,0.204169519630675
"56","Morus_rubra",4303,0.53503,0.90588,-0.736471163936622,-0.447750385669767,0.507079694744733,-0.0154778405212307,-0.738248285401521,-0.674351470343554,2.35906126175983,0.21577280052361,0.107728395215799,0,0,0.651431576228177,-16.3749731620184,0.310633258739747,-0.06587640727809,0,0,0.683198216546206,-9.31158379773504,0.275984796408711,0,0.376650328603795,-9.23832023409507,0.273813347369046,0,0.53498582276112,11.7554374694389,0.131380659740264,0,0.435255022018256,-2.84765667609928,-0.0318258689897612,5.28591053139964e-37,0.0366363035383389
"57","Nyssa_aquatica",696,0.57615,0.89887,-0.236861866003539,-0.697183694621585,-0.676632361321211,0.963126209114902,-0.0770231144091665,-0.257789342608788,-16.3488333625174,0.509654988706864,0.0106490858104846,0,0.00013153374739143,0.916019119706422,-8.18304486921996,0.0152647023400683,-0.088452489675206,0.293243045357494,2.18952851304521e-40,0.242194677439043,-17.5925126254424,0.519120453472481,0,0.914350908711606,2.14709324036648,-0.0633564994561834,3.59757224136719e-05,0.0229116912030798,8.14931024534257,0.0940322720125311,1.13667231686772e-28,0.161804778955354,-7.4492997311471,-0.0859550756485714,6.29267104642365e-44,0.24207854810181
"58","Nyssa_biflora",721,0.43198,0.72985,-0.515601027977031,0.612467613250944,0.59919863373319,-0.85279855752176,-0.299073564247676,-0.428123374107273,10.5055030788353,-0.346372994751307,-0.00381205115919255,1.53719925887281e-88,0.654723666181857,0.425005889424903,4.21759193803529,0.210274238556854,0.127638550186279,3.51497524379514e-61,3.89211246907874e-68,0.506517849015936,10.8364077526149,-0.34664889883628,7.3435032921622e-89,0.425645529411362,-6.86205811053275,0.219512309066882,1.88967069598507e-46,0.246946026825378,-1.00488123970477,-0.0118861278495532,0.290051672928704,0.000168073301601734,11.2052536055263,0.132540116861055,2.01256931431695e-53,0.279714243938174
"59","Nyssa_ogeche",261,0.83002,0.97321,-0.614431902358465,0.578718812780852,0.53624432220554,-0.168400554457607,0.567816124449196,-0.805745680766497,14.4363171371644,-1.4169937924529,-0.346385867854327,3.06956043052091e-38,5.58049449344009e-10,0.713901543016016,50.6147662170452,-0.489340536731565,0.425601506731279,2.07732841641122e-16,1.5582760477821e-30,0.397158313204632,54.7386087640488,-1.78615727847812,2.32223601399394e-64,0.669094093890134,1.09566733643204,-0.0357523552744031,0.525659897622823,-0.00229808763550454,-71.8324783810558,-0.85832007434909,3.59648044834725e-36,0.454552712327962,20.8229499600415,0.248811628955069,7.34361352718277e-16,0.219434565656522
"60","Nyssa_sylvatica",3031,0.54896,0.92686,-0.68483912904954,-0.721586059887774,-0.101532878902869,-0.348591511896406,0.20205849812994,0.91523566427847,-12.4723472789339,0.424920253726832,0.0274530648744083,0,1.78257006999127e-23,0.677161907850779,7.75414036987364,-0.19508784678657,0.0111078993792124,1.58852026148999e-104,0.00236648962776742,0.159267418561615,-15.8500529406117,0.454448971109487,0,0.666464688469672,6.38747275756311,-0.183140108966248,1.07130830235846e-114,0.156975680387516,9.33163037983069,0.109114904637194,1.62990298775486e-161,0.214815299746936,-2.25642282527458,-0.0263843885129846,7.88727732060143e-14,0.0179430302344652
"61","Ostrya_virginiana",2150,0.58935,0.90449,0.57615859482581,0.693746970348363,0.432153230626378,-0.58002092849596,-0.0254796212406976,0.814202991524912,12.0285627898791,-0.457344709957439,-0.0420535202136329,0,2.08803453831559e-73,0.830010995528253,4.09346716152617,-0.0470014976031358,0.0281688563527856,1.20269871352389e-08,6.41064841983431e-13,0.0328719177766837,16.1505802671456,-0.469667931034941,0,0.80199633208138,1.3324017950375,-0.0387469913793447,2.67406344260022e-06,0.00974855689522924,-6.34516921909601,-0.0721520363187167,5.01933465954021e-43,0.0838602061912346,2.20519142075971,0.0250756198907246,1.31865545805497e-10,0.0185823994049759
"62","Oxydendrum_arboreum",4535,0.62319,0.96436,0.711562134804826,0.653905434219165,-0.25707394152392,0.0258106243798996,-0.389957049479563,-0.920471244108318,36.0094809509951,-0.632844737423234,0.16586489780404,0,6.3127330484969e-128,0.350433116913129,-3.32326995985112,0.306323248699396,0.0903374287142805,6.71537048513277e-248,6.14733616104914e-89,0.479916785109399,15.3463952850476,-0.435587743371297,1.00680894464793e-301,0.262070311351974,-14.5773089583253,0.413758214593223,0,0.432074237541794,-2.91749623366114,-0.0352873155426038,6.26553652294561e-08,0.00621989387464927,15.519010631441,0.187703489979651,0,0.332654850537527
"63","Paulownia_tomentosa",3900,0.56861,0.92161,0.71646499662487,0.683777717596953,-0.138296570923602,0.109653051286339,-0.306155177696152,-0.945645396284164,14.3065455937884,-0.444366677700449,-0.0185446629969652,8.47454775782966e-274,1.05408406206583e-05,0.356453010343055,-12.7363403615676,0.320042885398263,-0.0156214188846021,8.41381365729801e-202,1.5548683740553e-05,0.23512818971378,16.7439196269025,-0.469037168706053,0,0.353405037666996,-10.6831760222664,0.299261268921845,1.44213375757765e-225,0.23165188172167,-8.10185013928688,-0.0965173262215194,3.93852096373192e-104,0.113281628585819,3.40269073021474,0.0405362485843244,1.25924900229714e-29,0.0320031764709496
"64","Persea_borbonia",603,0.5068,0.84181,0.686108418899197,-0.708696751465559,0.164329400832013,-0.249837696681678,-0.0173886280076922,0.96813158244776,-22.1283525792447,0.396858977139676,-0.117403496411187,7.00388909151642e-62,2.98516598002495e-90,0.607843507068237,1.64164965517525,0.0352465471662268,0.0309722843807817,0.192118669631692,7.71382887025484e-07,0.0392535391960178,-11.9733525758766,0.39932295413062,3.68608088834423e-36,0.229617442200474,-1.03734677683549,0.0345965239692693,0.209264882920902,0.000962344548767979,-10.267169995289,-0.117842973042586,1.26945825551548e-64,0.38006537184891,2.69508615396833,0.0309332527985085,8.06968408940604e-07,0.0381263300688937
"65","Picea_rubens",647,0.78789,0.99193,-0.635276929586698,-0.60708319317015,0.477360680518651,-0.232000278618158,-0.439546264285411,-0.867741293401343,-15.5494159092395,-0.361095815679661,-0.346438355985453,0.125394421355388,0.0196899035180602,0.0844634152960987,-120.549197518455,1.82993805266694,-0.664604298224809,4.73233290410093e-69,7.06345381012558e-28,0.460200229508924,30.3558301596792,-0.84411412374794,2.68656363641304e-13,0.078123541055521,-32.4849767952974,0.903319974393494,1.00893443168788e-62,0.350771530282521,-44.9770440768959,-0.546057191220198,5.56183875973976e-14,0.0825404585002809,28.5822358723445,0.347011142229842,1.90450578516375e-21,0.129579544421755
"66","Pinus_clausa",798,0.47523,0.88882,0.747418864240887,-0.64780861672781,-0.147339870605562,0.249210510453547,0.478972355086389,-0.84171230509152,1.61032672310475,0.845043629225425,0.3172788309479,3.33020862566601e-56,1.31655505794085e-27,0.272633729986295,52.9560092253697,-0.239335269535593,0.559604249099468,1.8069342325327e-18,7.68149382600737e-175,0.756591845771867,-15.9946989011687,0.552071338397143,1.5253939795334e-31,0.156651412499495,21.9049393654137,-0.756068574200453,7.84043332448697e-74,0.339051482471093,5.35196951517631,0.0650773143501168,0.0199983783835016,0.00553245618410836,51.8962922413281,0.631033363366081,3.74835161989975e-230,0.732194565531916
"67","Pinus_echinata",2185,0.54659,0.88185,-0.620246647470695,-0.70867841509535,-0.336257342342598,0.481613629895318,-0.00569372473746284,-0.876365159621074,-16.417510024203,0.553002509202325,0.0319764485990976,0,4.1133898506905e-52,0.826689727432245,-3.29530884540572,0.0729659213337592,-0.00881821760981873,1.31390112503781e-10,0.0210955322607746,0.017901308831591,-20.1931260460556,0.582005902750536,0,0.807442305030285,-2.25409866883992,0.0649675898449223,1.87276748400256e-09,0.0159548403075772,7.73521858609808,0.0893160268468449,2.3323394662744e-88,0.165980120659697,-0.108476839314241,-0.00125254641282723,0.732947037708323,-0.000404718382330804
"68","Pinus_elliottii",1320,0.50749,0.84509,0.708435369134987,-0.70520420502434,-0.0283964253835599,-0.0896340993932226,-0.129807583327337,0.98747947803318,-13.7995886647186,0.450056955769279,-0.0133605668348736,8.6220018498954e-123,0.344031933942087,0.43933678993704,-27.3070528197041,-0.244076081767855,-0.416035932142195,7.08454312729423e-76,2.90024787567299e-235,0.558256066496623,-12.9541024081329,0.459009653842761,4.72996366267245e-168,0.439381033229159,-0.9793777128452,0.0347028154318245,0.0255191123583686,0.00302317655232087,-17.9476001361996,-0.218358651763131,2.79650519099748e-47,0.145773956634574,-25.0574922382958,-0.304860827085374,1.33829992102709e-162,0.428610401143449
"69","Pinus_glabra",482,0.49587,0.80939,-0.667946202147906,0.667200526379633,0.32968367966117,0.230469419688172,-0.235773137548676,0.94408414571957,32.5100291944354,-0.820672156029294,0.0804645680735428,4.821229952007e-64,1.61826729831901e-11,0.455266516110241,-20.9796010119846,0.0105055068153168,-0.240287932297312,0.6172573095709,9.867906608122e-158,0.779354888951984,24.0923029044657,-0.772509289604005,7.81351661681518e-56,0.402317380996222,4.15789855195821,-0.133321221692899,0.00241521535003608,0.016967638526635,3.58746824040775,0.0417405958756038,0.00720734040716988,0.0128934733141596,-20.609360400083,-0.239792222834218,5.26608887461848e-160,0.779699615980267
"70","Pinus_palustris",4737,0.39315,0.72608,-0.096912905348143,-0.701983476593365,-0.705568626971802,-0.993901902311761,0.105723191959829,0.0313307399032839,-6.55141698528572,0.348502083365179,0.0520865683715579,0,4.18274199849099e-170,0.7097455475121,11.9306319960367,-0.0112504532966247,0.137501250054387,0.0174344675923304,0,0.439396782158727,-11.7099880155726,0.373129962681882,0,0.658334506546485,-1.68727348967236,0.0537637009874248,1.66929194550158e-18,0.0159340597659156,7.66212691604234,0.0909995073631499,1.05540517024999e-188,0.165654423494516,11.4717859245948,0.136245050382546,0,0.438845523372255
"71","Pinus_pungens",486,0.64935,0.98562,0.708712878487511,0.652817980340806,-0.267497178321002,-0.00906753883510234,0.387558710326776,0.921800426225395,111.920395240857,-1.14331364361442,0.864108169801441,1.63265183357041e-13,7.6358842164081e-17,0.130578345731385,81.5687659971436,-1.42503037194043,0.367731978729775,5.53223323599572e-69,5.12315473907721e-15,0.651736391549115,-0.246981473206951,0.0068293849494232,0.928336805376317,-0.00204935166678211,33.8345437903695,-0.935572701596653,5.10710528123674e-100,0.605446181246936,15.8814827422983,0.19445565939471,9.99874165412552e-05,0.0288194947977154,-38.1344912524754,-0.466925397490233,4.11976412741916e-46,0.341804138538728
"72","Pinus_rigida",306,0.64441,0.9799,0.708323529635318,0.580052562666742,-0.40226459191521,-0.00254287602395721,0.571963413208284,0.820275190245723,-5.01794439950199,0.244581800213993,0.0466620616267277,0.00548586854406131,0.465782319442505,0.0533263076839093,18.6878653128989,-0.613717051509146,-0.042817538317622,1.00978810719379e-36,0.165914890101365,0.576644103978912,-10.3550163404644,0.286229306552696,2.10128709716414e-05,0.0547796037091952,23.5852117731583,-0.651933187623231,1.05305359849612e-58,0.57535070561969,13.3989754244612,0.163227803058398,0.000966065302535274,0.0320763100410371,-27.5248035052793,-0.335310205702648,5.20304404221741e-24,0.283375239938402
"73","Pinus_serotina",339,0.40572,0.80614,-0.72135538022067,-0.0312101686778258,0.691861504058287,0.376183768101858,0.821109480929587,0.429260984651798,14.8869021691334,-0.007335119966975,0.181725813505796,0.803986981554406,1.79488309811618e-07,0.129003664263018,12.7126105909146,-0.392664479587366,0.00403671977882868,5.7365920984657e-123,0.736796551644617,0.890620612024921,-3.23962692872258,0.102694746508457,4.24574328873338e-06,0.0581328801839756,12.3099615829436,-0.39022035935098,2.05885018518185e-164,0.890908455243698,14.1782814293377,0.175808295090342,3.4532207667573e-12,0.131428766330846,-25.2213557613024,-0.312740551692426,5.38540981724143e-43,0.427943363364278
"74","Pinus_strobus",2825,0.62623,0.97226,0.714103394442622,0.644281367933229,-0.273784332969605,-0.0353410796275589,0.423778831740296,0.905075969109548,-8.11595226375888,0.0622072945224121,-0.0711554477280781,0.0232824394744196,3.69616099915198e-07,0.00842921291130638,16.111110812743,-0.597284523408904,-0.0668252949278755,2.40018355996563e-288,4.18742985921286e-19,0.492116668945793,0.16596739819389,-0.00458539086763403,0.849563522227456,-0.000341482240288737,23.8890356470291,-0.660012551166832,0,0.477736214729753,-4.61500979068828,-0.0559963072528249,5.25284785826426e-06,0.00697051185932396,-17.5032550355673,-0.212376070983374,7.92497358486915e-132,0.190325408485536
"75","Pinus_taeda",4928,0.52994,0.89332,0.722201926131379,0.676425177197116,-0.144476148709663,0.151492142255044,-0.358492524816197,-0.921158640238415,5.68014501996218,-0.315075668055852,-0.0548889508539785,0,1.63829315759564e-189,0.834805232912384,-14.6530192348136,0.285459243222971,-0.0600191480353229,1.51350062446925e-192,4.79127569723886e-72,0.18488006557992,14.6235935223352,-0.441554640610572,0,0.803236816423972,-4.87367109171991,0.147158910296001,2.45227118668943e-151,0.129940739519454,-12.7609757819856,-0.147315671918922,0,0.702275543775785,2.05467647774206,0.023719663062277,1.12867504660109e-30,0.0263563747457219
"76","Pinus_virginiana",2250,0.56865,0.94597,-0.692639248963061,-0.717515902047761,-0.0736328805933526,0.316634988534873,-0.210748291413833,-0.924839143690226,-29.4713502759041,0.617905386572788,-0.0870043771885097,1.21762203579341e-211,2.03319577320966e-24,0.363675870492131,-0.485102350128591,0.28025087856869,0.116714365543029,4.59274923494845e-80,2.06982026250932e-63,0.389969786096286,-18.8366288371678,0.522055181215906,9.12258858537139e-201,0.33382462409283,-14.7513359070867,0.408831718601126,1.51731162047101e-182,0.308512680326258,5.4145105709643,0.0656448468996014,2.48037514890923e-13,0.0231243410018895,15.3373736541459,0.185948394074163,6.48207498513651e-166,0.284574148800551
"77","Planera_aquatica",417,0.48463,0.90109,-0.609430774094369,0.223226351925344,0.760765487777173,0.535806277016295,0.823220419569886,0.187669321715398,14.7182581598989,-0.122382142881451,0.119481874784553,8.6752923357043e-07,1.87726365601846e-19,0.228879230202635,10.9581396895903,-0.50167148541393,-0.0624621769347449,1.83004601817565e-231,2.61310028014203e-49,0.923122760541148,4.78663064346177,-0.145157996081322,1.11038543828569e-07,0.0634546166517216,16.1501495764479,-0.489764831162184,2.97961314398726e-186,0.870107910485549,11.2337295712045,0.125645298859689,2.34993026807064e-20,0.184369760464514,-3.32571408106129,-0.0371969377568004,0.00480120565804974,0.0166397913734397
"78","Platanus_occidentalis",13439,0.62295,0.93585,0.693605292006268,0.600659458305995,-0.397642947942558,-0.0374461773320125,-0.521198618250648,-0.85261350220181,3.09959088223767,-0.268396822051553,-0.0689520375472284,0,0,0.718404998907052,-14.3832679409749,0.244848576837668,-0.0669886861553279,0,0,0.346733630812512,12.7066886733549,-0.369341060706262,0,0.641137406674519,-5.04972419541284,0.146778640647644,0,0.201543803417409,-12.374635834177,-0.139097200980946,0,0.509370448162362,-0.266698451751398,-0.00299782625054021,0.011863087952613,0.00039669809413001
"79","Populus_deltoides",5366,0.60005,0.94609,0.715186770692967,0.576111614297832,-0.395731336763861,0.0161442599617979,-0.579658868569355,-0.814699305854118,-3.14636679926777,-0.327062125300496,-0.146129116609097,0,0,0.801082014840997,-26.8266563293612,0.326119882299969,-0.167755835654619,0,0,0.638134043138562,14.3150249581073,-0.432624744152266,0,0.628882120014009,-6.78102521953225,0.204934277744918,0,0.244588091778121,-21.6985465336752,-0.226996455873969,0,0.505805876376336,-8.32792412111796,-0.0871214695116691,2.05378553852748e-163,0.129059800270851
"80","Populus_grandidentata",128,0.7086,0.97058,-0.665627916110766,-0.599359669102643,0.444643075226871,0.113428282937652,0.507635786108083,0.854072557393249,13.9668122482952,-0.606024225305909,-0.111338354280563,1.30153612837289e-05,0.00857248482407127,0.294955971265496,20.2388026533496,-0.505742435178871,0.014274905533041,1.38674936876384e-08,0.584021646181712,0.257903009601467,29.8580707083936,-0.790777824310215,4.4769970838677e-10,0.260635553161489,18.2013537006966,-0.482054819265042,3.96944837437693e-10,0.262017867476987,-16.7708064529044,-0.209440117682695,2.38111413262595e-07,0.185186001198878,-5.41251207040976,-0.0675934796677178,0.00831466547852737,0.0464721986609955
"81","Populus_heterophylla",257,0.49621,0.83148,-0.218303053664793,-0.709111557456595,-0.670451024193497,0.94589979589144,0.0152319377898754,-0.324101163533392,-20.2491102439699,0.551899862943133,-0.00818755829302453,1.49071336544883e-90,0.172046403624423,0.800088864747436,-0.17594178227457,-0.192911842436824,-0.0841243256315364,1.50889866858611e-12,2.83065301520633e-18,0.340247171838706,-19.6325420799176,0.553767090669463,3.76726311997892e-91,0.799402436748515,6.15908254982257,-0.173726724278725,1.95302759670686e-08,0.113093221763266,-1.92855236672183,-0.0231267004190123,0.0827415469078554,0.00788276072294358,-6.5797349554114,-0.0789024772031254,3.19614234717128e-14,0.199438782866541
"82","Populus_tremuloides",3221,0.63647,0.92767,-0.680081176405638,-0.493451374041753,0.542213366632574,0.0196628007191297,-0.751590674671989,-0.659336660602142,15.2714598684557,0.288714796268958,0.233727385175953,1.9086662824182e-132,1.57919177421139e-166,0.257561349344903,-10.8305030963736,0.347836708438877,0.0109583111162364,0,0.0104675196517168,0.536312817781235,-5.91652483074127,0.171298239797548,3.05887370923837e-46,0.0610734016072649,-11.8239020003363,0.342331631851287,0,0.535511737103698,17.3068414126186,0.160242721842439,2.08971712199506e-80,0.105711953368184,-8.37832390123716,-0.0775742606292635,5.76623837596351e-41,0.0539961379281348
"83","Prunus_americana",454,0.63399,0.90199,-0.462682257077702,-0.659257622311193,-0.592709470491299,-0.842234361013072,0.118201558789645,0.525993985354015,-18.9356456789136,0.33799458780966,-0.0730504095927847,3.53106236528042e-44,6.37332876331782e-23,0.556980613056017,6.83060729955716,-0.0289314458567925,0.063874009004746,0.113674925966514,2.14892371945463e-24,0.256298136305337,-15.6065798352442,0.427783953341427,3.72871555944755e-61,0.451558650483295,3.91972996346437,-0.1074417071199,1.90885189746989e-08,0.0655017850173888,-10.5371994089313,-0.116543600155177,6.64442617216755e-40,0.319490810985007,6.11172243481486,0.0675969114809349,8.21803320965001e-31,0.253810161309362
"84","Prunus_pensylvanica",109,0.56855,0.96525,0.744751906847765,0.578036129715747,-0.333494872509096,-0.0832852270304754,0.576337300190366,0.81295687915643,-23.9629713374886,0.912691916092669,0.106297139776747,2.64485709191698e-06,0.00466110809693575,0.192921147432869,53.7906511606348,-1.15299588898152,0.149388022378475,1.52113941386727e-25,1.11534799634268e-14,0.763141377534305,-28.3157947516009,0.788497397772569,4.29471941158362e-05,0.137427668572415,47.6732741271354,-1.3275365541495,1.73572880343836e-22,0.586920392973806,5.27600990381046,0.0636376460472075,0.110156690187452,0.0145523720375106,16.853296315254,0.20327939582984,1.71405065168626e-11,0.340134975459256
"85","Prunus_serotina",6898,0.53657,0.87522,-0.592158211475793,-0.711609152969429,-0.378101925400972,0.547712012343047,-0.0112638489301769,-0.836591105165724,-16.0389799440873,0.371241728768635,-0.0380491320655108,0,2.98764901423694e-152,0.583633444932823,-7.00881743523189,0.0233492438327127,-0.071376572986251,7.03252605140456e-09,0,0.249347448142955,-11.822163259768,0.344779130165914,0,0.539820144924968,0.901531828970672,-0.0262920882565695,4.51697309291859e-09,0.00483019189961675,-0.170913513543852,-0.00196501956982207,0.352254558248244,-1.95109294203188e-05,-6.01079559789865,-0.0691070631874914,0,0.245797755032985
"86","Prunus_virginiana",366,0.61538,0.93745,0.651313163371782,0.699265270500142,0.294651055811795,-0.373825031516458,-0.0422272977645805,0.926537479617107,18.1397951331163,-0.251879571360607,0.0857126726015994,5.97462168892539e-10,5.09239440847252e-27,0.286241098379215,5.74436600720278,0.0568704805401968,0.075384569747547,0.0229191678685452,1.99385811736849e-45,0.460675100838233,4.786764038003,-0.130526820619334,0.00376318629813617,0.0201448159058069,-5.99966755723365,0.163600613024031,3.77805081013961e-07,0.0659682861551931,7.63244543603502,0.0734829846284308,1.67587391430749e-20,0.208816495437892,8.1167617646237,0.0781458426373402,4.79771117171791e-50,0.454424109013604
"87","Quercus_alba",6707,0.54275,0.92406,-0.672183720715767,-0.727002461417275,-0.14013017768465,-0.390114146953595,0.186915044884435,0.901595096671737,-14.8255445261839,0.456494369029115,0.0158916312582841,0,1.18034904135019e-17,0.622983039152306,8.54962036469026,-0.231028555111905,0.00429354784787006,4.46569477315589e-296,0.0573145442242021,0.202485596974557,-16.7545506944402,0.472889122740176,0,0.618901264918723,8.02844792193504,-0.226599075320408,0,0.202174598362263,7.06920189856075,0.0833306655944613,3.85048537676427e-212,0.134089504276892,-2.53115515902197,-0.0298368680299113,4.86770112079135e-38,0.024346991377018
"88","Quercus_bicolor",258,0.50977,0.85081,0.0887232445527524,0.711562022636457,0.696999048648953,-0.97212468814522,-0.0906103141343414,0.216248379580137,41.814206053318,-1.02824095465473,0.0324669879982619,7.23711947089355e-74,4.13676016640501e-05,0.747535047836669,4.2685182680862,0.011576376872594,0.0542426909726135,0.85221305249718,1.40008373954357e-05,0.0655812425765949,40.1492819122493,-1.05863708094198,3.04115432076373e-75,0.731352720513974,1.4869246788789,-0.0392065194358731,0.535507291838279,-0.00239885381322558,6.06823998686714,0.0699211142609544,2.88226903941427e-06,0.0785330463577619,4.67096165743666,0.0538210163844854,1.12160536301631e-05,0.0691043790982775
"89","Quercus_coccinea",641,0.6147,0.93909,-0.701330670298424,-0.575073142565076,0.42121986135401,0.0109979124807429,0.582107456306778,0.813037486978994,-9.36544526313126,0.228126149209314,-0.0137482025762898,1.91507926265196e-10,0.30875106549414,0.0586874871433043,17.2895102023986,-0.50731233945862,-0.0118330235484337,3.39729047461386e-127,0.0629099375242268,0.604970837314202,-8.0129021868086,0.222417605014884,3.15293599880923e-10,0.0586320014201762,18.4536386754544,-0.512225660855009,1.12105510636456e-130,0.603443219927709,0.0120079118368128,0.000143944007920585,0.991647291062038,-0.00156477331401073,-3.56429250652151,-0.0427267085037317,1.64174894976345e-05,0.0271377451346667
"90","Quercus_falcata",3627,0.5635,0.90161,-0.584700283728222,-0.710705114957721,-0.391182588801021,0.562815933540055,-0.00808990415376867,-0.82654266580995,-12.9370136064801,0.454743451002669,0.0318675305163819,0,1.34805354700018e-91,0.875139345721443,-7.30444062565297,0.0988378570830616,-0.0454534053332816,1.04771851622351e-31,2.45527488687017e-43,0.0556887691903141,-17.3225267140285,0.502690698628197,0,0.860142597985753,-1.04928054133618,0.0304495745389206,1.23071266002481e-05,0.00498554799965401,11.6102450898234,0.135365296221974,0,0.412176169288281,-1.96912806324743,-0.022958309796072,1.78883109345613e-17,0.0194970332984801
"91","Quercus_ilicifolia",75,0.66342,0.97826,-0.644845763804868,-0.695839473680572,-0.316198304503457,0.390813407899953,0.0553433723568667,-0.918804653526414,-266.037308897971,2.7676876391339,-2.03846672963215,3.11725265823865e-34,3.06176378681202e-22,0.873663830735819,-11.6418558714171,0.304457362863983,-0.00441613895325168,0.202627462404977,0.987440656723486,0.0183506263826982,-56.4582395071488,1.52280412256496,5.07398133266147e-14,0.536110190850239,-11.1878232994506,0.301760444386058,0.0680632728273017,0.0317945227113776,25.4787656014032,0.317807457446858,0.265638269004765,0.00347919275138897,20.4261470417707,0.254784001640303,0.19448779741612,0.00956524515230195
"92","Quercus_imbricaria",785,0.57135,0.89654,-0.220270414906956,0.679754830157968,0.699581528625241,0.966615581182455,0.248357748263169,0.0630297318172369,46.2943827893301,-1.02460330802153,0.0846983783822652,5.19283541127454e-220,1.05833661811381e-35,0.787868310942338,-6.01876391273562,-0.237177859217262,-0.168580753012757,2.60537521828005e-14,9.2299513160563e-69,0.324499758060951,42.46310382705,-1.12242611863415,1.96993765899396e-232,0.741479360733856,1.6068825848643,-0.0424746855570439,0.226640318269544,0.000591644124148694,16.0419978088405,0.180392893402144,6.11279749631605e-48,0.235971391177165,-13.0216652792596,-0.146429135861456,1.65841697354036e-56,0.273377763052018
"93","Quercus_incana",680,0.53092,0.81388,0.64894356211937,-0.477585263477206,-0.592270689206575,-0.143987185477263,-0.841469711027369,0.520765221421181,-20.1717073236651,0.293596353589724,-0.127199944699185,4.83039057968166e-52,1.89165942073873e-69,0.506217961307039,-11.3937301423206,0.339598186451338,-0.00833474031778657,2.34713338964029e-105,0.0752769486998347,0.506211746347308,-9.70318806802314,0.308630025458741,1.02577587191172e-38,0.220019146141634,-10.7077833857094,0.340583263538812,9.96203105584665e-106,0.504628574427469,-11.3318310967804,-0.131741682670145,3.62594316357566e-56,0.306871485161854,-1.16878729681304,-0.0135880956793813,0.0409855573068883,0.00467991216102637
"94","Quercus_laevis",1772,0.45686,0.76193,0.657644068769678,-0.479829582662067,-0.580747665009865,-0.0973205409188537,-0.81856302139254,0.566112437881361,-1.45466726517625,0.217936157135089,0.0626804942062301,4.27208686591688e-68,1.16182967558794e-10,0.198906870519945,-27.206993943873,0.375919056627502,-0.190812006856305,0,8.28904803472068e-318,0.792559099759413,-7.12206793650185,0.233991695110772,9.97089466088209e-79,0.180336229350257,-9.9542886254309,0.327042776038233,1.24947153744576e-291,0.528663698622709,8.19110078459062,0.0991408773194331,2.16008007509496e-21,0.0491567993321804,-10.5689652964814,-0.127921328208169,7.74703877180436e-53,0.123406190729993
"95","Quercus_laurifolia",807,0.46662,0.79916,0.705736735673344,-0.702495403088524,-0.0918469844939101,-0.0294831499048678,0.100406862628455,-0.994509530275501,-19.3287428487188,0.319428429814765,-0.115074928105749,1.94706355520102e-135,6.11599217473419e-79,0.651467801678901,6.82732638762904,0.0324262876614152,0.0924621482128551,0.0180253205827889,2.23960315559214e-35,0.173411084320794,-10.282425475097,0.341540057041795,8.25858640586008e-110,0.459293615924038,-0.441345872688933,0.0146597021197391,0.327891345528111,-5.16495527882466e-05,-11.1041433896344,-0.131569914410395,3.34787878588312e-53,0.253062785169945,7.66223400093961,0.0907876849498459,2.10450513494873e-34,0.168670579079289
"96","Quercus_lyrata",934,0.53169,0.89744,0.356618058910321,0.732053935224263,0.580448616142468,-0.818213431365847,-0.0551588414303777,0.572262424893148,14.7799044236278,-0.510542314859969,-0.0271776997327123,0,5.50883177389998e-24,0.906080084522255,7.76697090644433,-0.0122929271492426,0.0834489598192124,0.396220830032399,9.85938285771293e-35,0.154191512388729,17.7383560767006,-0.527295505350728,0,0.895310007106114,-1.31693669252009,0.0391476411790726,0.00960150548882766,0.00610948662591515,-8.00289122870084,-0.0908191978514139,2.26498380899592e-30,0.13042437632077,7.21840276809723,0.0819165886968376,4.46671219907199e-36,0.154445227015532
"97","Quercus_macrocarpa",5002,0.72568,0.96365,0.655251156358476,0.566895454687437,-0.499274939833358,-0.0710582065592948,-0.611745907977938,-0.787856379902343,-9.63926785674205,-0.32210429062243,-0.21254038126118,0,0,0.847612921834219,-26.9011876486016,0.286014675450315,-0.180849424359372,0,0,0.471729466961514,16.2074057897243,-0.485455769585384,0,0.725814308121333,-4.90839727704425,0.147019813563812,1.05656091319451e-248,0.202855458970157,-36.5942183519454,-0.38139255682245,0,0.656794504724879,-2.96635771272234,-0.0309159972109372,3.994070840897e-16,0.0129643953971884
"98","Quercus_margaretta",86,0.55742,0.8547,0.645912826820483,-0.377477373240327,-0.663556668899014,-0.325423905947668,-0.922415571365114,0.207963446646121,-22.1914459242636,0.287425168671064,-0.150145066327411,1.17203083334394e-06,1.45233709159261e-12,0.517685444087015,-12.1739393326474,0.455166993522904,0.0262473508584376,1.64117991956244e-27,0.00555281219012834,0.76367370650768,-8.50133270885688,0.267651019689566,0.000485305753660344,0.125336778446499,-14.5671528670366,0.458623777278373,8.98544912680416e-27,0.743675790444006,-12.7054306200835,-0.14604601688049,4.28683007017784e-10,0.365454997615861,2.84813088646122,0.0327386126420976,0.0839398337819319,0.0236515374301244
"99","Quercus_marilandica",5487,0.67916,0.94444,0.667331882000974,0.513519013067474,-0.539412998066644,-0.0178575637792101,0.735101767895782,0.677721549201711,0.247375734017525,-0.320641602247396,-0.114607648888518,0,0,0.769092486720018,19.1319664547598,-0.32160636293171,0.0892328842327593,0,0,0.64427603043177,15.3372315738337,-0.45338587116539,0,0.572907334797452,7.38308780397155,-0.218252406229887,0,0.339804434034598,-15.7257082920502,-0.170037369107032,0,0.539893481102199,3.11082190451935,0.0336363846118396,2.66272834913721e-68,0.053923243792564
"100","Quercus_michauxii",2030,0.56959,0.85716,-0.516088366305763,-0.668075270307788,-0.536030065730481,0.728588982452312,-0.0133694941719708,-0.684820670887416,-8.12468889585474,0.385220250126309,0.0527497881503767,0,1.49510094724705e-137,0.875704968923121,-3.59106518682397,0.033572631228613,-0.0288477397614156,6.25261623033e-05,1.62797789127087e-13,0.0257751035144537,-14.3671399519387,0.436759522705644,0,0.831034394271898,-0.177201172319935,0.00538689674522812,0.476096692037664,-0.000242552758284997,11.5355046573583,0.133821307184672,2.49218983137996e-200,0.361917381267703,-1.87764428584914,-0.0217822124149446,4.43488744282272e-10,0.0185250789278045
"101","Quercus_minima",500,0.501,0.83522,0.418764607864782,-0.708037126826684,0.568612020832192,-0.804234891532324,0.00161903718705774,0.594309362168037,-39.8572196298803,0.395725110970258,-0.347014678592345,3.95484946442653e-50,2.13330385411449e-43,0.6058858869038,-22.1425834718813,-0.00509208010789,-0.271456519044757,0.854759093542057,3.6797064144954e-22,0.184440060303156,-14.8316717367036,0.516458166322414,1.47308091652886e-61,0.422391955385974,-2.56603948870858,0.0893528438719259,0.00200421067278556,0.0170344723175648,-38.9324337752667,-0.474159863920846,8.07814052381066e-55,0.385362588812014,-22.154483357746,-0.269820450341818,2.74324378116246e-24,0.186022800090239
"102","Quercus_muehlenbergii",3550,0.63349,0.92446,0.662138948192979,0.661726241798812,-0.351696451788635,-0.247264285116401,-0.250109398738922,-0.936111992214783,6.84439797903502,-0.358358065537972,-0.0585410931782577,0,3.35878516010147e-101,0.764654107923574,-15.667024556616,0.112681801345831,-0.125398669294849,4.86957398426292e-84,6.44119830243307e-304,0.326682072521767,14.5210295466084,-0.421488448139225,0,0.732428818819013,0.776798593547741,-0.0225474118526012,5.61828785071425e-05,0.00428324303046923,-16.0363860172036,-0.170636614608217,0,0.413729389062878,-8.47241055223878,-0.0901514501243633,1.63713445519564e-225,0.251316672236089
"103","Quercus_nigra",8709,0.44648,0.8555,-0.647263897819924,0.136161275218852,0.75000636911278,-0.485381467734579,-0.832281503439191,-0.267791579055103,13.9733640181023,-0.159532834846058,0.100769747800962,3.52581006797104e-197,0,0.240360796486702,-11.0610990559672,0.418275245903536,0.0277527208300791,0,0,0.933327601004547,1.17699374333632,-0.0364882531729597,5.23205820501904e-12,0.00533781466196281,-14.5853124198366,0.452162617851437,0,0.913869597442677,6.43887452087396,0.0735038188276506,0,0.157967930340252,8.69339505962868,0.0992405945151743,0,0.314435604496827
"104","Quercus_pagoda",759,0.61704,0.87097,-0.505993524549585,-0.645193059873897,-0.572447786793212,0.79710868117972,-0.0962264842855836,-0.596119295200184,-12.9997432601061,0.494863157448446,0.0454925931285421,0,5.86919892497113e-62,0.932228418257608,-6.0433215903275,0.048705112981134,-0.0502048134600182,0.000475104146800542,6.77981531515536e-17,0.0857600315260264,-18.4819340332882,0.539174619681174,0,0.902485087229036,0.00672625684964565,-0.000196225512560247,0.988172156305511,-0.00132071307415815,11.4816797730268,0.131792912278997,6.39369223796146e-61,0.300290985334105,-3.63382624435017,-0.0417110172837112,3.21012054127334e-14,0.0720907851749398
"105","Quercus_palustris",614,0.55267,0.87169,-0.352855369594213,-0.694255118452454,-0.627298109873687,-0.8933097503851,0.0505013097342686,0.44659523909468,-41.1566692415048,1.02609828059033,-0.0296548399095227,5.03889159955388e-232,7.97233270241611e-14,0.822707053005316,8.83608023813174,-0.0326965056846098,0.0856174287796173,0.279129478893136,3.52587952554323e-39,0.244222793753404,-37.5564520852602,1.00039696812994,2.34136228006667e-220,0.806052314163649,-1.55822089134244,0.0415065686140121,0.224988861774853,0.000774671927102788,0.573876840294359,0.00645767180412531,0.476795554554542,-0.000805203795683829,7.50634110593047,0.0844667076772962,2.63401673794754e-39,0.244008647615107
"106","Quercus_phellos",4495,0.62171,0.91006,-0.560279643759861,-0.676102896629158,-0.478509763701834,0.620791857997601,0.0397003819537611,-0.782969570747556,-11.1909831792936,0.445050919003186,0.0504838067365666,0,4.47588183090906e-262,0.922361840634916,-7.85375120390059,0.10760168863169,-0.0485654943475725,1.05409436724077e-33,3.23907143198804e-49,0.0471986213344017,-19.0779731781806,0.548933223672403,0,0.898696559354007,-0.266455534834799,0.00766676283356479,0.192492990022257,0.000155503959126668,14.8327972440496,0.175096180387792,0,0.671937868894601,-1.56188077162762,-0.0184374769528278,1.46378537101583e-17,0.0158465447626026
"107","Quercus_rubra",2270,0.61968,0.93828,-0.697699559435881,-0.532958056588816,0.478718116097615,0.00633875665180915,0.663617449975955,0.748045252809962,-1.90920854058107,0.10751116525316,0.0234768238311548,1.4873404152148e-08,7.94059833029295e-06,0.020864434536875,20.8940557550933,-0.549305408416688,0.0115961092222296,0,1.07804732988211e-08,0.7172643412983,-3.77155005642693,0.104043953121902,4.66970333180855e-08,0.0126425398165048,19.9741734157207,-0.55101799828233,0,0.713282682148026,1.88469829009092,0.0222566094608734,2.55077627532181e-05,0.00734958296625954,1.50989657302273,0.017830534748592,2.52240758101669e-06,0.00928399600518059
"108","Quercus_shumardii",2001,0.64163,0.94534,0.688951375971286,0.478636279870593,-0.544291569968626,-0.0162019943470253,0.760928591484151,0.648633312466392,-4.31922641769922,-0.27307715525728,-0.14456150852918,7.50959741393989e-282,1.97626258336499e-323,0.744798143344862,19.1126107439641,-0.315597976400559,0.0917149537680854,0,1.5841826644775e-262,0.710545640085153,12.3283991732279,-0.368103215506946,2.51312117758767e-274,0.46535670397516,8.55076598352371,-0.255310069811633,1.52530384934518e-280,0.472955038408133,-17.3325150918895,-0.186082932574324,6.59201416090069e-316,0.514170665091225,4.07302397215457,0.0437282322366881,9.85872938804841e-29,0.0595438177826128
"109","Quercus_sinuata",284,0.65904,0.96112,-0.685666261913451,-0.335996674421011,0.645730603310433,0.104857457810476,-0.923434206555347,-0.369153328178172,13.0253764821876,0.137281110526768,0.186027232950162,0.00661195842807123,6.47305715598797e-36,0.640993047884328,-35.763249635026,0.805326739248465,-0.113418670094346,7.84585142963692e-82,2.33118765414253e-38,0.734142523705162,-19.8070518351822,0.632919373736914,7.77244456445304e-31,0.374973736489727,-15.7456946960582,0.503141775414559,7.39933917286735e-47,0.518320218702819,19.5514822302485,0.20997585494466,1.65890408728597e-63,0.632735164365585,2.52058593353758,0.0270701822052757,0.0105042394988921,0.0195255916096363
"110","Quercus_stellata",7344,0.6886,0.94328,0.661334520943272,0.550881620690615,-0.509083579968962,-0.0358385548804034,-0.654714468356858,-0.75502620014691,2.14718510595227,-0.326509921658704,-0.0970520468413496,0,0,0.775821720797875,-17.3424212125829,0.295532260569454,-0.0792916337669978,0,0,0.498235281581161,15.8400094029866,-0.466400515444123,0,0.645792360961185,-6.15536803099337,0.181241484734365,0,0.263583696635142,-15.3869256696787,-0.167005343898097,0,0.557048508652464,-1.47186092984205,-0.0159751626826164,5.87297597461639e-24,0.0136482734782833
"111","Quercus_texana",215,0.54239,0.94516,-0.704311860038147,0.0116555683252608,0.709795006700259,-0.324515704935973,-0.894563853129588,-0.307319166216255,41.2454051591162,-0.19695003167611,0.377952516621773,7.35993196512454e-13,9.64225754259385e-52,0.660067103740866,-18.7573127375533,0.494458151928144,-0.0259209024273117,2.01801336734042e-120,0.000290187905401,0.934367837169999,-1.43369798249876,0.0432893121315363,0.271688716060046,0.00100127843052455,-15.8302760872694,0.477981953685836,1.63380543415292e-125,0.930491285475328,28.7498518141221,0.312939481628394,5.84333904230438e-41,0.568497711224763,12.6137317944227,0.137299305563978,5.48381683384755e-09,0.143889915064029
"112","Quercus_velutina",1740,0.52914,0.90876,-0.581440378061457,-0.740888547837591,-0.3361714539381,0.571083698655452,-0.0773652374345006,-0.817238049265153,-17.2946071803287,0.541392385537983,0.0247526601924656,0,3.40206333209105e-20,0.732225121952614,-10.2316190657706,0.175162062690405,-0.0453851089043763,7.39871247101866e-44,1.34579274531153e-28,0.145601823716965,-19.7572899234984,0.550119455315372,0,0.718995515002763,-5.71618017449101,0.159160590154397,5.5367304887395e-35,0.083378692825382,3.92923565906465,0.0452524619915787,2.80974218600954e-19,0.0447616543860098,-3.36485811886346,-0.0387526041558858,1.11294016980981e-19,0.0457673428959123
"113","Quercus_virginiana",3992,0.54755,0.83026,0.584346745715375,-0.478680559216452,-0.65528909879539,-0.553309914027896,-0.825711780353357,0.109764269341769,-17.0951892317166,0.244097994513017,-0.111820758198118,7.22210488971469e-312,0,0.495597074145368,-7.49664032550897,0.322705628868029,0.0270262476120395,0,5.94435045727563e-230,0.863120890776415,-5.72166270831537,0.187813279598214,3.25183859140458e-125,0.132157688946953,-10.2455373013185,0.336309226863362,0,0.822022649028778,-8.33210730162089,-0.0964611899970416,3.68444457535813e-286,0.279145988987357,4.08844406125694,0.0473321052056618,4.26726639168038e-123,0.130037096811588
"114","Robinia_pseudoacacia",1504,0.59574,0.94802,0.718459191698073,0.629988367374216,-0.294840714348817,0.0473305618829796,-0.467180447061577,-0.882894244966624,-9.68707057594955,-0.119931661874197,-0.165187851019746,6.66811342108785e-08,1.02863842875636e-102,0.297358313615744,-20.1166269170789,0.566237924441469,0.00495764431168259,3.13161932708458e-249,0.260616215767288,0.541386659950836,7.7018864164861,-0.212343910089516,1.26276496563254e-16,0.043965869243809,-20.6385070867612,0.569011415675033,1.0806377089378e-256,0.54130530761314,-14.6241504620859,-0.17209635797758,2.43617922873764e-111,0.284047517036441,3.19299644543215,0.0375750414165155,3.57623436673905e-09,0.0222869421680534
"115","Salix_caroliniana",1456,0.60295,0.88429,-0.408135973477107,0.656207056747741,0.634678915537897,-0.907672122530699,-0.217236419009937,-0.359081684629494,14.7400151530167,-0.15180761147223,0.12098411625453,2.27725348472903e-136,1.63058429143896e-146,0.814403387293082,2.34355455430341,0.144537024935336,0.0790161193325186,6.74046706844433e-69,4.16287382662362e-38,0.190137778214803,8.08532255411566,-0.270517650586149,0,0.706957995626636,-2.00270180392576,0.0670061315669917,1.0484401101545e-32,0.0923574519135559,17.4941636945654,0.207445873393988,0,0.716219327258745,-0.278688379136549,-0.00330468807907038,0.451676187117593,-0.000297856812123465
"116","Salix_nigra",6537,0.60102,0.93888,-0.71004713366596,-0.400814704896479,0.578947873570241,-0.00606368534432819,-0.818678200891673,-0.574220545700708,9.56412840169064,0.182379439081432,0.163557956416546,0,0,0.689529837290747,-21.6896405933358,0.382153813605227,-0.0982078395700696,0,0,0.743111662748007,-10.6001837121564,0.326817158486516,0,0.370332091702193,-9.58204538669158,0.295426657764057,0,0.53839471137652,19.0913226001367,0.201720414310171,0,0.595521809431542,-1.72657011658049,-0.0182430754823494,4.64953243820181e-14,0.00851399054700053
"117","Sassafras_albidum",13271,0.5422,0.92491,0.726157495350162,0.675482987773651,-0.128132841906987,0.196970260505368,-0.382947752026875,-0.902526307480292,8.18023896194293,-0.344863803643755,-0.0475095657567159,0,2.92710582461349e-193,0.47950068999387,-13.5535979034096,0.305432961519929,-0.0315936174187944,0,6.38474213379302e-104,0.378425119489755,13.3987565878839,-0.377246243098479,0,0.443872986260777,-10.0833104625292,0.283898805462626,0,0.3561265285448,-7.70825983117703,-0.0900151697693555,0,0.139704281075607,0.518250719768836,0.00605200493299395,0.00056686078565712,0.000819789968590889
"118","Sorbus_americana",561,0.77558,0.99054,-0.637783166186234,-0.614386320012353,0.464501972774219,0.244027615516167,0.410824413776127,0.878449670676127,-178.381423346122,1.43486502676023,-1.54167246023295,6.1020947098336e-08,4.43526297526262e-20,0.193424307666502,133.133618141174,-1.95194720052041,0.765860845118314,8.66613709397897e-49,7.08594131712044e-23,0.383447271019011,28.4356984453899,-0.79148876534154,8.31010636886812e-10,0.0635783278598637,30.3925108269453,-0.845955337311162,6.07789821030901e-40,0.26764570413847,-61.6385075291871,-0.749234872122594,6.17834877464117e-22,0.151374361267973,-25.6799311889502,-0.312147401546987,6.49759720698351e-14,0.0941348113021766
"119","Taxodium_distichum",10537,0.52395,0.86112,0.638713814899398,-0.29527693518115,-0.71053233157027,-0.434078931629622,-0.900734802256237,-0.0158838635005508,-14.1883768330295,0.124251046443814,-0.116584342131809,0,0,0.442322555569441,-8.61926741130158,0.309692581604925,0.0126429382853126,0,5.12029872724034e-319,0.948623627956004,-2.02512707916028,0.0644279656373622,2.70590052766692e-60,0.0250516435429098,-9.93830574162172,0.316180069588673,0,0.941002021259185,-9.22812858810146,-0.104626022274901,0,0.353468805229295,3.74402552134743,0.0424487472031296,3.81451527346294e-219,0.0903436248116066
"120","Thuja_occidentalis",172,0.4953,0.91589,0.537236863523288,0.773709926746667,0.335781925846713,-0.622874108355648,0.0955226979856619,0.776468453518684,-12.8914529215765,-0.259867802876998,-0.27667140195784,0.00793384796882002,7.66518671471704e-08,0.229052612324505,13.6166573121384,-0.694186561275386,-0.149870392657719,3.8687081223125e-16,0.000180533592008891,0.425919302508248,15.7988645935178,-0.424439418004203,3.68214195529763e-05,0.0902591991895749,29.1579424649748,-0.783333514682546,1.3832295345113e-19,0.379767692814158,-25.8285131375621,-0.316692840435297,4.23946524761422e-10,0.200849139507602,-20.942196246948,-0.256779922989612,5.95854299990195e-08,0.154173861316248
"121","Tilia_americana",610,0.58254,0.91393,-0.705715242099845,-0.380094061878585,0.597908438803631,0.00374417762817146,-0.84590173217176,-0.533325642213746,20.3513257550939,-0.334122329550356,0.0925871144394775,1.15710343957199e-16,9.87163289818608e-18,0.267607591493963,-20.931484591413,0.570889462965544,0.00295166150981128,3.6521692101501e-86,0.652586907681565,0.495290875898747,16.608524906892,-0.447563299002212,2.18599911101291e-27,0.174557892861596,-21.0508044478467,0.567272984093793,9.89328373733482e-93,0.495952596785969,10.4638932203675,0.121826725460619,1.88233322958564e-28,0.181140823794771,-4.03757912435167,-0.0470078424109381,4.96415183577053e-08,0.046194888370793
"122","Triadica_sebifera",13028,0.61608,0.90162,0.661191520487799,-0.384919590526348,-0.64394307362069,-0.214707258778189,-0.919528378511154,0.329193490428657,-28.534232997133,0.409123156738901,-0.173011222555854,0,0,0.576139529539155,-16.4883347510356,0.55677376582346,0.00764396176995821,0,2.34698465991677e-28,0.766003349241121,-6.78756476642877,0.219833347068218,5.6029444922772e-158,0.0534958226668284,-17.4491435247312,0.565136946241414,0,0.763819943530262,-13.4747127520413,-0.146601209159453,0,0.403725746645167,4.00609500744765,0.043585223886164,5.60543038313876e-229,0.0769327124899715
"123","Tsuga_canadensis",4742,0.64235,0.97078,-0.704229834234083,-0.627799710113872,0.331553712926839,0.0114529444739021,0.456889197074707,0.88944988147692,5.88098432973273,0.0663353549448629,0.0995565722377058,0.000247981278016206,8.96817754630009e-22,0.031719544701909,13.1741715584175,-0.545186361698627,-0.0777291750034275,0,5.71420261360059e-51,0.535994144308342,-4.82099035189614,0.133889559723822,2.26651708859019e-15,0.0129586159080998,21.5297792718329,-0.597929565762983,0,0.513481528822036,9.48938319008329,0.114242260347929,1.35556747373802e-32,0.0291767222454152,-16.481957482682,-0.198425549908006,3.07948803831636e-198,0.173182029254726
"124","Tsuga_caroliniana",484,0.63258,0.98099,-0.711788861271019,-0.697604515968604,0.0818813548417137,0.102526740275384,-0.218515947275069,-0.970432402754042,-258.493946893841,2.78747367622657,-1.93360173177352,9.35870429822052e-37,5.69102079750099e-38,0.295239876624197,-124.020268851438,1.88082949582787,-0.689726710845338,4.65483947392732e-36,8.06765112695585e-13,0.403537987323495,-7.42196008789554,0.206818609894935,0.0406668389575629,0.00660717419415802,-34.4614663330752,0.960295188540768,2.76225066939809e-45,0.337758766508823,-17.5429186594751,-0.214064380276166,0.00177632856228352,0.0180479350404124,38.5598497765285,0.47051978671157,4.49760564715039e-22,0.174437419798099
"125","Ulmus_alata",4433,0.53596,0.90954,0.730046951393503,0.651998886951268,-0.204765476033829,0.13860866584555,-0.434668600102471,-0.889860014742473,7.8064397183496,-0.389534678951032,-0.0610516813062007,0,9.50234152185542e-218,0.726556290696314,-12.7387870154828,0.269646990445126,-0.0405608617563254,1.97626258336499e-323,1.12972040577531e-58,0.283369110506195,15.3360216357593,-0.452113248631011,0,0.657990473406366,-7.73636407313602,0.228071710954168,1.04532985272926e-266,0.240074374862469,-10.6312339131679,-0.120042600617105,0,0.313849650207052,0.0242953856431169,0.000274331399291558,0.918681517470274,-0.000223329532408556
"126","Ulmus_americana",5386,0.56717,0.93087,-0.724920132031944,-0.245336002270541,0.643662215890213,-0.0917524023017104,-0.891707117373808,-0.443215425607864,11.1187504634062,0.134511868491782,0.165509053925767,1.11369311017055e-180,0,0.659516211133381,-19.9264711559214,0.422723968538839,-0.063875263126516,0,0,0.877181797308489,-7.59060870160018,0.230424684643401,3.21056669394436e-227,0.174848119907196,-12.7059281629726,0.385708130289666,0,0.764616959797504,16.8338336179667,0.179175870211432,0,0.603444848160854,-1.96595466980281,-0.0209252180312742,7.44455136744588e-17,0.0126529317127245
"127","Ulmus_crassifolia",9676,0.57014,0.86494,0.621980325512286,0.405336746575102,-0.669957160236043,-0.433080533608645,0.890892118224843,0.136939713356292,-60.1651625787255,-0.208075034165486,-0.685118921867674,8.31237701528289e-188,0,0.497121956393338,58.2261751834165,-0.623827382740182,0.396499263319594,0,0,0.815721565526941,13.7821848328006,-0.438221609977032,0,0.277835624445594,15.4305847577718,-0.490634524022977,0,0.673670318924401,-82.3292188329308,-0.845540420309112,0,0.450740957973015,-8.22362865499487,-0.0844585983928847,3.81979180218698e-20,0.00859587469541756
"128","Ulmus_rubra",1196,0.60207,0.93687,0.708064238664514,0.596161765580056,-0.378465564067474,0.00252090047422816,-0.538088447954901,-0.84288461086811,5.31469972434694,-0.377830463760107,-0.0879639530775388,8.77613002581022e-204,7.58738452373148e-108,0.714135717877548,-17.9144561973685,0.316491412818888,-0.0755019403200818,1.27377530225292e-155,2.388209087948e-82,0.47454565050502,16.2266363167899,-0.462619324640407,1.53728897251445e-221,0.570433789969308,-8.54843345106343,0.243714743626348,5.00198327712647e-89,0.284281580920114,-12.0989426644233,-0.134074286292218,1.54589066320598e-125,0.378144523834221,-3.32783915464118,-0.0368774092025242,1.93863923537077e-15,0.0507228800956183
"129","Ulmus_thomasii",10,0.66008,0.89206,-0.518647903387279,-0.63730197622063,-0.569956615381609,0.78722239964844,-0.0958550580543496,-0.609173785825645,-38.3528498640839,1.0752456817684,0.0159602473458034,0.0257366636222484,0.875251495770222,0.458369186523722,-16.2974215615933,0.13200227660528,-0.131476499520967,0.661359813942145,0.119870318814571,0.115838025870911,-40.5807208801429,1.09802032076827,0.0107889551972709,0.524277912806874,2.05521898521361,-0.0556094657869308,0.858626615442692,-0.120261414474538,10.198281422766,0.117422670842401,0.373853459145142,-0.0127133454688131,-10.3370536472709,-0.119020489588974,0.106991181067563,0.203253300796087
