"","species","n","full_r2","full_constrained_var","full_unconstrained_var","geo_cor","lat_r2","lat_constrained_var","lat_unconstrained_var","long_r2","long_constrained_var","long_unconstrained_var","full_anova_p_value","full_anova_lat_p_value","full_anova_long_p_value","lat_anova_p_value","long_anova_p_value"
"1","Abies_fraseri",798,0.135192932246329,0.137363087999789,0.862636912000211,0.817784722162743,0.0545599312429068,0.0557461797607952,0.944253820239205,0.0457930527979512,0.0469903011633238,0.953009698836676,0.001,0.001,0.001,0.001,0.001
"2","Acer_barbatum",249,0.648269378643583,0.651105915912586,0.348894084087415,0.483520275743766,0.500675765640256,0.502689169811061,0.497310830188941,0.328843619956556,0.331549895682538,0.668450104317463,0.001,0.001,0.001,0.001,0.001
"3","Acer_leucoderme",265,0.543067826332612,0.54652943370888,0.45347056629112,0.528655930474904,0.461337768916151,0.463378156155105,0.536621843844895,0.245851389838212,0.248708013361552,0.751291986638448,0.001,0.001,0.001,0.001,0.001
"4","Acer_negundo",13489,0.576396716275335,0.576459528150146,0.423540471849842,0.434479387123546,0.38299189649542,0.383037641461575,0.616962358538422,0.192915133221107,0.192974970473982,0.807025029526018,0.001,0.001,0.001,0.001,0.001
"5","Acer_nigrum",114,0.48704890141674,0.496127681922639,0.503872318077362,-0.197314616140007,0.295410552528438,0.301645857373319,0.698354142626681,0.214545739816357,0.221496662472849,0.778503337527151,0.001,0.001,0.001,0.001,0.001
"6","Acer_pensylvanicum",2075,0.334737161295803,0.335378687659066,0.664621312340935,0.842170487286751,0.194886949181407,0.195275142552101,0.804724857447897,0.177324540637033,0.177721201899986,0.822278798100013,0.001,0.001,0.001,0.001,0.001
"7","Acer_rubrum",10754,0.466344484597706,0.466443741645116,0.533556258354876,0.25782577167114,0.412060762791581,0.412115439555015,0.58788456044498,0.0950196388554707,0.0951037995883959,0.904896200411605,0.001,0.001,0.001,0.001,0.001
"8","Acer_saccharinum",2043,0.55585033768327,0.556285352044012,0.443714647955984,-0.0441129562158088,0.434753157153077,0.435029967556039,0.56497003244396,0.123257284974583,0.123686639879101,0.876313360120899,0.001,0.001,0.001,0.001,0.001
"9","Acer_saccharum",1529,0.311469535430931,0.312370753316493,0.687629246683508,-0.314287511896235,0.229211880726737,0.229716323213172,0.770283676786829,0.113941171709933,0.11452105314206,0.88547894685794,0.001,0.001,0.001,0.001,0.001
"10","Acer_spicatum",287,0.200847579662552,0.20643605812645,0.793563941873551,0.836122048575589,0.192018628943662,0.19484373863267,0.80515626136733,0.109901180058654,0.113013413694812,0.886986586305188,0.001,0.001,0.03,0.001,0.001
"11","Aesculus_flava",5,0.411752389550904,0.705876194775452,0.294123805224548,0.412317833136264,-0.185969073645824,0.110523194765632,0.889476805234369,0.59594130992625,0.696955982444687,0.303044017555312,0.283333333333333,0.408333333333333,0.141666666666667,0.533333333333333,0.075
"12","Aesculus_glabra",1273,0.613290312166322,0.61389834626669,0.38610165373331,0.420371339968839,0.46906942964299,0.469486827890126,0.530513172109873,0.259030645400436,0.259613168477951,0.740386831522049,0.001,0.001,0.001,0.001,0.001
"13","Ailanthus_altissima",6560,0.553338350701453,0.553474548795461,0.446525451204542,0.516131493985838,0.382361518562895,0.38245568512509,0.617544314874907,0.262030101989173,0.26214261455176,0.737857385448242,0.001,0.001,0.001,0.001,0.001
"14","Annona_glabra",831,0.345170956390866,0.346748857700767,0.653251142299233,-0.667346491644362,0.264826324365176,0.265712075781603,0.734287924218397,0.296028521382761,0.296876679790734,0.703123320209268,0.001,0.001,0.001,0.001,0.001
"15","Asimina_triloba",11160,0.50783275616344,0.507920966082579,0.492079033917426,0.0638945089186782,0.427449453682948,0.42750076209287,0.572499237907128,0.0813468347058951,0.081429158674467,0.918570841325533,0.001,0.001,0.001,0.001,0.001
"16","Betula_alleghaniensis",384,0.201169171673593,0.205340612030389,0.794659387969611,0.781413566585333,0.150445664349635,0.15266382188397,0.84733617811603,0.0811940488903372,0.0835930200420595,0.916406979957941,0.001,0.001,0.001,0.001,0.001
"17","Betula_lenta",245,0.360592500998124,0.36583354607191,0.63416645392809,0.797533405843174,0.256671742741139,0.259718170024986,0.740281829975014,0.242830231018522,0.245933385809429,0.75406661419057,0.001,0.001,0.001,0.001,0.001
"18","Betula_nigra",2468,0.560432322826224,0.560788680894464,0.439211319105539,0.459461648656975,0.501510336056525,0.501712399155002,0.498287600844998,0.187176043221521,0.187505521923093,0.812494478076908,0.001,0.001,0.001,0.001,0.001
"19","Betula_papyrifera",2,NA,0.999999999999999,0,1,NA,0.999999999999999,0,NA,1,0,NA,NA,NA,NA,NA
"20","Carpinus_caroliniana",3024,0.553364173879023,0.553659665659453,0.446340334340548,0.524542092184872,0.509437022811761,0.509599299681489,0.490400700318511,0.207878206260589,0.208140237948892,0.791859762051107,0.001,0.001,0.001,0.001,0.001
"21","Carya_alba",1636,0.495316250356367,0.495933600508837,0.504066399491164,0.202302385762303,0.430589977566647,0.43093824057731,0.56906175942269,0.0927303151531722,0.0932852201591947,0.906714779840805,0.001,0.001,0.001,0.001,0.001
"22","Carya_aquatica",453,0.550087830152333,0.552078591965818,0.44792140803418,-0.266787351499328,0.345676063388254,0.347123682717042,0.652876317282958,0.264363718934968,0.26599123283113,0.734008767168869,0.001,0.001,0.001,0.001,0.001
"23","Carya_cordiformis",968,0.508475539829536,0.509492136437955,0.490507863562044,-0.0158674447194483,0.426361197312719,0.426954412206915,0.573045587793085,0.0816713651161406,0.082621032784066,0.917378967215934,0.001,0.001,0.001,0.001,0.001
"24","Carya_glabra",1762,0.473388723900775,0.473986805986066,0.526013194013932,-0.137336684055254,0.400491170655667,0.400831607242461,0.599168392757539,0.0659166773491591,0.066447105130335,0.933552894869666,0.001,0.001,0.001,0.001,0.001
"25","Carya_illinoinensis",5990,0.720180767902674,0.720274212294759,0.279725787705235,0.480191734238936,0.393601315241667,0.393702567317934,0.606297432682067,0.431911019987017,0.432005875385249,0.567994124614753,0.001,0.001,0.001,0.001,0.001
"26","Carya_ovata",1411,0.500454997687356,0.501163572158721,0.498836427841279,-0.0723778196850363,0.425992599413282,0.426399696860507,0.573600303139493,0.0703411223989593,0.071000454936265,0.928999545063735,0.001,0.001,0.001,0.001,0.001
"27","Carya_texana",725,0.753480011185912,0.75416100563015,0.245838994369851,0.781391645771055,0.627146443079296,0.627661434180015,0.372338565819985,0.523130085821311,0.523788745923767,0.476211254076232,0.001,0.001,0.001,0.001,0.001
"28","Castanea_dentata",1530,0.265092983223251,0.266054274285091,0.733945725714909,0.676124469836195,0.208418809112477,0.208936520813515,0.791063479186484,0.182354638383132,0.182889396631409,0.81711060336859,0.001,0.001,0.001,0.001,0.001
"29","Celtis_laevigata",11048,0.694925670123119,0.694980902191531,0.305019097808469,0.105575145459591,0.324861174246153,0.324922289374763,0.675077710625236,0.372956436150107,0.373013197584329,0.626986802415668,0.001,0.001,0.001,0.001,0.001
"30","Celtis_occidentalis",1549,0.572668842492407,0.573220949931047,0.426779050068955,-0.0684772503764614,0.315084718303911,0.315527170036273,0.684472829963727,0.276462277740582,0.276929679369948,0.723070320630053,0.001,0.001,0.001,0.001,0.001
"31","Cercis_canadensis",20763,0.649769700582281,0.649803438208657,0.350196561791337,0.510621278319355,0.474146792122788,0.474172119798729,0.525827880201273,0.360604043967868,0.360634840420813,0.639365159579185,0.001,0.001,0.001,0.001,0.001
"32","Chamaecyparis_thyoides",378,0.60183692350605,0.603949194468883,0.396050805531116,0.860601340150525,0.527763525132337,0.529016141776548,0.470983858223451,0.446227935092372,0.447696826511225,0.552303173488774,0.001,0.001,0.001,0.001,0.001
"33","Cornus_florida",10997,0.464462110837809,0.464559516783455,0.535440483216543,0.275674634777322,0.409060104535598,0.409113845886586,0.590886154113408,0.0955245815038961,0.0956068364528317,0.904393163547169,0.001,0.001,0.001,0.001,0.001
"34","Diospyros_virginiana",14664,0.580843242763713,0.580900414796344,0.419099585203654,0.144893581664382,0.406848791393582,0.406889243634502,0.593110756365491,0.182343238104057,0.182399001369548,0.817600998630452,0.001,0.001,0.001,0.001,0.001
"35","Fagus_grandifolia",11098,0.399426945635074,0.399535186250442,0.600464813749558,0.552003722816856,0.365575181338134,0.365632352178781,0.634367647821224,0.138740255126585,0.138817867070793,0.861182132929204,0.001,0.001,0.001,0.001,0.001
"36","Fraxinus_albicans",53,0.491727961447421,0.511276886007136,0.488723113992864,0.394530136878919,0.279338967852211,0.293197833855053,0.706802166144948,0.185273457539256,0.200941275663501,0.799058724336499,0.001,0.001,0.001,0.001,0.001
"37","Fraxinus_americana",1434,0.493151309259613,0.4938587045014,0.506141295498601,0.234380508714778,0.419736044257554,0.420140973745162,0.579859026254839,0.107261966518681,0.107884951887475,0.892115048112525,0.001,0.001,0.001,0.001,0.001
"38","Fraxinus_caroliniana",558,0.571661561515832,0.573199581043603,0.426800418956397,0.0628180496638239,0.349740443398892,0.350907875277889,0.649092124722112,0.220020417955757,0.221420740365172,0.778579259634828,0.001,0.001,0.001,0.001,0.001
"39","Fraxinus_pennsylvanica",2090,0.665676004651861,0.665996085068661,0.334003914931342,0.372139032748678,0.447298077443222,0.447562654715868,0.552437345284135,0.298653986438765,0.298989719331805,0.701010280668192,0.001,0.001,0.001,0.001,0.001
"40","Fraxinus_profunda",139,0.665972861990833,0.670813835005459,0.329186164994543,-0.0114471340459356,0.563583823957621,0.566746260015899,0.433253739984103,0.0971704922396395,0.103712735049497,0.896287264950503,0.001,0.001,0.001,0.001,0.001
"41","Fraxinus_quadrangulata",425,0.659146261961229,0.660754062612355,0.339245937387646,-0.0244552487448816,0.446285614760316,0.447591544914183,0.552408455085817,0.21600383198731,0.217852879553378,0.782147120446623,0.001,0.001,0.001,0.001,0.001
"42","Gleditsia_aquatica",397,0.593465136174588,0.595518342557544,0.404481657442456,-0.423240178180372,0.38120171437833,0.382764336311718,0.61723566368828,0.283987882852479,0.285795994259417,0.714204005740583,0.001,0.001,0.001,0.001,0.001
"43","Gleditsia_triacanthos",6613,0.793012941335234,0.793075550850862,0.206924449149133,0.584590656374055,0.540559718267816,0.540629204093849,0.459370795906147,0.505588094563573,0.505662869503899,0.494337130496099,0.001,0.001,0.001,0.001,0.001
"44","Gordonia_lasianthus",1304,0.42218836863349,0.423075262925687,0.576924737074313,0.440098341873164,0.300516999225357,0.301053824245138,0.698946175754863,0.125350365772048,0.126021624125255,0.873978375874746,0.001,0.001,0.001,0.001,0.001
"45","Gymnocladus_dioicus",828,0.720570575734391,0.721246342177596,0.2787536578224,0.333291308655572,0.429133224872504,0.429823511178583,0.570176488821418,0.339591442199632,0.340390001519826,0.659609998480174,0.001,0.001,0.001,0.001,0.001
"46","Ilex_opaca",10932,0.46393861403989,0.464036694981425,0.535963305018579,0.630370542807401,0.435591519483917,0.43564315323019,0.56435684676981,0.191071310590362,0.191145313763851,0.808854686236148,0.001,0.001,0.001,0.001,0.001
"47","Juglans_cinerea",265,0.472086314988635,0.476085661087206,0.523914338912794,-0.284710224537368,0.269258644731103,0.272026604410151,0.727973395589848,0.212071548816287,0.215056126282892,0.784943873717108,0.001,0.001,0.001,0.001,0.001
"48","Juglans_nigra",4730,0.53901502734255,0.539209988210664,0.460790011789336,0.399294985420518,0.399836266422077,0.399963177763497,0.600036822236504,0.225825612751857,0.225989320594371,0.774010679405626,0.001,0.001,0.001,0.001,0.001
"49","Juniperus_virginiana",14352,0.660508522147589,0.660555834735959,0.339444165264022,0.460524630562054,0.466294190193185,0.466331379644081,0.533668620355912,0.326729895236404,0.326776809744435,0.673223190255572,0.001,0.001,0.001,0.001,0.001
"50","Liquidambar_styraciflua",24058,0.561115844869395,0.56115233189231,0.438847668107695,0.403360702677235,0.47508308339936,0.475104903115726,0.524895096884277,0.189065269657579,0.189098978546066,0.810901021453933,0.001,0.001,0.001,0.001,0.001
"51","Liriodendron_tulipifera",17185,0.382449981697732,0.382521856699862,0.617478143300133,0.335151465650586,0.344899701840645,0.344937824530249,0.655062175469757,0.07122261652474,0.071276665487931,0.928723334512068,0.001,0.001,0.001,0.001,0.001
"52","Maclura_pomifera",5661,0.617484564821062,0.617619729285789,0.382380270714208,0.408463783833176,0.35168891258946,0.351803455184409,0.64819654481559,0.313602008685696,0.31372328041561,0.686276719584388,0.001,0.001,0.001,0.001,0.001
"53","Magnolia_acuminata",937,0.421205899107379,0.422442638639201,0.577557361360798,0.462795093469502,0.356064247635119,0.356752213182518,0.643247786817482,0.21914071120325,0.219974962580169,0.780025037419831,0.001,0.001,0.001,0.001,0.001
"54","Magnolia_fraseri",1741,0.221605210931844,0.222499917585945,0.777500082414052,0.688399332923226,0.220244283384561,0.22069241885388,0.779307581146121,0.0878545894517738,0.0883788109520888,0.911621189047912,0.001,0.001,0.018,0.001,0.001
"55","Magnolia_grandiflora",5434,0.482397047434514,0.482587587818304,0.517412412181695,0.040950705319327,0.264887408746525,0.265022713843387,0.734977286156614,0.212754710426721,0.212899611087419,0.78710038891258,0.001,0.001,0.001,0.001,0.001
"56","Magnolia_macrophylla",1729,0.650779733274262,0.651183923397787,0.348816076602212,0.706742504787962,0.598429118356266,0.598661508912773,0.401338491087225,0.435825238919754,0.436151728943527,0.563848271056472,0.001,0.001,0.001,0.001,0.001
"57","Magnolia_virginiana",2997,0.580462181230104,0.580742246529684,0.419257753470316,0.34514112270235,0.424074898204028,0.424267129546416,0.575732870453584,0.224920614101153,0.225179318836099,0.774820681163901,0.001,0.001,0.001,0.001,0.001
"58","Morus_rubra",4303,0.625182183436861,0.625356436257206,0.374643563742796,0.247522356497409,0.403615931563869,0.40375456105444,0.596245438945561,0.26097258636129,0.261144373300769,0.738855626699231,0.001,0.001,0.001,0.001,0.001
"59","Nyssa_aquatica",696,0.659210638739547,0.660191327548929,0.339808672451072,0.381343116582056,0.537590284148404,0.538255621869053,0.461744378130946,0.205034873256031,0.206178707970771,0.793821292029229,0.001,0.001,0.001,0.001,0.001
"60","Nyssa_biflora",721,0.488243179512076,0.489664726235654,0.510335273764346,0.0410746742533398,0.33202282850746,0.332950574578977,0.667049425421022,0.156017617872233,0.157189815625188,0.842810184374812,0.001,0.001,0.001,0.001,0.001
"61","Nyssa_ogeche",261,0.660713277092352,0.663323174960872,0.336676825039129,0.62051514733935,0.559109047687884,0.560804782119854,0.439195217880147,0.409319542170344,0.411591390085073,0.588408609914928,0.001,0.001,0.001,0.001,0.001
"62","Nyssa_sylvatica",3031,0.467840798609654,0.468192058808591,0.531807941191409,0.454655801711723,0.430671242232169,0.430859139511961,0.569140860488038,0.139479343679048,0.139763343895656,0.860236656104343,0.001,0.001,0.001,0.001,0.001
"63","Ostrya_virginiana",2150,0.553424053457513,0.553839666250944,0.446160333749058,0.138871029315371,0.488455857703677,0.488693895927175,0.511306104072826,0.0895691427161254,0.0899927959768438,0.910007204023157,0.001,0.001,0.001,0.001,0.001
"64","Oxydendrum_arboreum",4535,0.388536045114029,0.388805768958266,0.611194231041736,0.614826791561821,0.315537906897094,0.31568886898203,0.684311131017972,0.117479822962963,0.11767446790717,0.882325532092829,0.001,0.001,0.001,0.001,0.001
"65","Paulownia_tomentosa",3900,0.322047777336181,0.32239553431113,0.67760446568887,0.483147643504249,0.297988601621714,0.298168650710808,0.701831349289189,0.0802428106313389,0.0804787062941674,0.919521293705832,0.001,0.001,0.001,0.001,0.001
"66","Persea_borbonia",603,0.439061354769213,0.440924938308186,0.559075061691815,-0.00482089416875314,0.217019201275899,0.218319833831919,0.78168016616808,0.222319253240976,0.223611081723964,0.776388918276035,0.001,0.001,0.001,0.001,0.001
"67","Picea_rubens",647,0.162533738980254,0.165126513782173,0.834873486217827,0.877926871945249,0.135084729704535,0.136423607831927,0.863576392168074,0.0925772483157727,0.0939819274979464,0.906018072502054,0.001,0.001,0.001,0.001,0.001
"68","Pinus_clausa",798,0.478580348721685,0.479888804559271,0.520111195440728,-0.524960958608176,0.250806024291056,0.251746041826449,0.74825395817355,0.314027519076884,0.31488821227754,0.685111787722459,0.001,0.001,0.001,0.001,0.001
"69","Pinus_echinata",2185,0.530803578966675,0.531233246018904,0.468766753981098,0.30667119814407,0.4553572695553,0.455606648094881,0.544393351905121,0.135777600758668,0.136173306985427,0.863826693014573,0.001,0.001,0.001,0.001,0.001
"70","Pinus_elliottii",1320,0.489812313212179,0.490585910917695,0.509414089082303,-0.552466170892403,0.301874916606689,0.302404200218056,0.697595799781943,0.24892366274743,0.249493091357932,0.750506908642067,0.001,0.001,0.001,0.001,0.001
"71","Pinus_glabra",482,0.547435810079686,0.549317573863138,0.450682426136862,0.168057895696755,0.282319274923911,0.283811334643404,0.716188665356595,0.251905590067663,0.253460879901203,0.746539120098798,0.001,0.001,0.001,0.001,0.001
"72","Pinus_palustris",4737,0.564559893718049,0.564743778898067,0.435256221101928,0.229770866895791,0.338416995047459,0.338556687404924,0.661443312595077,0.245558900602279,0.245718199820901,0.754281800179099,0.001,0.001,0.001,0.001,0.001
"73","Pinus_pungens",486,0.307070652832284,0.309928093439162,0.690071906560838,0.882945561281067,0.204537403965272,0.206177533029261,0.793822466970738,0.136782530740585,0.13856236057411,0.86143763942589,0.001,0.001,0.001,0.001,0.001
"74","Pinus_rigida",306,0.231961800268522,0.236998116332335,0.763001883667663,0.652207722232624,0.232502079679621,0.235018466303622,0.764981533696375,0.117735178163501,0.120627849710506,0.879372150289493,0.001,0.001,0.429,0.001,0.001
"75","Pinus_serotina",339,0.497314113554884,0.500288586255742,0.499711413744258,0.698897006956842,0.385386493177181,0.387204876333461,0.612795123666539,0.247918787723028,0.250143880067043,0.749856119932957,0.001,0.001,0.001,0.001,0.001
"76","Pinus_strobus",2825,0.186375876058536,0.186952097109486,0.813047902890515,0.478274257667553,0.174207216953084,0.174499636493823,0.825500363506176,0.0703021136115174,0.0706313267440912,0.929368673255908,0.001,0.001,0.001,0.001,0.001
"77","Pinus_taeda",4928,0.552230073048513,0.55241183473999,0.447588165260014,0.822163211311493,0.473919214618152,0.474025989691296,0.525974010308709,0.389718300002023,0.3898421647676,0.6101578352324,0.001,0.001,0.001,0.001,0.001
"78","Pinus_virginiana",2250,0.365986749830698,0.366550567749923,0.633449432250076,0.521689724338608,0.312711500995256,0.313017098371425,0.686982901628576,0.120969715285203,0.12136056912456,0.87863943087544,0.001,0.001,0.001,0.001,0.001
"79","Planera_aquatica",417,0.542073150747073,0.544274722137712,0.455725277862286,-0.0979801977831716,0.397231966302129,0.398680927921595,0.601319072078404,0.141051537384028,0.143116317342239,0.856883682657761,0.001,0.001,0.001,0.001,0.001
"80","Platanus_occidentalis",13439,0.57960503561994,0.579667603705128,0.420332396294877,0.618553683396002,0.468211396112965,0.468250969606333,0.531749030393666,0.320798735192319,0.320849278522041,0.679150721477958,0.001,0.001,0.001,0.001,0.001
"81","Populus_deltoides",5366,0.709399073366787,0.709507405492279,0.290492594507718,0.422627884813538,0.467204804452887,0.467304113902197,0.5326958860978,0.348429299638755,0.34855074804516,0.65144925195484,0.001,0.001,0.001,0.001,0.001
"82","Populus_grandidentata",128,0.282252593569685,0.293555702332367,0.706444297667632,0.518283603045265,0.254879695831349,0.260746784840551,0.739253215159449,0.144341605436923,0.151079073110648,0.848920926889351,0.001,0.001,0.003,0.001,0.001
"83","Populus_heterophylla",257,0.60975093472876,0.612799755551191,0.387200244448809,-0.0785695250121311,0.443839580785708,0.446012082423264,0.553987917576736,0.163981028551045,0.167246727658268,0.832753272341732,0.001,0.001,0.001,0.001,0.001
"84","Populus_tremuloides",3221,0.340904547655389,0.341313923712746,0.658686076287255,-0.357580397798698,0.207146349027288,0.207392576869205,0.792607423130795,0.0987989299032332,0.099078806011959,0.900921193988039,0.001,0.001,0.001,0.001,0.001
"85","Prunus_americana",454,0.461152381639337,0.463531399821945,0.536468600178055,-0.397701184510974,0.340312747799237,0.341769011049128,0.658230988950872,0.271029683719548,0.272638889715752,0.727361110284248,0.001,0.001,0.001,0.001,0.001
"86","Prunus_pensylvanica",109,0.428180089297969,0.438769346903562,0.561230653096437,-0.233687870425635,0.310665968322388,0.317048690837921,0.682951309162078,0.15795957143217,0.165756242067057,0.834243757932943,0.001,0.001,0.001,0.001,0.001
"87","Prunus_serotina",6898,0.439685361613675,0.439847842297563,0.560152157702445,0.260000083950806,0.326643478889132,0.32674110923872,0.673258890761288,0.0841327922575817,0.084265584371217,0.915734415628782,0.001,0.001,0.001,0.001,0.001
"88","Prunus_virginiana",366,0.35861230621488,0.36212675933151,0.637873240668489,0.262188421896729,0.0656109620165329,0.0681709319836109,0.931829068016389,0.274686932996123,0.276674092083805,0.723325907916196,0.001,0.001,0.001,0.001,0.001
"89","Quercus_alba",6707,0.454499164527129,0.454661854904544,0.545338145095454,0.390396726906909,0.417862571187947,0.417949379632446,0.582050620367552,0.102577027133275,0.102710851018283,0.897289148981718,0.001,0.001,0.001,0.001,0.001
"90","Quercus_bicolor",258,0.48367198253456,0.487690099401995,0.512309900598005,-0.184667515430307,0.377186192009792,0.379609592040882,0.620390407959119,0.143533570904743,0.146866125103557,0.853133874896443,0.001,0.001,0.001,0.001,0.001
"91","Quercus_coccinea",641,0.263728813611344,0.266029661068808,0.73397033893119,0.15901455061428,0.23899010540964,0.240179183369937,0.759820816630061,0.0273956475494256,0.0289153418501297,0.971084658149871,0.001,0.001,0.001,0.001,0.001
"92","Quercus_falcata",3627,0.563456763912096,0.563697548929243,0.436302451070755,0.58518056824638,0.491466471324927,0.491606717747618,0.508393282252382,0.25646331652542,0.256668373525827,0.743331626474174,0.001,0.001,0.001,0.001,0.001
"93","Quercus_ilicifolia",75,0.596030492859151,0.606948587646742,0.393051412353259,0.721052555167896,0.371196268488727,0.379693616211853,0.620306383788148,0.0161158260338587,0.0294115581144823,0.970588441885518,0.001,0.001,0.001,0.001,0.104
"94","Quercus_imbricaria",785,0.57491857770138,0.576002969084794,0.423997030915207,-0.328434043109973,0.428734895346071,0.429463549816293,0.570536450183706,0.242318541625635,0.243284972057235,0.756715027942765,0.001,0.001,0.001,0.001,0.001
"95","Quercus_incana",680,0.530154488552753,0.531538422312538,0.46846157768746,-0.0427587283550244,0.297530585143385,0.298565149819167,0.701434850180832,0.239491366954385,0.240611409123818,0.759388590876182,0.001,0.001,0.001,0.001,0.001
"96","Quercus_laevis",1772,0.452986369802415,0.453604115291063,0.546395884708939,0.207010414318485,0.303961503586787,0.304354523629934,0.695645476370068,0.144497441913078,0.144980503775352,0.855019496224647,0.001,0.001,0.001,0.001,0.001
"97","Quercus_laurifolia",807,0.490289599595418,0.491554389670864,0.508445610329136,-0.099611434009388,0.313329846789377,0.314181794870283,0.685818205129718,0.193545637234913,0.194546200960428,0.805453799039572,0.001,0.001,0.001,0.001,0.001
"98","Quercus_lyrata",934,0.586754489686358,0.587640332152196,0.412359667847808,0.277202243493474,0.484292636134297,0.484845377145943,0.51515462285406,0.156933463956116,0.157837072247695,0.842162927752305,0.001,0.001,0.001,0.001,0.001
"99","Quercus_macrocarpa",5002,0.736232949397663,0.736338435120759,0.263661564879243,0.63474002284905,0.577005590028306,0.577090171993907,0.422909828006094,0.480953014188464,0.481056802827899,0.518943197172103,0.001,0.001,0.001,0.001,0.001
"100","Quercus_margaretta",86,0.567527264587698,0.577703093656223,0.422296906343776,0.0433383676068933,0.294646223351555,0.302944503076831,0.697055496923168,0.259693108304677,0.268402601148151,0.731597398851849,0.001,0.001,0.001,0.001,0.001
"101","Quercus_marilandica",5487,0.705288339094108,0.705395780457909,0.294604219542091,0.447468529309357,0.480952079011512,0.481046692194339,0.518953307805656,0.386198510969661,0.386310396038751,0.613689603961251,0.001,0.001,0.001,0.001,0.001
"102","Quercus_michauxii",2030,0.594126059859056,0.594526132742389,0.40547386725761,0.453459373027814,0.489015406755947,0.489267247363756,0.510732752636241,0.244705988976279,0.245078238365645,0.754921761634356,0.001,0.001,0.001,0.001,0.001
"103","Quercus_minima",500,0.462839927934059,0.464992874114684,0.535007125885314,-0.334343071322322,0.299617505585571,0.301021077718666,0.698978922281335,0.255353269916692,0.256845547932891,0.743154452067109,0.001,0.001,0.001,0.001,0.001
"104","Quercus_muehlenbergii",3550,0.620344718890706,0.620558669457688,0.379441330542314,0.580796961496492,0.4813038324434,0.481449985209688,0.518550014790312,0.338177231604288,0.338363713083125,0.661636286916874,0.001,0.001,0.001,0.001,0.001
"105","Quercus_nigra",8709,0.551821233729364,0.55192416867798,0.448075831322027,0.456826479568627,0.379727510666761,0.379798740856166,0.62020125914384,0.234916629382214,0.235004489208881,0.764995510791123,0.001,0.001,0.001,0.001,0.001
"106","Quercus_pagoda",759,0.672803573731036,0.673666888839925,0.326333111160076,0.412146232623307,0.565053506746989,0.565627314785581,0.434372685214418,0.242645273735983,0.243644422451371,0.756355577548629,0.001,0.001,0.001,0.001,0.001
"107","Quercus_palustris",614,0.592308550490888,0.593638702039042,0.406361297960958,0.174648245359129,0.447282836144964,0.448184495466098,0.551815504533902,0.130243802633739,0.131662654505462,0.868337345494538,0.001,0.001,0.001,0.001,0.001
"108","Quercus_phellos",4495,0.639112224559261,0.639272833271073,0.360727166728922,0.759050155425469,0.562540341771632,0.562637684819747,0.437362315180253,0.431587535617786,0.431714018142126,0.568285981857872,0.001,0.001,0.001,0.001,0.001
"109","Quercus_rubra",2270,0.276807517313893,0.277444972124546,0.722555027875454,-0.0409413179872983,0.239290804053136,0.239626065928829,0.760373934071171,0.0395438106604115,0.039967105587401,0.960032894412599,0.001,0.001,0.001,0.001,0.001
"110","Quercus_shumardii",2001,0.703843641010091,0.704139797369081,0.295860202630917,0.316146560408768,0.443905295857628,0.444183343209699,0.555816656790296,0.353506672470999,0.353829919134763,0.646170080865234,0.001,0.001,0.001,0.001,0.001
"111","Quercus_sinuata",284,0.649454004088737,0.6519313609503,0.3480686390497,0.68175608486473,0.403870700892064,0.405977164846509,0.594022835153492,0.424415525979764,0.426449393379128,0.573550606620871,0.001,0.001,0.001,0.001,0.001
"112","Quercus_stellata",7344,0.680268692515274,0.680355777169362,0.319644222830631,0.555709485837836,0.51412653347737,0.514192701728292,0.485807298271701,0.393639504315829,0.393722080986902,0.606277919013101,0.001,0.001,0.001,0.001,0.001
"113","Quercus_texana",215,0.73639703359419,0.738860612719478,0.26113938728052,0.458063448747764,0.377463167337977,0.380372217957893,0.619627782042106,0.367156865847651,0.370114076754905,0.629885923245095,0.001,0.001,0.001,0.001,0.001
"114","Quercus_velutina",1740,0.492629355072964,0.49321287507863,0.506787124921369,0.115542575432225,0.418637841154141,0.418972149468601,0.581027850531398,0.0800270386470777,0.0805560627766654,0.919443937223334,0.001,0.001,0.001,0.001,0.001
"115","Quercus_virginiana",3992,0.558902324569265,0.559123370760911,0.440876629239086,0.17796779380838,0.3055834618306,0.305757457455298,0.694242542544704,0.233104231602607,0.233296387896367,0.766703612103634,0.001,0.001,0.001,0.001,0.001
"116","Robinia_pseudoacacia",1504,0.394893967977133,0.395699165624535,0.604300834375465,0.179515060641029,0.228933635689234,0.229446653895695,0.770553346104307,0.187179453558695,0.187720252325456,0.812279747674545,0.001,0.001,0.001,0.001,0.001
"117","Salix_caroliniana",1456,0.575921523645231,0.576504449385925,0.423495550614068,-0.747557840671263,0.473285474189332,0.473647477299854,0.526352522700139,0.433353256548313,0.433742704481957,0.566257295518042,0.001,0.001,0.001,0.001,0.001
"118","Salix_nigra",6537,0.673034076738554,0.673134127510666,0.326865872489338,0.429867592085139,0.40733742828409,0.407428104932149,0.592571895067854,0.362298348201805,0.362395915773989,0.637604084226011,0.001,0.001,0.001,0.001,0.001
"119","Sassafras_albidum",13271,0.439791907393156,0.439876339660316,0.56012366033969,0.289843482842694,0.382779070655111,0.382825583159206,0.617174416840799,0.0960287436328988,0.0960968650538761,0.903903134946125,0.001,0.001,0.001,0.001,0.001
"120","Sorbus_americana",561,0.234370750702437,0.2371051408785,0.762894859121501,0.893054660472901,0.108785237422918,0.110376692356091,0.889623307643908,0.13921503985992,0.140752155860171,0.85924784413983,0.001,0.001,0.001,0.001,0.001
"121","Taxodium_distichum",10537,0.588712256176635,0.588790329020944,0.411209670979058,0.222228282335925,0.330687900386012,0.330751426591366,0.669248573408636,0.249251576206827,0.249322831751986,0.750677168248012,0.001,0.001,0.001,0.001,0.001
"122","Thuja_occidentalis",172,0.313885250709429,0.32190998461926,0.67809001538074,0.302667256509082,0.225891402304394,0.230418353168111,0.769581646831889,0.167262379645588,0.172132190290935,0.827867809709065,0.001,0.001,0.001,0.001,0.001
"123","Tilia_americana",610,0.355588521309259,0.357704815163744,0.642295184836256,-0.327448296288892,0.273788261807147,0.27498072771551,0.72501927228449,0.15562130608093,0.157007806399352,0.84299219360065,0.001,0.001,0.001,0.001,0.001
"124","Triadica_sebifera",13028,0.597371121835884,0.597432936356213,0.402567063643791,0.265756416891226,0.257376286226748,0.257433292729686,0.742566707270317,0.292666207216058,0.292720504736038,0.707279495263963,0.001,0.001,0.001,0.001,0.001
"125","Tsuga_canadensis",4742,0.208078981107476,0.208413054517682,0.791586945482316,0.387584005813642,0.186537130870114,0.186708711310766,0.813291288689236,0.0756328224898651,0.0758277955287831,0.924172204471216,0.001,0.001,0.001,0.001,0.001
"126","Tsuga_caroliniana",484,0.333091053872333,0.33585258159957,0.66414741840043,0.907364714432422,0.126965862652795,0.128773386746681,0.871226613253319,0.0779028715825439,0.0798119753680872,0.920188024631913,0.001,0.001,0.001,0.001,0.001
"127","Ulmus_alata",4433,0.544748372284721,0.544953810744882,0.45504618925512,0.393988477180796,0.44777206685939,0.44789666702481,0.552103332975193,0.194952149602889,0.195133793973466,0.804866206026534,0.001,0.001,0.001,0.001,0.001
"128","Ulmus_americana",5386,0.703383217638566,0.703493381717438,0.296506618282566,0.242650292293225,0.378235803336948,0.378351265583311,0.621648734416691,0.354254553774962,0.354374469363862,0.645625530636136,0.001,0.001,0.001,0.001,0.001
"129","Ulmus_crassifolia",9676,0.568912605514018,0.569001719187297,0.430998280812701,0.508909519546774,0.357923848864495,0.357990213324561,0.642009786675442,0.298029478114424,0.298102033207125,0.701897966792875,0.001,0.001,0.001,0.001,0.001
"130","Ulmus_rubra",1196,0.612880104335491,0.613528003742461,0.386471996257541,0.342979115381051,0.443277515843075,0.443743392398855,0.556256607601146,0.256124105879464,0.256746596167431,0.743253403832569,0.001,0.001,0.001,0.001,0.001
"131","Ulmus_thomasii",10,0.381650171817895,0.519061244747252,0.480938755252748,0.366948151489389,0.316827658035724,0.392735696031755,0.607264303968245,0.0607589045591335,0.165119026274785,0.834880973725215,0.011,0.005,0.196,0.013,0.209
