"X","species","decimalLongitude","decimalLatitude","high_temp_C","low_temp_C","moisture_mm","northness","eastness","windward_exposure","mTPI","slope","aspect","macro_bio1_mean_annual_temp_C","macro_bio12_total_annual_precip_mm","macro_bio5_max_temp_warm_month_C","macro_bi06_min_temp_cold_month_C"
1135784,"Quercus sinuata",-97.1311,28.5443,33.9600219726562,9.48715877532959,982.536254882812,-0.00254698493517935,-0.000307946611428633,0.00214685476385057,0.228542372584343,0.00256553664803505,3.2619149684906,21.5666599273682,982.370361328125,33.9500007629395,9.46666049957275
1135783,"Quercus sinuata",-94.92,29.705278,32.8519897460938,8.23255634307861,1450.15979003906,-0.0110812541097403,-0.0286309290677309,-0.012774046510458,-0.547116279602051,0.0307053830474615,4.34310674667358,20.6499996185303,1456.224609375,32.8499984741211,8.2344388961792
1135507,"Quercus sinuata",-95.771733,29.158947,33.2578125,9.06729507446289,1320.74658203125,-0.039475541561842,0.0734038576483727,0.100194849073887,-1.45229125022888,0.0834421291947365,2.064213514328,20.9500007629395,1312.81604003906,33.1500015258789,8.75
1135517,"Quercus sinuata",-95.781669,29.184581,33.1408081054688,8.60276508331299,1316.31188964844,0.0135906189680099,-0.00640712678432465,-0.0166605208069086,0.972458600997925,0.015025750733912,5.84264755249023,20.9500007629395,1314.67407226562,33.1500015258789,8.64999961853027
1135561,"Quercus sinuata",-95.781172,29.184919,33.1554679870605,8.61819553375244,1314.23522949219,0.00237129721790552,-0.0219766553491354,-0.0222010277211666,1.04588150978088,0.0221060179173946,4.81987380981445,20.9500007629395,1314.71166992188,33.1500015258789,8.64999961853027
1135565,"Quercus sinuata",-95.780267,29.185231,33.1674995422363,8.66279315948486,1317.39892578125,0.00201686378568411,-0.00121972081251442,-0.00272122933529317,0.982900202274323,0.0023570042103529,5.73927211761475,20.9500007629395,1314.77880859375,33.1500015258789,8.64999961853027
1135574,"Quercus sinuata",-95.76738,29.15336,32.9893569946289,8.53012180328369,1329.04272460938,0.114766880869865,0.121831245720387,0.023363908752799,-0.485721200704575,0.168166190385818,0.815247416496277,20.9500007629395,1312.19921875,33.1500015258789,8.75
1135589,"Quercus sinuata",-95.886036,29.309203,33.4588813781738,8.39255619049072,1282.1142578125,-0.0315965674817562,-0.0520918183028698,-0.021503584459424,0.398700803518295,0.0609631240367889,4.16716337203979,20.8500003814697,1287.93908691406,33.4122276306152,8.35000038146973
1135591,"Quercus sinuata",-95.969136,29.332986,33.6104393005371,8.4580602645874,1282.32885742188,-0.0117158740758896,0.0146673955023289,0.021170737221837,1.59268510341644,0.0187732689082623,2.24478673934937,20.8500003814697,1276.36254882812,33.5499992370605,8.35000038146973
1135607,"Quercus sinuata",-95.76617,29.15257,33.1423797607422,8.6818962097168,1319.44348144531,0.0269281845539808,0.00140578916762024,-0.0200970433652401,2.51710367202759,0.0269681233912706,0.0521577745676041,20.9500007629395,1312.18176269531,33.1500015258789,8.75
1135618,"Quercus sinuata",-95.7782,29.185641,33.2587738037109,8.94051837921143,1338.18969726562,-0.00335796014405787,0.113387003540993,0.107533194124699,1.77922761440277,0.11368141323328,1.60040271282196,20.9500007629395,1314.85278320312,33.1500015258789,8.6528148651123
1135625,"Quercus sinuata",-95.863494,29.260122,33.3530540466309,8.48027038574219,1293.71130371094,0.000113616188173182,-0.00125720456708223,-0.00120447645895183,-0.188647985458374,0.0012623283546418,4.8025164604187,20.8739967346191,1294.5126953125,33.3499984741211,8.47399616241455
1135646,"Quercus sinuata",-95.88667,29.310336,33.4572677612305,8.35468578338623,1272.46789550781,-0.0464624613523483,-0.0923513919115067,-0.0452782213687897,-1.11469721794128,0.103565596044064,4.24626016616821,20.8500003814697,1287.77014160156,33.4255599975586,8.35000038146973
1135656,"Quercus sinuata",-95.79395,29.184906,33.1555976867676,8.65701484680176,1312.86328125,0.000383125501684844,-0.00159833498764783,-0.00177851342596114,0.0257598422467709,0.0016436125151813,4.94765281677246,20.9500007629395,1313.11962890625,33.1500015258789,8.64999961853027
1135660,"Quercus sinuata",-95.77061,29.16301,33.0973892211914,8.73449325561523,1329.22314453125,0.0588002800941467,0.10512712597847,0.0517452098429203,-0.184559136629105,0.120747275650501,1.06082165241241,20.9500007629395,1313.57788085938,33.1500015258789,8.75
1135664,"Quercus sinuata",-95.780808,29.185314,32.8672332763672,7.89948511123657,1289.18090820312,0.0986407101154327,-0.166628584265709,-0.232011795043945,0.568522691726685,0.19486740231514,5.2468900680542,20.9500007629395,1314.73352050781,33.1500015258789,8.64999961853027
1135684,"Quercus sinuata",-95.863217,29.259847,33.3585052490234,8.49243545532227,1293.86059570312,-0.00223342305980623,-0.00267304643057287,-0.00066846760455519,-0.0841464847326279,0.003483303822577,4.01635313034058,20.8779964447021,1294.55871582031,33.3499984741211,8.47799587249756
1135686,"Quercus sinuata",-95.969347,29.332156,33.8197937011719,9.12675380706787,1301.19958496094,-0.0756438300013542,0.234545797109604,0.256340205669403,-0.831729292869568,0.249007433652878,1.88277626037598,20.8500003814697,1276.48315429688,33.5499992370605,8.35000038146973
1135703,"Quercus sinuata",-95.77043,29.153032,33.1383934020996,8.72946071624756,1315.08911132812,0.0163503810763359,0.0152466697618365,0.00134592258837074,0.355715543031693,0.0223579779267311,0.750481486320496,20.9500007629395,1311.85607910156,33.1500015258789,8.75
1135706,"Quercus sinuata",-95.761393,29.146342,33.178539276123,8.79530906677246,1308.28479003906,-0.0180456843227148,-0.0185368582606316,-0.00313447695225477,-0.24955153465271,0.0258729830384254,3.94041633605957,20.9500007629395,1311.87561035156,33.1500015258789,8.75
1135745,"Quercus sinuata",-95.767416,29.152241,33.1524391174316,8.73213386535645,1314.09106445312,0.00839753914624453,-0.00239978497847915,-0.00893821660429239,0.897507548332214,0.00873381737619638,6.00483179092407,20.9500007629395,1312.01135253906,33.1500015258789,8.75
1135750,"Quercus sinuata",-95.7901,29.1882,33.158317565918,8.66429996490479,1313.98571777344,0.000165964884217829,0.00117847905494273,0.000956473872065544,0.0665124207735062,0.00119010836351663,1.43088674545288,20.9500007629395,1313.68395996094,33.1500015258789,8.64999961853027
1135755,"Quercus sinuata",-95.898535,29.311663,33.467155456543,8.38959312438965,1286.39770507812,-0.00370802311226726,0.000802282302174717,0.00347520015202463,0.176672175526619,0.00379383191466331,2.92851328849792,20.8500003814697,1285.91223144531,33.4500007629395,8.35888385772705
1135757,"Quercus sinuata",-95.780764,29.185428,32.8095016479492,7.74218559265137,1273.47631835938,0.0939372777938843,-0.241960391402245,-0.297956615686417,-0.877531945705414,0.262561857700348,5.0827112197876,20.9500007629395,1314.73168945312,33.1500015258789,8.64999961853027
1135766,"Quercus sinuata",-95.901923,29.291937,33.3980674743652,8.33106708526611,1286.15209960938,0.0276594199240208,-0.00827551539987326,-0.028059097006917,0.0538908094167709,0.0288748908787966,5.99246883392334,20.8631610870361,1286.9814453125,33.4500007629395,8.44999980926514
1135768,"Quercus sinuata",-95.886847,29.311197,33.457950592041,8.378662109375,1288.14782714844,-0.00601446582004428,-0.00702844187617302,-0.00158187106717378,0.513195991516113,0.00925068836659193,4.00457620620728,20.8500003814697,1287.71496582031,33.4355621337891,8.35000038146973
1135781,"Quercus sinuata",-95.792121,29.138519,33.1624221801758,8.76938533782959,1306.57580566406,-0.00141455500852317,-0.000257699895882979,0.000880394713021815,0.184665516018867,0.00143783737439662,3.32179379463196,20.9500007629395,1306.14270019531,33.1500015258789,8.75
1135785,"Quercus sinuata",-95.79193,29.13902,33.1602478027344,8.76485919952393,1306.68383789062,-0.000327621906762943,-0.000225736919674091,4.69635633635335e-05,0.184645235538483,0.000397860887460411,3.74490904808044,20.9500007629395,1306.25708007812,33.1500015258789,8.75
1135792,"Quercus sinuata",-95.770012,29.149302,33.1631622314453,8.76125812530518,1311.05236816406,-0.00246673496440053,-0.00713438307866454,-0.0047620520927012,0.354281783103943,0.00754885980859399,4.37950277328491,20.9500007629395,1311.208984375,33.1500015258789,8.75
1135509,"Quercus sinuata",-95.940036,29.341697,33.5553359985352,8.35243225097656,1281.26135253906,2.2005724531482e-05,-0.0051992260850966,-0.00444815587252378,0.100562505424023,0.00519929593428969,4.71662139892578,20.8500003814697,1281.69677734375,33.5499992370605,8.35000038146973
1135573,"Quercus sinuata",-95.963772,29.335008,33.8933639526367,9.0499439239502,1278.6962890625,-0.161313593387604,0.00685945944860578,0.124701865017414,1.05481505393982,0.162169247865677,3.09909582138062,20.8500003814697,1277.1611328125,33.5499992370605,8.35000038146973
1135590,"Quercus sinuata",-95.929358,29.648563,33.4537773132324,6.83985996246338,1214.09606933594,0.191700890660286,-0.14019188284874,-0.243061900138855,-0.921490252017975,0.239784345030785,5.65175676345825,20.75,1219.92687988281,33.884449005127,7.84999990463257
1135654,"Quercus sinuata",-95.963136,29.335217,33.676326751709,8.64080238342285,1284.85595703125,-0.0412710383534431,0.0507348291575909,0.0737503468990326,0.767888903617859,0.0654479488730431,2.25369429588318,20.8500003814697,1277.27844238281,33.5499992370605,8.35000038146973
1135659,"Quercus sinuata",-95.964614,29.334967,33.9470748901367,9.16592693328857,1272.25207519531,-0.20271871984005,-0.0129774808883667,0.138244360685349,-0.143458768725395,0.204557284712791,3.20552253723145,20.8500003814697,1276.99157714844,33.5499992370605,8.35000038146973
1135672,"Quercus sinuata",-95.94866,29.337138,33.5718574523926,8.3722677230835,1282.35314941406,-0.00168597104493529,-0.0040573813021183,-0.00222086301073432,0.968051075935364,0.00439374148845673,4.31856536865234,20.8500003814697,1280.22619628906,33.5499992370605,8.35000038146973
1135680,"Quercus sinuata",-95.939969,29.344633,33.5489082336426,8.34145927429199,1280.52697753906,0.00153719773516059,-0.00642276601865888,-0.00660095829516649,-0.090834341943264,0.00660420581698418,4.94730567932129,20.8500003814697,1281.62927246094,33.5499992370605,8.35000038146973
1135758,"Quercus sinuata",-95.967028,29.334367,34.0164604187012,9.43647289276123,1285.48840332031,-0.20708155632019,0.118868239223957,0.254101306200027,-0.836577951908112,0.241101861000061,2.62049770355225,20.8500003814697,1276.55810546875,33.5499992370605,8.35000038146973
1135763,"Quercus sinuata",-95.942658,29.333956,33.5701026916504,8.38854026794434,1282.02514648438,-0.00476415175944567,0.00263434136286378,0.0057732705026865,0.174167692661285,0.0054440051317215,2.63648676872253,20.8500003814697,1281.36254882812,33.5499992370605,8.35000038146973
1135769,"Quercus sinuata",-95.932023,29.368864,33.6496162414551,8.54544639587402,1281.26586914062,-0.0392684116959572,0.0230268090963364,0.0482109077274799,0.215720102190971,0.0455376207828522,2.6112368106842,20.8500003814697,1278.6064453125,33.5499992370605,8.3249397277832
1135566,"Quercus sinuata",-95.019373,29.665784,32.8522300720215,8.15579128265381,1539.26159667969,0.00419529573991895,0.006626071408391,0.00173444929532707,-0.0446851588785648,0.00784261338412762,1.0063579082489,20.6166515350342,1538.33923339844,32.8499984741211,8.14999961853027
1135516,"Quercus sinuata",-96.877145,29.888888,34.7062110900879,7.00698661804199,1046.47375488281,0.035106498748064,-0.0708311572670937,-0.0776279419660568,17.3405113220215,0.0791364684700966,5.17253971099854,20.4855670928955,1014.63842773438,34.7033538818359,7.06778383255005
1135583,"Quercus sinuata",-96.874047,29.891617,34.4870719909668,6.61017417907715,1021.16613769531,0.220119848847389,0.181906297802925,-0.0488347560167313,0.581209301948547,0.289587289094925,0.690630495548248,20.5522346496582,1011.56903076172,34.803352355957,7.10111713409424
1135594,"Quercus sinuata",-96.874245,29.887813,34.6793212890625,7.20898151397705,1029.26538085938,0.0320343300700188,0.133869662880898,0.0681999921798706,6.05264043807983,0.138087570667267,1.33591818809509,20.4611225128174,1017.25433349609,34.6666870117188,7.05556154251099
1135614,"Quercus sinuata",-96.876167,29.8883,34.4051856994629,6.43191385269165,1033.35485839844,0.176882356405258,-0.0462984964251518,-0.173694998025894,6.15624523162842,0.183875635266304,6.02718114852905,20.4722347259521,1015.8330078125,34.6833534240723,7.06111717224121
1135632,"Quercus sinuata",-96.875947,29.888322,34.4267349243164,6.53217840194702,1034.29138183594,0.174224585294724,0.0112030180171132,-0.131303384900093,6.64699935913086,0.175483673810959,0.0642137601971626,20.4722347259521,1015.90161132812,34.6833534240723,7.06111717224121
1135639,"Quercus sinuata",-96.874175,29.887612,34.6623115539551,7.14988946914673,1028.56701660156,0.0312281269580126,0.0971788540482521,0.0431504622101784,5.55221223831177,0.102251224219799,1.25987207889557,20.4566783905029,1017.53460693359,34.6600189208984,7.05333948135376
1135641,"Quercus sinuata",-96.874183,29.888088,34.6779022216797,7.22672128677368,1030.517578125,0.0464636646211147,0.173882767558098,0.084684245288372,6.64532327651978,0.180969759821892,1.30968427658081,20.4677906036377,1016.833984375,34.676685333252,7.05889463424683
1135650,"Quercus sinuata",-96.875075,29.888978,34.4895477294922,6.55149173736572,1027.20300292969,0.132506400346756,-0.0632700473070145,-0.150136455893517,4.0023717880249,0.147369652986526,5.83770990371704,20.4877891540527,1015.27172851562,34.7066841125488,7.06889486312866
1135667,"Quercus sinuata",-96.873353,29.88777,34.4144821166992,6.50538682937622,1023.74371337891,0.147284790873528,-0.0264182277023792,-0.136096239089966,0.299161821603775,0.150199443101883,6.10570430755615,20.4589004516602,1017.71002197266,34.6633529663086,7.05445051193237
1135669,"Quercus sinuata",-96.874328,29.891675,34.323486328125,6.1227707862854,1027.61315917969,0.302505135536194,0.037681233137846,-0.215498372912407,2.61613273620605,0.309773534536362,0.123925633728504,20.5544567108154,1011.33941650391,34.8066864013672,7.10222816467285
1135679,"Quercus sinuata",-96.87697,29.888808,34.761833190918,7.1841607093811,1045.41247558594,0.0113936178386211,-0.00769895734265447,-0.0144911510869861,17.1862716674805,0.0137513773515821,5.68893766403198,20.4855670928955,1014.70556640625,34.7033538818359,7.06778383255005
1135705,"Quercus sinuata",-96.873413,29.887603,34.3885688781738,6.44029712677002,1026.40441894531,0.160982176661491,-0.0437138415873051,-0.159146592020988,1.4428094625473,0.167595222592354,6.0180344581604,20.4566783905029,1017.85125732422,34.6600189208984,7.05333948135376
1135714,"Quercus sinuata",-96.874458,29.891397,34.283634185791,5.89632320404053,1038.09143066406,0.308769643306732,-0.131561830639839,-0.338774144649506,8.27447891235352,0.342273473739624,5.88039684295654,20.5477886199951,1011.69915771484,34.7966842651367,7.09889459609985
1135735,"Quercus sinuata",-96.873505,29.887472,34.4845581054688,6.61256074905396,1026.80297851562,0.0975269451737404,-0.0866266414523125,-0.138554722070694,2.97740936279297,0.130816966295242,5.55690956115723,20.4522342681885,1018.09826660156,34.6533508300781,7.05111694335938
1135751,"Quercus sinuata",-96.874305,29.888283,34.6296844482422,7.0885796546936,1032.82971191406,0.0770977735519409,0.147563546895981,0.0417721271514893,7.4806170463562,0.167269363999367,1.08933341503143,20.4722347259521,1016.51940917969,34.6833534240723,7.06111717224121
1135753,"Quercus sinuata",-96.874205,29.888492,34.6057243347168,7.01053476333618,1030.66528320312,0.0892067402601242,0.130845129489899,0.0203798450529575,6.15541458129883,0.159030750393867,0.972407937049866,20.4766788482666,1016.27349853516,34.6900177001953,7.06333923339844
1135756,"Quercus sinuata",-96.875497,29.888675,34.4941520690918,6.71592473983765,1025.54150390625,0.142184928059578,0.0801213830709457,-0.0574737973511219,2.57326674461365,0.163938701152802,0.513149738311768,20.4811229705811,1015.51965332031,34.6966857910156,7.06556129455566
1135737,"Quercus sinuata",-96.632675,29.954302,34.1532325744629,6.35924863815308,1080.1064453125,0.235418945550919,0.0552710890769958,-0.150432631373405,-1.74135291576385,0.24424122273922,0.230601161718369,20.5499992370605,1075.05004882812,34.5499992370605,7.15000009536743
1135513,"Quercus sinuata",-97.583031,29.587594,35.3558311462402,7.30436706542969,900.771118164062,0.000301966909319162,0.0269094090908766,0.0245834663510323,0.435345262289047,0.0269143525511026,1.55957520008087,20.8500003814697,900.074829101562,35.3466606140137,7.25
1135572,"Quercus sinuata",-97.581828,29.583807,35.4386672973633,7.46109008789062,895.257202148438,-0.083128958940506,-0.0312251728028059,0.0340681746602058,-1.42211425304413,0.0889170989394188,3.50090956687927,20.8500003814697,901.685974121094,35.3077812194824,7.25
1135582,"Quercus sinuata",-97.582324,29.586295,35.3667259216309,7.34072303771973,900.183776855469,-0.013189741410315,0.0239404253661633,0.0320995599031448,0.220952272415161,0.0273367781192064,2.07436108589172,20.8500003814697,900.458190917969,35.336669921875,7.25
1135584,"Quercus sinuata",-97.581489,29.583081,35.2630500793457,7.14085531234741,901.489135742188,0.022230539470911,-0.0254957694560289,-0.0404463820159435,-0.851903438568115,0.0338329412043095,5.42947769165039,20.8500003814697,901.964538574219,35.2988929748535,7.25
1135628,"Quercus sinuata",-97.583467,29.589072,35.3385543823242,7.27912378311157,900.684631347656,-0.00150300411041826,0.00478045595809817,0.00554181169718504,1.02554166316986,0.00501118646934628,1.87541675567627,20.8500003814697,899.469299316406,35.3299942016602,7.25
1135630,"Quercus sinuata",-97.581722,29.587575,35.3669662475586,7.3319206237793,897.742980957031,-0.00514208059757948,0.0391920879483223,0.0400341711938381,-0.771409749984741,0.0395382754504681,1.70125317573547,20.8500003814697,898.854858398438,35.347770690918,7.25
1135647,"Quercus sinuata",-97.583656,29.584477,35.4068603515625,7.39985513687134,899.124694824219,-0.0569178499281406,-0.0220252797007561,0.022740988060832,-0.55080771446228,0.0610687173902988,3.51081275939941,20.8500003814697,903.013854980469,35.315559387207,7.25
1135649,"Quercus sinuata",-97.581928,29.588486,35.3414306640625,7.28487682342529,899.304138183594,0.00204920908436179,0.0172253642231226,0.0143139958381653,0.648548603057861,0.0173476971685886,1.45238816738129,20.8500003814697,898.328186035156,35.3366584777832,7.25
1135690,"Quercus sinuata",-97.583033,29.587856,35.3504180908203,7.2817211151123,900.464782714844,0.000897754332982004,0.0142376786097884,0.0124451238662004,0.375970840454102,0.0142664387822151,1.50782489776611,20.8500003814697,899.9326171875,35.3444366455078,7.25
1135700,"Quercus sinuata",-97.584442,29.588978,35.3497352600098,7.30261135101318,901.873046875,-0.00752455368638039,0.00585072673857212,0.0110943662002683,1.37282371520996,0.00953166652470827,2.48069047927856,20.8500003814697,900.462646484375,35.3311042785645,7.25
1135727,"Quercus sinuata",-97.584339,29.589797,35.170108795166,6.90009784698486,906.089477539062,0.0930708646774292,-0.0486170202493668,-0.115327589213848,1.73256146907806,0.105197735130787,5.80180549621582,20.8500003814697,899.730407714844,35.3211059570312,7.25
1135731,"Quercus sinuata",-97.584076,29.589604,35.343692779541,7.297034740448,902.252624511719,-0.00959863886237144,-0.00649090856313705,0.00130541215185076,2.37447738647461,0.0115875694900751,3.73618841171265,20.8500003814697,899.688171386719,35.3233261108398,7.25
1135773,"Quercus sinuata",-97.583383,29.587022,35.3538475036621,7.27652740478516,901.758728027344,-0.00141824223101139,0.00466183759272099,0.00537646654993296,0.737385153770447,0.00487281521782279,1.86612367630005,20.8500003814697,900.926208496094,35.3455581665039,7.25
1135749,"Quercus sinuata",-98.482553,29.861072,33.8942756652832,6.40422534942627,902.269348144531,-0.0805841609835625,0.133690357208252,0.175970479846001,-8.27655696868896,0.156740054488182,2.1132481098175,19.4500007629395,917.069763183594,33.7404975891113,6.0076584815979
1135539,"Quercus sinuata",-85.265018,30.845105,32.2950210571289,6.09538507461548,1431.39074707031,0.0204537399113178,0.0432081893086433,0.00295074423775077,4.86285018920898,0.0478230714797974,1.12867343425751,19.3500003814697,1414.54699707031,32.2211151123047,6.05000019073486
1135580,"Quercus sinuata",-91.187638,30.515846,32.2624626159668,6.52980804443359,1625.49365234375,-0.00175339716952294,0.00545197725296021,0.00271916319616139,-0.0990547314286232,0.00572702474892139,1.8819568157196,19.5077743530273,1625.56506347656,32.25,6.50777387619019
1135510,"Quercus sinuata",-94.83384,30.320104,33.5843734741211,7.27839756011963,1572.06958007812,-0.00145302794408053,0.134348690509796,0.080996572971344,-0.215900495648384,0.134764090180397,1.58161127567291,19.8955593109131,1553.8037109375,33.4919319152832,7.05000019073486
1135698,"Quercus sinuata",-94.833536,30.319602,33.3223190307617,6.84816741943359,1556.39587402344,0.0885857492685318,0.113822810351849,0.00310012465342879,-2.49126243591309,0.144737496972084,0.909441769123077,19.8988933563232,1555.05322265625,33.4920806884766,7.05000019073486
1135767,"Quercus sinuata",-94.834291,30.320558,33.4019432067871,6.8590931892395,1569.00378417969,0.0936857759952545,0.0940968990325928,-0.0123521070927382,2.28976106643677,0.133176043629646,0.787587523460388,19.8900051116943,1552.16552734375,33.4893417358398,7.05000019073486
1135522,"Quercus sinuata",-97.674981,30.314369,35.0041313171387,6.2213659286499,871.183227539062,-0.0320264250040054,-0.0319169424474239,0.0173559430986643,-6.40777063369751,0.0452302768826485,3.92527866363525,20.1499996185303,879.087646484375,34.9533615112305,6.18945693969727
1135608,"Quercus sinuata",-97.73365,30.28725,34.9504508972168,6.21808385848999,825.852233886719,0.00600285502150655,-0.000290367432171479,-0.00600187899544835,-3.20170140266418,0.00600990979000926,6.23485136032104,20.150577545166,829.416381835938,34.9500007629395,6.25
1135631,"Quercus sinuata",-97.733769,30.286322,34.9762268066406,6.13755083084106,832.984069824219,-0.0285085998475552,-0.183981254696846,-0.0521465688943863,-2.83338689804077,0.18726958334446,4.5586576461792,20.15651512146,829.412780761719,34.9500007629395,6.25
1135635,"Quercus sinuata",-97.737383,30.260042,35.1417846679688,6.28670024871826,843.262268066406,0.0100078610703349,0.0256095062941313,0.00162253098096699,0.763284683227539,0.0274989940226078,1.19825744628906,20.3475894927979,843.269897460938,35.1500015258789,6.27777194976807
1135648,"Quercus sinuata",-97.751031,30.280875,35.0287284851074,6.28274917602539,831.585571289062,-0.015891894698143,0.015263544395566,0.0222184024751186,-6.12062215805054,0.0220364853739738,2.3763599395752,20.1975231170654,839.968078613281,34.9888801574707,6.25
1135699,"Quercus sinuata",-97.737119,30.263042,35.0600395202637,6.009605884552,841.814086914062,0.0503562502563,-0.0740451514720917,-0.081602655351162,-1.9636492729187,0.0896658226847649,5.3096170425415,20.3360652923584,839.486328125,35.1416969299316,6.25
1135717,"Quercus sinuata",-97.674033,30.313967,34.9884567260742,6.19624376296997,873.07470703125,-0.00822596531361341,-0.00895446632057428,0.00412471359595656,-4.22418642044067,0.0121596157550812,3.96936845779419,20.1499996185303,878.479675292969,34.9716339111328,6.20136976242065
1135718,"Quercus sinuata",-97.750244,30.280847,35.1239738464355,6.40350008010864,832.974914550781,-0.0950631722807884,-0.104605585336685,0.0477263480424881,-6.49646425247192,0.14182323217392,3.97474575042725,20.1897468566895,839.17138671875,34.9788780212402,6.25
1135724,"Quercus sinuata",-97.733686,30.288083,34.9766044616699,6.27493095397949,827.442810058594,-0.020500659942627,-0.0302550792694092,0.00692491373047233,-2.34746956825256,0.036554642021656,4.11685943603516,20.1499996185303,829.618347167969,34.941104888916,6.25
1135733,"Quercus sinuata",-97.732992,30.288714,34.9776878356934,6.2873067855835,827.651245117188,-0.0268941968679428,-0.0373269245028496,0.010118086822331,-2.37053728103638,0.0460227355360985,4.08803415298462,20.1499996185303,829.757507324219,34.9333267211914,6.25
1135746,"Quercus sinuata",-97.673978,30.313708,35.0700416564941,6.35487651824951,870.942626953125,-0.0588046461343765,-0.0133702401071787,0.051437895745039,-4.75001907348633,0.0603420846164227,3.365159034729,20.1499996185303,878.280456542969,34.9740791320801,6.2037034034729
1135514,"Quercus sinuata",-97.761306,30.508318,33.8382606506348,4.83336353302002,923.008361816406,0.282470107078552,-0.00739873480051756,-0.29984986782074,-4.38710260391235,0.286469101905823,6.25699853897095,19.7011165618896,924.915222167969,34.3011169433594,5.84999990463257
1135559,"Quercus sinuata",-97.702575,30.619347,34.413143157959,5.7599720954895,942.105346679688,-0.00522992201149464,-0.063730001449585,-0.0181811954826117,5.99694538116455,0.0639878883957863,4.63050889968872,19.7333393096924,930.470397949219,34.4025993347168,5.75
1135570,"Quercus sinuata",-97.718736,30.515047,34.348705291748,5.83355188369751,919.27685546875,0.0102273812517524,0.00873331073671579,-0.00730497250333428,0.102541103959084,0.0134491985663772,0.706762313842773,19.75,919.512878417969,34.3585929870605,5.84999990463257
1135655,"Quercus sinuata",-97.760247,30.508481,34.1167488098145,5.41997385025024,914.822937011719,0.112076595425606,0.0113294012844563,-0.113526344299316,-7.53742837905884,0.112887375056744,0.100744016468525,19.7033386230469,924.613037109375,34.303337097168,5.84999990463257
1135674,"Quercus sinuata",-97.784769,30.428881,33.9321632385254,5.11041164398193,946.335083007812,0.203038319945335,-0.0775545611977577,-0.241312488913536,-1.76145696640015,0.219094604253769,5.9183177947998,19.7147884368896,942.824035644531,34.2811012268066,5.91555166244507
1135676,"Quercus sinuata",-97.678633,30.392875,34.6404495239258,5.91960096359253,907.72607421875,0.0540478751063347,0.0562750995159149,-0.0309846773743629,-1.94836640357971,0.0781054049730301,0.805583655834198,19.9525947570801,911.8798828125,34.7140769958496,6.05000019073486
1135677,"Quercus sinuata",-97.680695,30.386605,34.6689910888672,6.20010232925415,911.170532226562,-0.0134754441678524,0.0775024443864822,0.0452991425991058,1.46745121479034,0.078746572136879,1.74294650554657,19.9259357452393,912.960266113281,34.6259346008301,6.05000019073486
1135696,"Quercus sinuata",-97.681366,30.399084,34.8890190124512,6.54930591583252,894.327697753906,-0.100474625825882,0.180695861577988,0.174255073070526,-6.00379514694214,0.208253458142281,2.07826709747314,19.9500007629395,912.9052734375,34.6944923400879,6.05000019073486
1135771,"Quercus sinuata",-97.678887,30.389395,34.6825866699219,6.10695648193359,905.807006835938,0.00852794107049704,0.0853425413370132,0.0265032965689898,-1.87704026699066,0.0858730599284172,1.47120094299316,19.9542007446289,912.130249023438,34.6772918701172,6.05000019073486
1135709,"Quercus sinuata",-97.763842,30.680325,34.2314910888672,5.31091737747192,914.718688964844,-0.0167192984372377,-0.231041014194489,-0.0652980878949165,-10.3184757232666,0.23376852273941,4.64015007019043,19.5621929168701,918.431030273438,34.2599449157715,5.56219339370728
1135609,"Quercus sinuata",-99.23013,30.15408,32.4120483398438,4.89320087432861,767.543884277344,-0.0139206303283572,-0.00496357074007392,0.0189227480441332,-16.1435317993164,0.0147796105593443,3.48410153388977,18.3498878479004,782.846435546875,32.3497734069824,4.94988822937012
1135527,"Quercus sinuata",-82.823665,31.812939,33.2842140197754,5.35679721832275,1162.24462890625,0.00587805546820164,0.0325150676071644,-0.00722845457494259,0.0210649911314249,0.0330481268465519,1.39194846153259,19.0800666809082,1166.36779785156,33.2800674438477,5.34999990463257
1135532,"Quercus sinuata",-82.979671,31.794433,33.1959266662598,5.29868793487549,1145.16357421875,-0.0177515000104904,-0.023512851446867,0.00454259151592851,0.180393144488335,0.0294655933976173,4.06571435928345,19.0499992370605,1144.68505859375,33.1648597717285,5.25
1135537,"Quercus sinuata",-82.978944,31.794119,33.1782417297363,5.26636934280396,1145.23327636719,-0.00102405960205942,0.000280853826552629,-9.29621019167826e-05,0.339859694242477,0.0010618744418025,2.87391877174377,19.0499992370605,1144.86645507812,33.1680450439453,5.25
1135546,"Quercus sinuata",-85.019193,31.325173,32.3459815979004,5.40500688552856,1366.56335449219,0.0112596871331334,-0.0173685271292925,0.00156251550652087,-1.36605393886566,0.0207004230469465,5.28755474090576,19.0499992370605,1365.71411132812,32.3868064880371,5.44999980926514
1135666,"Quercus sinuata",-85.019317,31.324975,32.3539276123047,5.41054391860962,1366.86511230469,0.0122015718370676,-0.010234834626317,0.00166593445464969,-1.06897389888763,0.0159264449030161,5.58522176742554,19.0499992370605,1365.68994140625,32.389102935791,5.44999980926514
1135511,"Quercus sinuata",-97.471162,31.299905,34.2924766540527,4.21195697784424,900.474975585938,0.354074209928513,0.309770852327347,-0.295843422412872,-1.47462117671967,0.489804685115814,0.718759477138519,19.6011142730713,915.679443359375,34.8011131286621,5.15000009536743
1135518,"Quercus sinuata",-97.484658,31.201437,34.4543952941895,4.62319231033325,922.007141113281,0.242125183343887,0.105037063360214,-0.229635775089264,12.3920602798462,0.267091184854507,0.40931162238121,19.7078342437744,907.233154296875,34.8078346252441,5.25
1135552,"Quercus sinuata",-97.469575,31.101703,34.5806045532227,4.46237897872925,907.136108398438,0.172859162092209,-0.323292762041092,-0.289092391729355,-11.3179521560669,0.375356286764145,5.20339632034302,19.8268585205078,902.712707519531,34.9222297668457,5.44999980926514
1135562,"Quercus sinuata",-97.47072,31.297853,34.1568374633789,3.54330968856812,940.6376953125,0.316673338413239,-0.500816404819489,-0.490743368864059,-5.62685060501099,0.634203612804413,5.27623081207275,19.57470703125,916.374450683594,34.7730751037598,5.15000009536743
1135564,"Quercus sinuata",-97.469308,31.101664,34.1663513183594,3.61011362075806,923.430236816406,0.430849015712738,-0.35113450884819,-0.573373675346375,-3.6762170791626,0.589338719844818,5.59937524795532,19.8268947601318,902.633483886719,34.9211158752441,5.44999980926514
1135571,"Quercus sinuata",-97.471825,31.248763,34.6184349060059,4.97335195541382,908.580932617188,0.118200615048409,0.146430000662804,-0.0843870341777802,-0.668484628200531,0.189312547445297,0.891670942306519,19.643669128418,916.257080078125,34.7766761779785,5.24000406265259
1135592,"Quercus sinuata",-97.492247,31.202803,34.6734008789062,4.91219902038574,896.208190917969,0.102351784706116,0.080523818731308,-0.0862290859222412,-8.77335739135742,0.130601420998573,0.666600525379181,19.7355613708496,911.499450683594,34.8275375366211,5.25
1135615,"Quercus sinuata",-97.484213,31.201655,34.204776763916,4.07830047607422,906.419799804688,0.402932077646255,0.189890250563622,-0.377507835626602,3.07887053489685,0.461660355329514,0.440401494503021,19.7092418670654,906.920654296875,34.8092422485352,5.25
1135624,"Quercus sinuata",-97.472687,31.249505,34.9351577758789,5.67239332199097,904.47119140625,-0.0720297619700432,0.198698788881302,0.137478724122047,-0.625745892524719,0.212957590818405,1.91856980323792,19.6385097503662,917.335876464844,34.7744522094727,5.22889280319214
1135629,"Quercus sinuata",-97.491263,31.201447,34.8015327453613,5.18765306472778,898.394104003906,-0.000889554794412106,-0.00103302556090057,0.000647160806693137,-9.24526786804199,0.00136325007770211,4.00147676467896,19.7188949584961,911.284423828125,34.8054161071777,5.25
1135633,"Quercus sinuata",-97.526345,31.017583,34.7624015808105,5.38100814819336,909.158142089844,0.0373520106077194,-0.0199639275670052,-0.0465559735894203,-3.53362536430359,0.0423651337623596,5.79233503341675,19.8500003814697,912.661315917969,34.8256568908691,5.55000019073486
1135634,"Quercus sinuata",-97.458962,31.224428,34.1734352111816,3.8367440700531,931.117980957031,0.362643986940384,-0.256504714488983,-0.469374895095825,7.60091876983643,0.460270702838898,5.66756439208984,19.6746921539307,900.776672363281,34.7944488525391,5.25
1135636,"Quercus sinuata",-97.476937,31.299497,34.4007225036621,4.14321756362915,919.995239257812,0.253896474838257,-0.0827204808592796,-0.300928860902786,-6.1890606880188,0.270311892032623,5.96822643280029,19.6342716217041,921.480224609375,34.8342704772949,5.15000009536743
1135638,"Quercus sinuata",-97.471808,31.300058,33.9646339416504,3.33867430686951,927.616333007812,0.519822120666504,-0.0366166569292545,-0.577202379703522,2.21730089187622,0.548151195049286,6.21286058425903,19.6070022583008,916.209838867188,34.8070030212402,5.15000009536743
1135644,"Quercus sinuata",-97.47107,31.298313,34.9472389221191,5.71196508407593,892.80810546875,-0.0483907125890255,0.409183025360107,0.171750292181969,-0.123165428638458,0.424685776233673,1.68851137161255,19.5818786621094,916.422241210938,34.7818794250488,5.15000009536743
1135645,"Quercus sinuata",-97.466958,31.29887,34.6766395568848,4.79753065109253,906.660888671875,0.0190563350915909,-0.20388175547123,-0.0800953730940819,-12.9755201339722,0.206229120492935,4.80558586120605,19.5697288513184,913.225891113281,34.758056640625,5.15000009536743
1135651,"Quercus sinuata",-97.467537,31.299763,34.5373764038086,4.85065984725952,892.105407714844,0.203190088272095,0.419275850057602,-0.099360279738903,-0.145956307649612,0.484670430421829,1.11952698230743,19.5787906646729,913.179504394531,34.7778816223145,5.15000009536743
1135652,"Quercus sinuata",-97.49195,31.196345,34.737377166748,5.37670516967773,907.874267578125,0.00103380018845201,0.120472297072411,0.0357757285237312,0.708481848239899,0.12077010422945,1.56221532821655,19.6577835083008,913.591064453125,34.7096290588379,5.25
1135657,"Quercus sinuata",-97.467942,31.300508,34.7076225280762,5.18109083175659,883.922119140625,0.10866904258728,0.454446464776993,0.0137423006817698,-3.81839752197266,0.486187487840652,1.33607983589172,19.5865936279297,913.080383300781,34.7923011779785,5.15000009536743
1135658,"Quercus sinuata",-97.476975,31.299363,34.3198089599609,3.97905302047729,922.438293457031,0.305812627077103,-0.07674490660429,-0.355819314718246,-4.73914384841919,0.320767819881439,6.03730916976929,19.6345672607422,921.625915527344,34.8345642089844,5.15000009536743
1135662,"Quercus sinuata",-97.579413,31.145553,34.3842544555664,4.94315910339355,926.183410644531,0.111485853791237,0.176412239670753,-0.0671697109937668,-10.6093111038208,0.210232466459274,1.00720620155334,19.5499992370605,951.079895019531,34.5499992370605,5.25
1135663,"Quercus sinuata",-97.477097,31.299313,34.1523475646973,3.62617373466492,928.835632324219,0.409814029932022,-0.0909807980060577,-0.473385751247406,-1.7425092458725,0.433215767145157,6.0647234916687,19.6348876953125,921.771850585938,34.834888458252,5.15000009536743
1135665,"Quercus sinuata",-97.471092,31.297962,35.0353698730469,5.98525714874268,875.844116210938,-0.0847404897212982,0.603630185127258,0.267951220273972,-4.67684459686279,0.655491948127747,1.71026968955994,19.5774841308594,916.6181640625,34.7774848937988,5.15000009536743
1135668,"Quercus sinuata",-97.4748,31.198833,34.3802642822266,4.49223661422729,912.998474121094,0.189747631549835,-0.123012870550156,-0.242532655596733,-0.271053910255432,0.228106454014778,5.7080078125,19.6049938201904,903.903137207031,34.7049942016602,5.25
1135670,"Quercus sinuata",-97.469925,31.323037,34.6349792480469,4.84215021133423,915.237548828125,0.0381847470998764,-0.138035029172897,-0.0813103392720222,-2.48703980445862,0.143713399767876,4.98227071762085,19.522216796875,910.558471679688,34.7222175598145,5.11338710784912
1135673,"Quercus sinuata",-97.472337,31.248995,34.5914039611816,4.83821201324463,915.081481933594,0.115069128572941,0.0097576268017292,-0.121863409876823,-1.76198124885559,0.115740329027176,0.084595575928688,19.6400032043457,916.800048828125,34.7733421325684,5.23333740234375
1135675,"Quercus sinuata",-97.472678,31.24943,34.842155456543,5.43078327178955,905.266479492188,-0.0239413883537054,0.137553557753563,0.0670617297291756,-2.7981116771698,0.140079185366631,1.74312138557434,19.6388912200928,917.215637207031,34.7744522094727,5.23000383377075
1135681,"Quercus sinuata",-97.460463,31.104614,35.5882682800293,6.70314264297485,891.489990234375,-0.442625880241394,-0.209404245018959,0.40391594171524,-8.1280460357666,0.511700809001923,3.5834858417511,19.8433284759521,899.052185058594,34.9194717407227,5.44999980926514
1135682,"Quercus sinuata",-97.472275,31.249072,34.6149978637695,4.9093074798584,913.169555664062,0.106206603348255,0.0484648942947388,-0.100683137774467,-1.47567284107208,0.117008782923222,0.428102612495422,19.6406688690186,916.737426757812,34.7744522094727,5.23444843292236
1135683,"Quercus sinuata",-97.470925,31.298008,34.8781509399414,5.43993330001831,883.432800292969,-0.0345784202218056,0.2761250436306,0.118010193109512,-12.4277820587158,0.282004684209824,1.6953752040863,19.5774726867676,916.410705566406,34.7769775390625,5.15000009536743
1135688,"Quercus sinuata",-97.484588,31.201325,34.6027526855469,4.92614841461182,922.456665039062,0.14481720328331,0.071500800549984,-0.134687542915344,12.4021682739258,0.162217110395432,0.458620190620422,19.7059688568115,907.218627929688,34.8059692382812,5.25
1135689,"Quercus sinuata",-97.469528,31.101772,34.6187744140625,4.60101938247681,902.0615234375,0.161636844277382,-0.223597139120102,-0.244844421744347,-10.9711971282959,0.279528439044952,5.3383150100708,19.8280811309814,902.648498535156,34.92333984375,5.44999980926514
1135691,"Quercus sinuata",-97.466478,31.112364,34.7289657592773,4.97044610977173,889.686645507812,0.0474112890660763,-0.207622393965721,-0.117497287690639,-16.2690410614014,0.214610502123833,4.93689298629761,19.7499942779541,899.983276367188,34.8499908447266,5.44999408721924
1135693,"Quercus sinuata",-97.475508,31.299808,34.0132789611816,3.29136896133423,928.338439941406,0.478683143854141,-0.170017957687378,-0.571354746818542,-4.61849737167358,0.532838046550751,5.94190454483032,19.6267166137695,919.963134765625,34.826717376709,5.15000009536743
1135701,"Quercus sinuata",-97.466897,31.298953,34.5653839111328,4.44369268417358,927.612365722656,0.0584996864199638,-0.468751758337021,-0.200139746069908,-8.96415519714355,0.491998165845871,4.83654594421387,19.5698776245117,913.117553710938,34.7590179443359,5.15000009536743
1135704,"Quercus sinuata",-97.471855,31.248813,34.6078605651855,4.92912435531616,910.340454101562,0.120048150420189,0.110215991735458,-0.0972215160727501,-0.935275793075562,0.163699850440025,0.742724597454071,19.6430892944336,916.375122070312,34.7766761779785,5.23889303207397
1135707,"Quercus sinuata",-97.467287,31.299163,34.4204330444336,4.56804704666138,886.615234375,0.257079184055328,0.371882885694504,-0.171766713261604,-6.66237545013428,0.469108611345291,0.965939462184906,19.5728397369385,913.291625976562,34.7649459838867,5.15000009536743
1135708,"Quercus sinuata",-97.463792,31.224775,34.473747253418,4.51179218292236,920.959167480469,0.196573108434677,-0.136477455496788,-0.253761112689972,6.96391868591309,0.24165041744709,5.67630624771118,19.6991882324219,900.925231933594,34.8057060241699,5.25
1135711,"Quercus sinuata",-97.475992,31.199045,34.6873168945312,5.24550342559814,892.806274414062,0.0344000831246376,0.136129319667816,0.00464540394023061,-3.26822209358215,0.140874028205872,1.32327675819397,19.6140079498291,904.215759277344,34.7140083312988,5.25
1135712,"Quercus sinuata",-97.424194,31.01861,34.7645988464355,5.17394542694092,889.419311523438,0.179932400584221,0.118993923068047,-0.148421719670296,0.762069165706635,0.217429384589195,0.584295868873596,19.9500007629395,891.118225097656,35.0244483947754,5.65000009536743
1135713,"Quercus sinuata",-97.468803,31.323103,34.7587776184082,5.18334150314331,915.2421875,-0.0218432918190956,-0.0256206784397364,0.0164988897740841,2.59094786643982,0.0336745753884315,4.00640773773193,19.5211048126221,910.62060546875,34.7211074829102,5.1029314994812
1135716,"Quercus sinuata",-97.470872,31.298053,34.8781509399414,5.43993330001831,883.432800292969,-0.0345784202218056,0.2761250436306,0.118010193109512,-12.4277820587158,0.282004684209824,1.6953752040863,19.5774726867676,916.410705566406,34.7769775390625,5.15000009536743
1135719,"Quercus sinuata",-97.488525,31.199483,34.0215759277344,3.53982138633728,914.454162597656,0.46699184179306,-0.0745674222707748,-0.52789181470871,-4.38892126083374,0.492587894201279,6.1248459815979,19.6955604553223,910.167114257812,34.7895126342773,5.25
1135723,"Quercus sinuata",-97.470633,31.29823,34.513240814209,4.32374858856201,922.044921875,0.109243169426918,-0.382370471954346,-0.230264946818352,-11.9261255264282,0.408975780010223,4.99067544937134,19.578670501709,916.114196777344,34.7768936157227,5.15000009536743
1135725,"Quercus sinuata",-97.466903,31.3001,35.2978439331055,6.08912658691406,920.749694824219,-0.354211032390594,-0.289840519428253,0.301486790180206,-2.47552824020386,0.475386559963226,3.8273754119873,19.5772590637207,912.559692382812,34.7805252075195,5.15000009536743
1135728,"Quercus sinuata",-97.575447,31.242217,33.9529685974121,3.60277700424194,931.467224121094,0.433054029941559,0.0230805370956659,-0.470558255910873,-4.6658501625061,0.448560267686844,0.0532467514276505,19.5852699279785,936.601684570312,34.6627578735352,5.15000009536743
1135729,"Quercus sinuata",-97.485038,31.20142,34.670768737793,5.08049821853638,927.381530761719,0.105679117143154,0.0637533366680145,-0.0947580337524414,15.8527994155884,0.123735778033733,0.542822480201721,19.7092151641846,907.428405761719,34.8092155456543,5.25
1135736,"Quercus sinuata",-97.483483,31.201642,34.2892189025879,4.14049530029297,913.437194824219,0.322988033294678,-0.0166017189621925,-0.354208946228027,1.04833924770355,0.329335600137711,6.23183012008667,19.7066745758057,906.53076171875,34.8066749572754,5.25
1135738,"Quercus sinuata",-97.471,31.067864,34.6465263366699,4.76153326034546,936.088317871094,0.175968080759048,-0.139617472887039,-0.233084976673126,3.13030457496643,0.226561412215233,5.61246633529663,19.8500003814697,921.852844238281,34.9499969482422,5.48444128036499
1135739,"Quercus sinuata",-97.47097,31.298183,35.0562324523926,5.95945739746094,877.432373046875,-0.110436975955963,0.502877354621887,0.266618281602859,-7.12488079071045,0.540845632553101,1.7869747877121,19.5800037384033,916.379516601562,34.7800025939941,5.15000009536743
1135741,"Quercus sinuata",-97.493272,31.21168,34.8536682128906,5.22775840759277,933.16845703125,0.0182610098272562,-0.0767739862203598,-0.0430985912680626,13.3598823547363,0.078997977077961,4.94590377807617,19.6874923706055,910.010437011719,34.8797225952148,5.25
1135742,"Quercus sinuata",-97.4645,31.115536,34.304859161377,4.27162313461304,907.47119140625,0.307784378528595,-0.0923952609300613,-0.358360767364502,-1.80029129981995,0.327158510684967,5.99154996871948,19.712215423584,899.918762207031,34.8122138977051,5.41221618652344
1135743,"Quercus sinuata",-97.471337,31.322203,34.7421226501465,5.15192317962646,896.208862304688,0.00597492838278413,0.0900754928588867,0.0193239729851484,-6.63770151138306,0.0903965011239052,1.50456094741821,19.5322151184082,910.442993164062,34.7358665466309,5.13221645355225
1135747,"Quercus sinuata",-97.466628,31.11382,34.6469573974609,5.19747591018677,866.997863769531,0.162162780761719,0.405392855405807,-0.04270925745368,-10.9715347290039,0.451842159032822,1.1902779340744,19.7322158813477,900.100952148438,34.8322143554688,5.43221616744995
1135748,"Quercus sinuata",-97.471138,31.067806,34.2358741760254,3.83062410354614,941.399047851562,0.418154299259186,-0.209660559892654,-0.513672113418579,1.79713261127472,0.486768215894699,5.81842231750488,19.8500003814697,921.962524414062,34.9477806091309,5.48443841934204
1135754,"Quercus sinuata",-97.470688,31.297937,34.1280403137207,3.46950602531433,932.118957519531,0.335480034351349,-0.469229817390442,-0.502038478851318,-10.4203052520752,0.614832699298859,5.33308410644531,19.5757808685303,916.325988769531,34.7742233276367,5.15000009536743
1135759,"Quercus sinuata",-97.467575,31.115503,34.8616752624512,5.57327222824097,902.837890625,-0.0197885520756245,0.0534663870930672,0.03832883015275,4.30570793151855,0.0570418164134026,1.9252747297287,19.712215423584,900.316345214844,34.8122138977051,5.41221618652344
1135762,"Quercus sinuata",-97.475835,31.199103,34.6656188964844,5.18964099884033,891.114685058594,0.0482696667313576,0.137823864817619,-0.00980615708976984,-4.56846284866333,0.146556198596954,1.23391914367676,19.615327835083,904.157836914062,34.7153282165527,5.25
1135764,"Quercus sinuata",-97.472283,31.248995,34.6149978637695,4.9093074798584,913.169555664062,0.106206603348255,0.0484648942947388,-0.100683137774467,-1.47567284107208,0.117008782923222,0.428102612495422,19.6406688690186,916.737426757812,34.7744522094727,5.23444843292236
1135770,"Quercus sinuata",-97.491103,31.200105,34.7435531616211,5.16098642349243,890.41748046875,0.0346034355461597,0.114535488188267,-0.00243173376657069,-11.1188192367554,0.119935885071754,1.27739596366882,19.7033386230469,911.62255859375,34.7841567993164,5.25
1135772,"Quercus sinuata",-97.463713,31.224753,34.473747253418,4.51179218292236,920.959167480469,0.196573108434677,-0.136477455496788,-0.253761112689972,6.96391868591309,0.24165041744709,5.67630624771118,19.6991882324219,900.925231933594,34.8057060241699,5.25
1135782,"Quercus sinuata",-97.472086,31.324546,34.7344970703125,5.18212795257568,911.264770507812,-0.00612211553379893,0.0372261591255665,0.0173560865223408,1.80026590824127,0.0377351716160774,1.73379456996918,19.5033283233643,911.086730957031,34.7104377746582,5.10332775115967
1135640,"Quercus sinuata",-97.430231,31.536828,34.886661529541,5.0264778137207,939.564697265625,-0.020531652495265,-0.00948524009436369,0.0205060578882694,0.386119991540909,0.0226187035441399,3.57436537742615,19.4500007629395,938.679016113281,34.8492584228516,4.94999980926514
1135694,"Quercus sinuata",-97.430142,31.536806,34.8860168457031,5.02937507629395,938.893859863281,-0.0188205912709236,0.000644714396912605,0.021164745092392,0.352501302957535,0.0188327431678772,3.10735034942627,19.4500007629395,938.664367675781,34.8493309020996,4.94999980926514
1135576,"Quercus sinuata",-97.205006,31.506,34.7606010437012,5.17198181152344,973.643676757812,-9.96633534668945e-05,0.00910693872720003,0.00260297791101038,0.419074326753616,0.00910760927945375,1.58173954486847,19.5499992370605,973.664672851562,34.7520751953125,5.15000009536743
1135577,"Quercus sinuata",-97.14667,31.549333,35.0923728942871,5.12865591049194,970.743469238281,0.00370271154679358,-0.0151065569370985,-0.00807888153940439,-0.29873326420784,0.0155543442815542,4.95275640487671,19.7016258239746,970.439514160156,35.0977745056152,5.15000009536743
1135610,"Quercus sinuata",-97.226782,31.502307,34.9582023620605,5.55793952941895,948.109924316406,-0.148699223995209,-0.0597881190478802,0.144755586981773,-3.62923526763916,0.16096293926239,3.52388572692871,19.5288944244385,951.373352050781,34.7288932800293,5.10522317886353
1135620,"Quercus sinuata",-97.145297,31.570042,34.9157562255859,4.5963659286499,951.916564941406,0.133234262466431,-0.0712799280881882,-0.163658708333969,-1.81755185127258,0.151684269309044,5.79193353652954,19.75,949.583374023438,35.1500129699707,5.15000009536743
1135643,"Quercus sinuata",-97.160806,31.589406,34.6252784729004,3.94104886054993,936.193237304688,0.286057829856873,-0.177125334739685,-0.358520448207855,-5.07827758789062,0.343150675296783,5.72877168655396,19.6912422180176,930.345031738281,35.1324844360352,5.15000009536743
1135661,"Quercus sinuata",-97.169153,31.589233,35.0185394287109,4.98242998123169,937.247680664062,0.0641149058938026,0.0621772184967995,-0.0537218376994133,6.47809600830078,0.0894316881895065,0.770056486129761,19.6722278594971,931.056274414062,35.0944557189941,5.08951377868652
1135685,"Quercus sinuata",-97.150002,31.57693,35.2447662353516,5.42984056472778,954.69921875,-0.0447034202516079,0.0351324081420898,0.0579239390790462,9.27780342102051,0.0568873584270477,2.47550868988037,19.701114654541,943.318725585938,35.1391716003418,5.15000009536743
1135732,"Quercus sinuata",-97.150008,31.576989,35.2677040100098,5.4800124168396,955.455017089844,-0.0577796325087547,0.0335566140711308,0.0717306956648827,9.85957717895508,0.066866971552372,2.61543369293213,19.701114654541,943.203186035156,35.1397399902344,5.15000009536743
1135777,"Quercus sinuata",-97.149015,31.573794,35.0499153137207,4.96855926513672,932.657592773438,0.0551779232919216,0.0693855881690979,-0.0415769778192043,-6.83350801467896,0.0887673199176788,0.89896696805954,19.7133369445801,946.815673828125,35.1365661621094,5.15000009536743
1135536,"Quercus sinuata",-81.412056,32.821472,32.9537734985352,4.34302186965942,1183.04370117188,0.00727997347712517,-0.00636733276769519,0.00139899482019246,0.324430763721466,0.00967180728912354,5.56456089019775,18.4500007629395,1180.07702636719,32.9588966369629,4.34999990463257
1135569,"Quercus sinuata",-81.3489,32.8285,32.8496360778809,4.35175800323486,1227.31726074219,0.00145438779145479,0.0119558917358518,-0.00315127614885569,-0.664091944694519,0.0120443189516664,1.44974493980408,18.3500003814697,1230.83898925781,32.8499984741211,4.34999990463257
1135721,"Quercus sinuata",-81.412087,32.821402,32.9537734985352,4.34302186965942,1183.04370117188,0.00727997347712517,-0.00636733276769519,0.00139899482019246,0.324430763721466,0.00967180728912354,5.56456089019775,18.4500007629395,1180.07702636719,32.9588966369629,4.34999990463257
1135533,"Quercus sinuata",-82.695511,32.294272,33.0082473754883,4.11094665527344,1192.62878417969,0.25272923707962,0.133337780833244,-0.0285686999559402,-4.48018884658813,0.289785265922546,0.485476315021515,18.8333396911621,1175.76416015625,33.4333381652832,4.75463390350342
1135524,"Quercus sinuata",-83.577247,32.486338,32.458194732666,4.03894090652466,1262.86267089844,0.0368465520441532,-0.0148572912439704,0.00913416221737862,5.9792685508728,0.0397396348416805,5.89990568161011,18.1285381317139,1236.6298828125,32.4529876708984,4.05000019073486
1135525,"Quercus sinuata",-83.51423,32.470597,32.9113731384277,4.23844766616821,1209.89538574219,-0.0348072610795498,0.00255678617395461,-0.00499571999534965,-0.291864722967148,0.0349081270396709,3.06826877593994,18.3500003814697,1218.89880371094,32.8499984741211,4.15000009536743
1135528,"Quercus sinuata",-83.452597,32.449011,32.7069320678711,4.0041823387146,1200.82604980469,0.099642850458622,-0.052473857998848,0.0263338498771191,-0.0575540848076344,0.112854696810246,5.79846954345703,18.3700008392334,1171.42016601562,32.878002166748,4.23799848556519
1135529,"Quercus sinuata",-83.480391,32.503769,32.8736801147461,4.19114589691162,1150.08581542969,-0.0330159552395344,0.00140953657682985,-0.00450285710394382,-4.13483238220215,0.0330520458519459,3.09892606735229,18.3471164703369,1166.4462890625,32.8471145629883,4.15000009536743
1135530,"Quercus sinuata",-83.468483,32.419958,32.6451072692871,4.12720251083374,1188.2275390625,0.0175084862858057,-0.116860538721085,0.0347383320331573,-5.86313104629517,0.118441581726074,4.86110639572144,18.3473358154297,1178.87426757812,32.7473335266113,4.25
1135540,"Quercus sinuata",-83.528172,32.496594,32.7188453674316,4.08211660385132,1237.87475585938,0.0437752790749073,0.0291884560137987,-0.00298409559763968,1.60086834430695,0.0526383817195892,0.588080644607544,18.2611179351807,1229.20764160156,32.761116027832,4.15000009536743
1135542,"Quercus sinuata",-83.541813,32.4928,32.5266914367676,4.00837993621826,1231.03332519531,0.00799400173127651,0.0153173469007015,-0.00345133454538882,-6.13551044464111,0.0172787420451641,1.08978879451752,18.1827831268311,1247.64880371094,32.5983505249023,4.08278369903564
1135543,"Quercus sinuata",-83.548386,32.491511,32.8071403503418,4.43535423278809,1232.06860351562,-0.123274981975555,0.0554008260369301,-0.0320710353553295,7.2842321395874,0.135566532611847,2.71923065185547,18.1499996185303,1251.7041015625,32.5000076293945,4.05000019073486
1135558,"Quercus sinuata",-83.467344,32.43097,32.9206848144531,4.21161937713623,1177.77514648438,0.0167808309197426,-0.00982997566461563,0.00465916516259313,-0.599023163318634,0.0194492265582085,5.75328302383423,18.4500007629395,1174.13415527344,32.9500007629395,4.25
1135613,"Quercus sinuata",-83.577042,32.487072,32.5639686584473,4.1770544052124,1222.88427734375,-0.0228596869856119,0.108152851462364,-0.0343342460691929,3.9071843624115,0.11076869815588,1.77909517288208,18.1242160797119,1237.31140136719,32.4508895874023,4.05000019073486
1135695,"Quercus sinuata",-83.554792,32.507464,32.8193778991699,4.13337850570679,1264.93017578125,-0.00927387736737728,-0.055942852050066,0.0152711262926459,5.63045167922974,0.0567367635667324,4.54810905456543,18.25,1242.61047363281,32.75,4.05000019073486
1135761,"Quercus sinuata",-83.554747,32.50742,32.8193778991699,4.13337850570679,1264.93017578125,-0.00927387736737728,-0.055942852050066,0.0152711262926459,5.63045167922974,0.0567367635667324,4.54810905456543,18.25,1242.61047363281,32.75,4.05000019073486
1135786,"Quercus sinuata",-83.547,32.489856,31.9826469421387,3.42855262756348,1278.03649902344,0.207469031214714,-0.0574989318847656,0.043443888425827,-12.7660980224609,0.216988161206245,6.01282644271851,18.1499996185303,1252.45703125,32.4800071716309,4.05000019073486
1135787,"Quercus sinuata",-83.468631,32.420164,32.6340065002441,4.10725021362305,1181.95349121094,0.0275597684085369,-0.0761787593364716,0.0244311671704054,-6.49833488464355,0.0810996368527412,5.05951738357544,18.3481502532959,1178.68078613281,32.7481498718262,4.25
1135788,"Quercus sinuata",-83.469181,32.419206,32.6767082214355,4.14111804962158,1149.49987792969,0.051624670624733,0.186034604907036,-0.0464925393462181,-4.22322750091553,0.194284662604332,1.3001070022583,18.346248626709,1178.7470703125,32.7462463378906,4.25
1135789,"Quercus sinuata",-83.482353,32.502822,32.6535530090332,3.89553236961365,1197.76599121094,0.110681466758251,-0.046389102935791,0.0274674966931343,-0.0835822373628616,0.120299682021141,5.88630342483521,18.3408546447754,1167.02514648438,32.8408546447754,4.15000009536743
1135790,"Quercus sinuata",-83.481311,32.503817,32.8266487121582,4.12583446502686,1156.89904785156,-0.00791354384273291,-0.0136555256322026,0.00307637010701001,-4.56544971466064,0.015783479437232,4.18717002868652,18.3483257293701,1166.60290527344,32.8483238220215,4.15000009536743
1135623,"Quercus sinuata",-85.482862,32.595888,31.6478233337402,3.85887455940247,1334.81726074219,-0.119552835822105,-0.00372980255633593,-0.0134217999875546,-0.473051965236664,0.119898058474064,3.17278051376343,17.4500007629395,1364.93505859375,31.4500007629395,3.59221768379211
1135526,"Quercus sinuata",-86.646174,32.222726,32.6020851135254,4.19940614700317,1341.33850097656,-0.00415916694328189,-0.00498441234230995,0.000428018189268187,2.6648907661438,0.00649181241169572,4.01700115203857,18.4260921478271,1333.90612792969,32.5522155761719,4.15000009536743
1135544,"Quercus sinuata",-86.657727,32.256857,32.4950332641602,4.14576387405396,1341.24560546875,0.0267467591911554,0.0550855323672295,-0.00289518246427178,2.27251935005188,0.0612739846110344,1.11877572536469,18.3500003814697,1335.88879394531,32.4844512939453,4.15000009536743
1135622,"Quercus sinuata",-86.088743,32.250881,32.3791389465332,4.04330348968506,1359.72412109375,-0.00277989404276013,-0.00724932085722685,0.000441478769062087,-1.7536381483078,0.00776412757113576,4.34621381759644,18.25,1364.66467285156,32.3960647583008,4.05000019073486
1135678,"Quercus sinuata",-86.328432,32.225089,32.4975166320801,4.20220375061035,1333.50439453125,-0.00798918772488832,0.0125580243766308,-0.000154218156239949,1.28540933132172,0.0148844700306654,2.13739609718323,18.3500003814697,1333.01843261719,32.4547805786133,4.15000009536743
1135627,"Quercus sinuata",-86.212326,32.351245,32.4558906555176,4.07325506210327,1380.06872558594,-0.00195005105342716,0.0486340150237083,-0.00192370754666626,-1.33225357532501,0.0486923307180405,1.61087131500244,18.2822151184082,1390.51477050781,32.4500007629395,4.05000019073486
1135775,"Quercus sinuata",-86.21285,32.351242,32.4632720947266,4.06408309936523,1387.85717773438,0.0107685057446361,0.0530221574008465,-0.00227121007628739,0.461267352104187,0.0541310533881187,1.37042713165283,18.2833271026611,1390.59436035156,32.4500007629395,4.05000019073486
1135563,"Quercus sinuata",-87.875984,32.511429,33.1196365356445,4.06044149398804,1366.68676757812,-0.0256221033632755,0.0303031001240015,0.00173437595367432,0.74401593208313,0.039693795144558,2.27268815040588,18.4455585479736,1372.96435546875,33.0455551147461,3.95666265487671
1135653,"Quercus sinuata",-87.78204,32.486032,32.9585456848145,3.95504546165466,1404.68957519531,0.0136578641831875,0.0326272696256638,-0.00192281743511558,1.22956013679504,0.0353779308497906,1.17435669898987,18.4063053131104,1402.01831054688,32.9448165893555,3.95000004768372
1135710,"Quercus sinuata",-87.794495,32.512977,32.8276481628418,3.6636004447937,1376.20361328125,0.0709945037961006,0.0139656160026789,-0.00729649374261498,-1.02674162387848,0.0724183693528175,0.194233998656273,18.4500007629395,1367.39001464844,32.9577827453613,3.84999990463257
1135715,"Quercus sinuata",-87.784037,32.47842,32.8720817565918,3.99856615066528,1388.322265625,-0.0375535078346729,0.0135877840220928,0.0035425703972578,-5.88074350357056,0.0399467460811138,2.79442262649536,18.3500003814697,1415.48193359375,32.8899688720703,3.95000004768372
1135726,"Quercus sinuata",-87.797131,32.512477,33.0149993896484,3.92526626586914,1371.39575195312,-0.0158496536314487,-0.000644246349111199,0.001590306754224,1.92150115966797,0.0158634074032307,3.18221759796143,18.4500007629395,1368.60388183594,32.9511184692383,3.84999990463257
1135744,"Quercus sinuata",-87.708669,32.509307,32.7784957885742,3.81210899353027,1373.74719238281,0.00948610715568066,-0.01324996445328,-0.000909310474526137,-1.32130062580109,0.0162963587790728,5.33372926712036,18.3133392333984,1374.50671386719,32.8133392333984,3.84999990463257
1135692,"Quercus sinuata",-87.999,32.6982,33.0527877807617,3.7758994102478,1380.57446289062,-0.0514978244900703,0.0218961704522371,0.00515268463641405,-0.196390554308891,0.0559887699782848,2.73956418037415,18.2309951782227,1393.36242675781,32.9500007629395,3.61999416351318
1135512,"Quercus sinuata",-87.497346,32.229306,32.5295829772949,4.18141508102417,1407.72033691406,0.0314129069447517,-0.000330809212755412,-0.00372484582476318,0.606390774250031,0.0314198173582554,6.27265453338623,18.4500007629395,1399.92211914062,32.5694465637207,4.25
1135568,"Quercus sinuata",-87.40456,32.28005,32.3928909301758,3.77876710891724,1379.56286621094,0.140138804912567,0.0312564857304096,-0.015936441719532,-1.72760021686554,0.144080206751823,0.21944759786129,18.3618221282959,1362.14074707031,32.6495933532715,4.15000009536743
1135587,"Quercus sinuata",-87.5,32.177222,32.7159385681152,4.29497528076172,1385.27404785156,0.0410768613219261,0.0528285056352615,-0.00566384522244334,1.60847008228302,0.066969096660614,0.909894406795502,18.5391387939453,1378.87292480469,32.7391395568848,4.34999990463257
1135621,"Quercus sinuata",-87.397718,32.143502,33.6639442443848,5.74425649642944,1275.29248046875,-0.295506745576859,0.578682363033295,0.0350600443780422,11.3679313659668,0.707278192043304,2.0429310798645,18.57666015625,1358.3173828125,32.7555541992188,4.44999980926514
1135515,"Quercus sinuata",-87.462231,32.576057,32.6433410644531,3.78359866142273,1340.5458984375,0.0332798734307289,0.078129842877388,-0.000878604419995099,-3.04960656166077,0.085024856030941,1.16811621189117,18.25,1351.11694335938,32.7115821838379,3.84999990463257
1135508,"Quercus sinuata",-87.126103,32.313502,32.6147842407227,3.90324997901917,1359.25927734375,0.0485125109553337,0.00186937034595758,-0.00519315293058753,-2.32350826263428,0.048567607998848,0.0385147221386433,18.3888931274414,1357.33764648438,32.7277870178223,4.05000019073486
1135553,"Quercus sinuata",-87.101379,32.316806,32.9029350280762,4.12542533874512,1329.34875488281,-0.0223377626389265,-0.00374813284724951,0.00235319486819208,0.582710683345795,0.0226519741117954,3.30783748626709,18.4500007629395,1331.46264648438,32.8499984741211,4.05000019073486
1135554,"Quercus sinuata",-87.325096,32.302412,32.776424407959,4.11470317840576,1346.62841796875,0.0164518021047115,0.000576525868382305,-0.00181568774860352,-0.0884367227554321,0.0164626445621252,0.0350289940834045,18.4500007629395,1343.9560546875,32.8000030517578,4.15000009536743
1135557,"Quercus sinuata",-87.319885,32.287907,32.782154083252,4.16344261169434,1350.82202148438,-0.00193225976545364,-0.0149074466899037,0.000230903533520177,0.556078791618347,0.0150327179580927,4.5834903717041,18.4500007629395,1347.93359375,32.7691192626953,4.15000009536743
1135567,"Quercus sinuata",-87.126983,32.310938,32.4782562255859,3.71992826461792,1370.720703125,0.11017219722271,-0.0100570190697908,-0.0118935899809003,-3.18687224388123,0.11085718870163,6.19215297698975,18.3898143768311,1358.48669433594,32.7175979614258,4.05000019073486
1135642,"Quercus sinuata",-87.120453,32.311858,32.9038238525391,4.1237735748291,1351.05749511719,-0.0153984390199184,0.019019840285182,0.00172304618172348,0.88991516828537,0.024474186822772,2.25136280059814,18.4500007629395,1353.45068359375,32.8499984741211,4.05037021636963
1135579,"Quercus sinuata",-87.322591,32.439295,32.8681983947754,4.1519980430603,1289.31677246094,-0.0868032798171043,-0.021698085591197,0.00878945831209421,-2.44910335540771,0.0895939245820045,3.38654160499573,18.3500003814697,1309.65783691406,32.75,3.95000004768372
1135626,"Quercus sinuata",-87.021101,32.407359,32.9022521972656,3.97342467308044,1305.35473632812,-0.0128522515296936,-0.00498659722507,0.0011920373653993,1.90120875835419,0.0137861734256148,3.51170635223389,18.409330368042,1301.98278808594,32.8499984741211,3.90999412536621
1135602,"Quercus sinuata",-88.8218,32.2096,32.7172470092773,4.12683153152466,1402.15466308594,0.0128766559064388,0.0583078488707542,-0.00430371565744281,-2.22276043891907,0.0597483031451702,1.35344576835632,18.3500003814697,1414.02319335938,32.75,4.15000009536743
1135596,"Quercus sinuata",-88.592222,32.880278,32.8008346557617,3.50103044509888,1439.80712890625,-0.00684766517952085,0.00471180770546198,0.000731316802557558,1.81093835830688,0.00831223465502262,2.53890490531921,17.9500007629395,1435.84020996094,32.75,3.45000004768372
1135606,"Quercus sinuata",-88.3871,32.9392,32.9552879333496,3.4347870349884,1385.15832519531,0.0192554164677858,0.0107043152675033,-0.00409047910943627,1.95305931568146,0.0220325198024511,0.50737076997757,18.0499992370605,1377.49438476562,32.9500007629395,3.45000004768372
1135523,"Quercus sinuata",-88.319558,32.908753,32.7450790405273,3.30394077301025,1403.3251953125,0.0507142059504986,-0.0213942527770996,-0.00620665401220322,-0.913433134555817,0.0550700388848782,5.88397789001465,18.0499992370605,1394.55334472656,32.8499984741211,3.45000004768372
1135551,"Quercus sinuata",-88.319347,32.908573,32.7816848754883,3.35327649116516,1400.17395019531,0.0363390296697617,-0.00726816104725003,-0.00506361620500684,-0.506078600883484,0.0370672419667244,6.08578014373779,18.0499992370605,1394.51391601562,32.8499984741211,3.45000004768372
1135560,"Quercus sinuata",-88.275536,32.890511,32.6759414672852,3.09355068206787,1427.33984375,0.146722078323364,-0.0255595352500677,-0.0201085340231657,3.31347560882568,0.149487853050232,6.11071252822876,18.0499992370605,1387.90808105469,32.8877830505371,3.45000004768372
1135578,"Quercus sinuata",-88.30503,32.81304,32.9649848937988,3.50048112869263,1382.3095703125,-0.0161179825663567,0.00447614397853613,0.00195984425954521,-0.382042706012726,0.0167287569493055,2.87070751190186,18.0499992370605,1386.92346191406,32.934024810791,3.45000004768372
1135752,"Quercus sinuata",-88.024829,32.693273,32.9678802490234,3.59871673583984,1378.63806152344,-0.00359375332482159,-0.0149350622668862,0.00101666722912341,0.649421393871307,0.015361956320703,4.47625303268433,18.25,1375.56518554688,32.9500007629395,3.57888293266296
1135765,"Quercus sinuata",-88.326912,32.914417,32.8713340759277,3.45118236541748,1396.58386230469,0.00491867028176785,0.000380677840439603,-0.000796192500274628,0.376392066478729,0.00493339961394668,0.0772404819726944,18.0499992370605,1394.66516113281,32.8673858642578,3.45000004768372
1135603,"Quercus sinuata",-89.8597,32.53103,32.477954864502,3.51504445075989,1441.93762207031,0.0371894165873528,-0.0491083636879921,-0.0161973778158426,-0.414545059204102,0.0616400316357613,5.36054134368896,17.9500007629395,1435.02709960938,32.5657539367676,3.65000009536743
1135531,"Quercus sinuata",-89.499244,32.325748,32.278148651123,3.86498284339905,1606.36926269531,0.046342745423317,0.0145980371162295,-0.0139423571527004,5.83522415161133,0.0486067160964012,0.305162250995636,17.8499984741211,1581.1201171875,32.2348785400391,3.91111540794373
1135595,"Quercus sinuata",-89.389,32.2861,32.4629592895508,4.18039035797119,1503.00476074219,-0.0413428321480751,0.113107301294804,0.0141398264095187,3.8310558795929,0.120719283819199,1.92122876644135,17.9370422363281,1506.08850097656,32.2666625976562,3.95000004768372
1135597,"Quercus sinuata",-89.458333,32.187778,32.4703102111816,4.01561546325684,1513.34716796875,0.012713379226625,0.0101057821884751,-0.003207539441064,-1.15545678138733,0.0162413064390421,0.671619415283203,18.1048831939697,1516.56896972656,32.5048828125,4.05000019073486
1135599,"Quercus sinuata",-89.3405,32.159,32.4770393371582,4.15357971191406,1505.57446289062,-0.0176622644066811,0.00774625688791275,0.00479131797328591,-2.20740222930908,0.0192874614149332,2.72827887535095,18.0893383026123,1516.25939941406,32.4755668640137,4.11556005477905
1135601,"Quercus sinuata",-89.4173,32.1853,32.7205429077148,4.42720794677734,1447.40393066406,-0.124371960759163,-0.0074595850892365,0.0338849760591984,1.29956185817719,0.124920107424259,3.20149898529053,18.1055507659912,1459.02526855469,32.4635772705078,4.05000019073486
1135604,"Quercus sinuata",-89.3889,32.28694,32.4693946838379,4.17588996887207,1510.66430664062,-0.0423915833234787,0.075532466173172,0.0135819297283888,4.88156318664551,0.0867239013314247,2.08222556114197,17.9453144073486,1506.71081542969,32.265552520752,3.95000004768372
1135702,"Quercus sinuata",-89.463825,32.234109,32.4057579040527,4.01047277450562,1491.77307128906,-0.00345448101870716,-0.0431124828755856,-0.000482171541079879,-3.05342507362366,0.0432641543447971,4.63243246078491,18.0588245391846,1498.5556640625,32.4644393920898,4.05000019073486
1135581,"Quercus sinuata",-89.443366,32.336466,32.2336845397949,3.73923563957214,1589.84875488281,0.0597544386982918,-0.026353070512414,-0.0183269530534744,4.59562397003174,0.0653540715575218,5.86782169342041,17.8576507568359,1563.67297363281,32.2576484680176,3.85764980316162
1135593,"Quercus sinuata",-89.243596,32.257329,32.502799987793,3.98693490028381,1487.97888183594,-0.0104581946507096,0.0294848084449768,0.00284901354461908,-1.4788715839386,0.0312897302210331,1.91165006160736,18.0499992370605,1497.39819335938,32.4926605224609,3.95000004768372
1135598,"Quercus sinuata",-89.2658,32.1925,32.5102882385254,4.06750249862671,1474.74731445312,-0.0118266278877854,-0.0717359334230423,0.00123853015247732,1.15034162998199,0.0727684944868088,4.54899549484253,18.0735054016113,1465.59948730469,32.4877738952637,4.05000019073486
1135600,"Quercus sinuata",-89.322021,32.186634,32.5355682373047,4.03460359573364,1504.77783203125,0.00519103370606899,-0.0101706022396684,-0.0016322456067428,-0.437008321285248,0.01141900382936,5.18431854248047,18.1388664245605,1504.56640625,32.5499992370605,4.05000019073486
1135697,"Quercus sinuata",-89.24343,32.258367,32.524055480957,4.0222110748291,1487.47509765625,-0.0165875982493162,0.0509900972247124,0.0045481538400054,-0.862360417842865,0.0536460429430008,1.88530874252319,18.0499992370605,1497.8515625,32.4834403991699,3.95000004768372
1135520,"Quercus sinuata",-92.013515,32.021545,33.1560554504395,4.45601940155029,1458.546875,0.0981943383812904,0.0819631442427635,-0.0355748869478703,-2.27171993255615,0.128257900476456,0.695546269416809,18.7500095367432,1465.0107421875,33.3500099182129,4.7410044670105
1135588,"Quercus sinuata",-92.116,32.016,33.236759185791,4.66359567642212,1427.59497070312,0.0135275386273861,-0.0191512834280729,-0.0100469794124365,-2.96647357940674,0.0234492383897305,5.32736492156982,18.6673336029053,1435.45861816406,33.3160018920898,4.75
1135774,"Quercus sinuata",-92.023611,32.028889,33.3859977722168,4.94902563095093,1439.08227539062,-0.0612130165100098,0.101841062307358,0.0473689325153828,-5.63591480255127,0.119103260338306,2.1119978427887,18.718132019043,1466.482421875,33.3177871704102,4.71813154220581
1135778,"Quercus sinuata",-92.029201,32.032727,33.4491233825684,4.79381895065308,1482.44812011719,0.0269292090088129,0.177940905094147,0.0157065764069557,6.68827390670776,0.180952981114388,1.42059814929962,18.6955661773682,1467.4296875,33.2960624694824,4.65111541748047
1135575,"Quercus sinuata",-95.284241,32.337754,33.9101104736328,4.19661521911621,1216.58764648438,0.023118868470192,-0.0115141151472926,-0.0262147262692451,-0.210716962814331,0.0258303172886372,5.82110691070557,18.5499992370605,1217.36828613281,33.9544525146484,4.28928518295288
1135612,"Quercus sinuata",-96.8,32.76666,34.7769203186035,3.9513304233551,947.2822265625,-0.000636005366686732,-0.00331831490620971,-0.000423718680394813,-0.747572958469391,0.00337872165255249,4.52302026748657,18.9988822937012,948.389892578125,34.7733535766602,3.95000004768372
1135637,"Quercus sinuata",-96.800949,32.81089,34.4018363952637,3.45676612854004,949.674926757812,0.0787336453795433,-0.114727020263672,-0.124871000647545,-2.43884444236755,0.13959775865078,5.31384038925171,18.8500003814697,947.173217773438,34.560661315918,3.84999990463257
1135534,"Quercus sinuata",-81.684454,33.140217,33.0511474609375,4.01719188690186,1136.42138671875,0.00880675483494997,0.0131511734798551,-0.00419829459860921,1.01198971271515,0.0158282406628132,0.980727434158325,18.25,1135.00061035156,33.0499992370605,4.015549659729
1135616,"Quercus sinuata",-81.677833,33.151361,33.0326690673828,4.02342748641968,1131.68432617188,-0.0130489179864526,0.0290931593626738,-0.00730318576097488,2.38128805160522,0.0318909212946892,1.99242031574249,18.25,1133.41015625,32.9822158813477,3.95000004768372
1135535,"Quercus sinuata",-81.654556,33.1285,33.0622367858887,4.07042598724365,1136.84729003906,-0.00609164871275425,-0.0145648336037993,0.00435774074867368,0.0138762816786766,0.0157880745828152,4.31625509262085,18.2597675323486,1135.71704101562,33.0499992370605,4.05000019073486
1135538,"Quercus sinuata",-82.203805,33.78725,32.3766784667969,3.72170209884644,1109.24450683594,-0.0713817179203033,0.00959977135062218,0.00172304932493716,-0.603528439998627,0.0720867589116096,3.00790977478027,17.6489562988281,1123.26745605469,32.2555618286133,3.54999995231628
1135545,"Quercus sinuata",-82.102666,33.823207,32.3754730224609,3.55086374282837,1107.04504394531,-0.0908690392971039,-0.0242993738502264,0.0160365831106901,-1.5293961763382,0.0942011624574661,3.40288972854614,17.4500007629395,1120.34814453125,32.2359962463379,3.34999990463257
1135555,"Quercus sinuata",-82.112754,33.822726,32.3284797668457,3.41343951225281,1108.08935546875,-0.00728237209841609,-0.0108279781416059,0.00434477999806404,-5.95578718185425,0.0130494330078363,4.12032318115234,17.5499992370605,1119.68859863281,32.3499984741211,3.45000004768372
1135556,"Quercus sinuata",-82.102852,33.822823,32.3173637390137,3.45405983924866,1098.08215332031,-0.0568689443171024,0.0319611057639122,-0.00619803508743644,-4.20504331588745,0.0652812346816063,2.62957286834717,17.4500007629395,1120.28845214844,32.2367630004883,3.34999990463257
1135585,"Quercus sinuata",-86.84,33.88,31.2895336151123,2.12143635749817,1524.74353027344,-0.0706314146518707,-0.0670259222388268,0.0244818609207869,-10.3258543014526,0.0975263491272926,3.90080499649048,16.573429107666,1559.53637695312,31.3653984069824,2.06665635108948
1135730,"Quercus sinuata",-86.57,33.85,31.3266582489014,2.10232377052307,1489.21069335938,0.0221935696899891,-0.0129045033827424,-0.00305150635540485,-4.42215156555176,0.0256753880530596,5.75651550292969,16.6882629394531,1498.32409667969,31.4373950958252,2.19913125038147
1135734,"Quercus sinuata",-86.565042,33.849674,31.2965621948242,2.12352561950684,1487.16467285156,0.0232273619621992,0.00736715458333492,-0.00584020093083382,-2.7326283454895,0.0243701227009296,0.307138860225677,16.6247959136963,1493.46105957031,31.3738594055176,2.19906401634216
1135586,"Quercus sinuata",-87.07,33.01,32.4870986938477,3.38098621368408,1352.2158203125,0.000572487828321755,0.155763149261475,0.0085645504295826,-6.29492235183716,0.156401053071022,1.56712102890015,17.8469142913818,1384.78857421875,32.5191421508789,3.34999990463257
1135617,"Quercus sinuata",-87.07807,33.018521,32.4904556274414,3.26704239845276,1391.716796875,0.0261805653572083,-0.0648229569196701,-0.0075501655228436,-0.44386813044548,0.0699672847986221,5.09623384475708,17.9244518280029,1382.66552734375,32.5607566833496,3.37185788154602
1135619,"Quercus sinuata",-87.0784,33.0468,32.3610725402832,3.36353158950806,1355.48876953125,-0.122790716588497,-0.249110907316208,0.00585114303976297,-15.0304889678955,0.281430065631866,4.25442457199097,17.8500003814697,1399.50085449219,32.461856842041,3.34999990463257
1135687,"Quercus sinuata",-87.109419,33.015817,32.4679794311523,3.26305341720581,1414.50085449219,0.0364484935998917,-0.143902197480202,-0.0140680782496929,1.20171499252319,0.148997083306313,4.96045827865601,17.8859825134277,1391.61083984375,32.5608558654785,3.42487478256226
1135722,"Quercus sinuata",-87.120742,33.004794,32.9054298400879,3.8516480922699,1357.24340820312,-0.0912292376160622,0.215780854225159,0.0269214268773794,1.27582967281342,0.236471369862556,1.97079062461853,17.9392757415771,1387.99072265625,32.6372489929199,3.45000004768372
1135760,"Quercus sinuata",-87.114506,33.012397,32.8599815368652,3.7238290309906,1398.79504394531,-0.0818109810352325,-0.0417161509394646,0.00990697927772999,6.22973203659058,0.0919624269008636,3.61313605308533,17.9277763366699,1390.28918457031,32.6277732849121,3.44999408721924
1135605,"Quercus sinuata",-88.728611,33.510556,32.5719223022461,2.4478497505188,1486.22570800781,0.0356702581048012,-0.00561566278338432,-0.00961221009492874,-1.0249457359314,0.0361174494028091,6.12703418731689,17.4500007629395,1484.29370117188,32.6500015258789,2.54999995231628
1135671,"Quercus sinuata",-88.726097,33.397788,32.7559661865234,2.663738489151,1492.35437011719,-0.00342777604237199,-0.00343838962726295,0.00118350726552308,-0.347744882106781,0.00485513731837273,3.92853665351868,17.5499992370605,1493.49755859375,32.75,2.65000009536743
1135548,"Quercus sinuata",-88.853257,33.760843,32.221866607666,1.77180635929108,1532.62438964844,0.148668453097343,0.00998342130333185,-0.0480036213994026,1.27116060256958,0.14956022799015,0.0670515820384026,17.2344017028809,1512.74267578125,32.4622268676758,2.15217304229736
1135549,"Quercus sinuata",-88.57247,33.519024,32.6901016235352,2.39932441711426,1407.41796875,0.018496448174119,0.0127871725708246,-0.00516250915825367,-1.36469769477844,0.022488122805953,0.604884266853333,17.5300064086914,1410.5380859375,32.7335586547852,2.45000004768372
1135791,"Quercus sinuata",-88.606944,33.576667,32.7521858215332,2.52166986465454,1391.52648925781,-0.058403167873621,0.0416246466338634,0.0149216866120696,-1.54933333396912,0.0717801079154015,2.52238583564758,17.4275321960449,1408.61962890625,32.6500015258789,2.34999990463257
1135550,"Quercus sinuata",-88.24944,33.04745,32.8749389648438,3.31377124786377,1416.29016113281,0.0406708456575871,-0.0290673207491636,-0.00552379479631782,2.67748475074768,0.0500111132860184,5.66266393661499,18.0088939666748,1397.58642578125,32.9088935852051,3.39645671844482
1135740,"Quercus sinuata",-88.268888,33.084126,32.9474906921387,3.26407527923584,1389.11706542969,0.08163982629776,0.0883225128054619,-0.0180632211267948,7.26211166381836,0.12056627124548,0.82469654083252,18.0499992370605,1364.6572265625,32.9500007629395,3.34999990463257
1135611,"Quercus sinuata",-93.832185,33.661793,33.3856735229492,2.45770597457886,1308.66455078125,0.0294468645006418,0.0123705752193928,-0.0145476125180721,-1.64260697364807,0.0319452024996281,0.397711485624313,17.5499992370605,1312.37133789062,33.4500007629395,2.54999995231628
1135779,"Quercus sinuata",-93.813516,33.614565,33.5180015563965,2.62962222099304,1304.75793457031,0.0143644558265805,0.0182273834943771,-0.00209864601492882,-0.230715289711952,0.0232093054801226,0.903372168540955,17.6259937286377,1304.99975585938,33.5333213806152,2.65000009536743
1135780,"Quercus sinuata",-93.84287,33.65898,33.3693313598633,2.13862943649292,1341.5712890625,0.123783566057682,-0.204708099365234,-0.172890961170197,14.1471576690674,0.241565823554993,5.25624513626099,17.5866432189941,1300.49084472656,33.5122184753418,2.61221814155579
1135521,"Quercus sinuata",-94.067137,33.817896,33.7447738647461,2.55205607414246,1395.57470703125,-0.0469136126339436,-0.0162210781127214,0.0223580878227949,5.23619890213013,0.0496592074632645,3.47448945045471,17.3803768157959,1381.69506835938,33.5803756713867,2.34999990463257
1135720,"Quercus sinuata",-94.05666,33.76639,33.6142463684082,2.22822332382202,1355.99865722656,0.127884387969971,0.0513687878847122,-0.0599321648478508,11.2891607284546,0.138255745172501,0.381955057382584,17.4777736663818,1319.24047851562,33.6777763366699,2.45000004768372
1135519,"Quercus sinuata",-96.6328,33.62,33.5531387329102,2.83976674079895,1090.72705078125,-0.0257778633385897,-0.0551775023341179,0.00683538848534226,-5.28943204879761,0.0609397254884243,4.27533960342407,17.75,1098.92407226562,33.5499992370605,2.84999990463257
1135776,"Quercus sinuata",-96.632778,33.653333,33.4942092895508,2.87293887138367,1079.69970703125,0.0316730588674545,0.0814389288425446,-0.00311797158792615,-5.85951089859009,0.0874928310513496,1.19987988471985,17.75,1094.43872070312,33.5499992370605,2.95000004768372
1135541,"Quercus sinuata",-87.731501,34.693556,31.5655155181885,1.11324882507324,1352.70568847656,-0.0545903146266937,0.00629579182714224,0.0235541108995676,-9.18686389923096,0.0549798496067524,3.02677202224731,16.2022113800049,1383.69934082031,31.5823612213135,1.05681204795837
1135547,"Quercus sinuata",-87.740944,34.685469,31.9809398651123,1.42647051811218,1407.35595703125,-0.0865309685468674,0.0335179530084133,0.0345172584056854,2.27819609642029,0.0929294973611832,2.77203702926636,16.3899955749512,1411.72509765625,31.7766647338867,1.14999997615814
