"species","decimalLongitude","decimalLatitude","high_temp_C","low_temp_C","moisture_mm","northness","eastness","windward_exposure","mTPI","slope","aspect","macro_bio1_mean_annual_temp_C","macro_bio12_total_annual_precip_mm","macro_bio5_max_temp_warm_month_C","macro_bi06_min_temp_cold_month_C"
"Acer nigrum",-81.335991,36.558155,26.3726577758789,-3.46489930152893,998.058471679688,-0.0695926770567894,-0.0277654752135277,0.0448688380420208,-16.2710304260254,0.0749973282217979,3.52121186256409,11.4499979019165,1017.89929199219,26.3000030517578,-3.2999963760376
"Acer nigrum",-81.322444,36.497583,26.3634281158447,-3.15177464485168,1126.05383300781,-0.069715179502964,-0.281161397695541,0.412464737892151,-12.1490077972412,0.293887883424759,4.46933650970459,11.4179000854492,1111.33923339844,26.3139495849609,-3.25
"Acer nigrum",-82.16956,36.27116,27.8401336669922,-1.70361697673798,1270.21765136719,-0.392626285552979,-0.497145861387253,0.652856826782227,2.93800735473633,0.686055243015289,4.04392290115356,12.6518135070801,1217.17358398438,27.3147621154785,-2.52133297920227
"Acer nigrum",-83.4135,36.05061,29.5126361846924,-1.41433823108673,1272.14953613281,0.11154742538929,-0.105768479406834,-0.00464579183608294,-2.57031488418579,0.154331788420677,5.52437305450439,14.128101348877,1252.75329589844,29.7281017303467,-1.2130035161972
"Acer nigrum",-83.4136,36.0506,29.5426597595215,-1.40055465698242,1263.4296875,0.0933132767677307,-0.0744221359491348,-0.0162532292306423,-3.20230770111084,0.119641929864883,5.60993909835815,14.1276445388794,1252.79809570312,29.7276439666748,-1.21346020698547
"Acer nigrum",-84.976667,36.808056,29.0482559204102,-0.827161550521851,1392.22241210938,0.137294009327888,-0.358329951763153,0.177203357219696,1.79021191596985,0.393833965063095,5.07828521728516,14.2852039337158,1299.76403808594,29.3011054992676,-0.75
"Acer nigrum",-85.612268,36.060804,29.5753059387207,-1.27039778232574,1300.57299804688,0.234495729207993,0.0424712412059307,-0.177323579788208,-34.6867790222168,0.240626201033592,0.17917500436306,15.0635938644409,1395.29870605469,30.3852462768555,-0.331957250833511
"Acer nigrum",-85.33175,36.715917,29.6030082702637,-0.985639035701752,1362.08056640625,0.175832718610764,0.0314859002828598,-0.1565922498703,-1.63423323631287,0.179593399167061,0.17718942463398,14.5134048461914,1373.24487304688,29.9134044647217,-0.550000011920929
"Acer nigrum",-86.80535,36.14663,31.5559673309326,-0.290324717760086,1276.16271972656,-0.0567259043455124,-0.0594332627952099,0.0613479390740395,0.459387093782425,0.0822519510984421,3.95029401779175,15.2719764709473,1267.18359375,31.4611186981201,-0.449999988079071
"Acer nigrum",-86.471341,36.952973,31.4665470123291,-0.799900054931641,1279.6416015625,-0.245393738150597,-0.0579081065952778,0.159402042627335,-9.53913593292236,0.254884630441666,3.37333345413208,14.749457359314,1307.34387207031,31.1499996185303,-1.25
"Acer nigrum",-87.368277,36.608254,30.8347244262695,-2.3517427444458,1260.90124511719,0.505231857299805,0.296627014875412,-0.38375335931778,-3.56360912322998,0.625956535339355,0.530888140201569,15.0500001907349,1286.28955078125,31.6499996185303,-1.13424670696259
"Acer nigrum",-88.308716,36.624415,31.3821849822998,-0.818720817565918,1397.85327148438,-0.0439771562814713,0.0651904419064522,-0.00188569573219866,3.26115489006042,0.0787183120846748,2.16426777839661,14.9944505691528,1403.31359863281,31.25,-0.949999988079071
"Acer nigrum",-93.972556,36.461139,31.0239391326904,-1.42352032661438,1252.7939453125,-0.1047567948699,0.241230353713036,0.0491046607494354,-1.89659321308136,0.266124576330185,1.98048436641693,13.9527263641357,1282.10241699219,30.7805957794189,-1.64999997615814
"Acer nigrum",-93.990535,36.412793,30.7425842285156,-2.01319456100464,1197.1435546875,0.167889803647995,0.0951996967196465,-0.202441185712814,-7.00884962081909,0.194221273064613,0.515829145908356,14.1499996185303,1225.42150878906,31.0480842590332,-1.54999995231628
"Acer nigrum",-93.927517,36.472587,31.0380268096924,-1.48713755607605,1252.91833496094,-0.170695930719376,0.157829582691193,0.133721351623535,-23.429162979126,0.234627485275269,2.39533829689026,14.0066566467285,1318.80163574219,30.884428024292,-1.64999997615814
"Acer nigrum",-93.01696,36.837572,31.8250904083252,-2.4332811832428,1147.39331054688,-0.00505818007513881,-0.00282072904519737,0.00382431386969984,-9.0760440826416,0.00579155189916492,3.65029549598694,14.1032829284668,1165.00561523438,31.8543376922607,-2.35106468200684
"Acer nigrum",-93.062678,36.795336,31.8564701080322,-2.40905833244324,1159.10119628906,0.040205106139183,0.0325124450027943,-0.0343215279281139,-8.13467979431152,0.0517290607094765,0.68000191450119,14.3455543518066,1176.84887695312,31.9499969482422,-2.25
"Acer nigrum",-80.482412,37.197041,27.76686668396,-3.43659234046936,932.221740722656,-0.010337975807488,0.0341238155961037,-0.0581146441400051,-12.9769802093506,0.0356629714369774,1.86496186256409,12.0500001907349,949.20556640625,27.7666721343994,-3.25
"Acer nigrum",-80.566833,37.135067,28.0457611083984,-3.13120651245117,909.791687011719,0.0180456601083279,-0.131568357348442,0.218206912279129,-24.8671092987061,0.133193612098694,4.8486967086792,12.3361082077026,914.968872070312,28.122220993042,-2.91388916969299
"Acer nigrum",-80.666667,37.25,26.9772834777832,-4.03893661499023,902.936584472656,0.363635063171387,0.259075701236725,-0.402584195137024,-9.95548439025879,0.46283546090126,0.619039952754974,11.795539855957,898.424255371094,27.5444240570068,-3.45334410667419
"Acer nigrum",-80.333333,37.25,28.1404972076416,-2.64929795265198,990.084106445312,-0.285490393638611,-0.226303607225418,0.314698398113251,26.0639419555664,0.372886329889297,3.811856508255,11.9024343490601,972.61328125,27.6774864196777,-3.37261819839478
"Acer nigrum",-80.353964,37.991787,26.2926216125488,-5.48985052108765,989.375061035156,-0.0698200836777687,0.0271773468703032,-0.0498843863606453,-6.87489461898804,0.0749932453036308,2.77038931846619,10.8966608047485,1005.78314208984,26.1966609954834,-5.40333938598633
"Acer nigrum",-81.028022,37.984176,27.2950572967529,-4.36081886291504,1053.62634277344,0.0106516825035214,0.208583891391754,-0.215755745768547,-20.7217426300049,0.210404708981514,1.51977396011353,12.224757194519,1104.81896972656,27.3150749206543,-3.95968294143677
"Acer nigrum",-84.966837,37.286637,29.5733089447021,-2.46342849731445,1208.76525878906,0.277314692735672,-0.0150780137628317,-0.177016749978065,-17.6450309753418,0.281424403190613,6.22886753082275,14.036675453186,1230.11804199219,30.1366748809814,-1.75
"Acer nigrum",-84.758085,37.818874,29.88938331604,-2.21236348152161,1266.32543945312,0.0775495916604996,-0.373307555913925,0.296474784612656,-5.68272972106934,0.391177713871002,4.91721248626709,13.5923528671265,1198.21398925781,30.0923519134521,-2.25
"Acer nigrum",-85,38,29.9729537963867,-2.71200323104858,1223.88586425781,0.0282249748706818,0.00168680062051862,-0.0192706920206547,-11.0691566467285,0.0282791033387184,0.0596916973590851,13.4766969680786,1244.96118164062,30.076696395874,-2.54999995231628
"Acer nigrum",-84.75875,37.817645,30.2234706878662,-2.06250548362732,1200.27185058594,-0.11390994489193,-0.0976671054959297,0.164679020643234,-6.51036262512207,0.150616601109505,3.85037088394165,13.5795612335205,1200.48205566406,30.0795612335205,-2.25
"Acer nigrum",-84.68837,37.849774,29.6873817443848,-2.54953026771545,1195.91674804688,0.14694182574749,-0.597294569015503,0.464469492435455,-35.1865272521973,0.662517607212067,4.95361089706421,13.6525268554688,1141.87036132812,30.1614112854004,-2.24545979499817
"Acer nigrum",-84.68557,37.852702,29.4024200439453,-3.23509120941162,1124.23461914062,0.46032252907753,0.236852571368217,-0.521169602870941,-3.54619264602661,0.544140934944153,0.475208789110184,13.6531572341919,1145.36474609375,30.1287078857422,-2.27444911003113
"Acer nigrum",-84.687871,37.853803,30.1782627105713,-2.26896166801453,1150.39025878906,-0.0523545369505882,-0.322149217128754,0.335937798023224,-26.8966884613037,0.332466781139374,4.5512809753418,13.7424602508545,1143.82238769531,30.2457885742188,-2.24992632865906
"Acer nigrum",-84.687731,37.854522,30.6845951080322,-1.73274123668671,1131.64807128906,-0.36481174826622,-0.324729979038239,0.541335761547089,-27.3729801177979,0.510258316993713,3.86892795562744,13.7379550933838,1144.35437011719,30.2390003204346,-2.25550007820129
"Acer nigrum",-84.372428,37.90377,30.0230712890625,-2.32673001289368,1234.71728515625,0.0645935609936714,0.0726303160190582,-0.111625045537949,16.0168476104736,0.0973519012331963,0.843898117542267,13.550591468811,1214.21142578125,30.0306739807129,-2.3494086265564
"Acer nigrum",-84.396778,37.895979,29.5578479766846,-2.59752988815308,1256.43310546875,0.182473585009575,-0.0554952621459961,-0.0643781870603561,1.94728660583496,0.191901475191116,5.98794603347778,13.4369983673096,1230.77990722656,29.8400058746338,-2.36300110816956
"Acer nigrum",-84.47772,37.98869,29.6454792022705,-2.55073475837708,1254.41784667969,-0.0180847700685263,-0.086547315120697,0.0929904654622078,0.978402554988861,0.0885322168469429,4.50639486312866,13.1499996185303,1237.24963378906,29.6184844970703,-2.65000009536743
"Acer nigrum",-84.644755,37.826567,31.1128177642822,-1.34817755222321,1075.19982910156,-0.643826425075531,0.114008687436581,0.312187939882278,-13.6083097457886,0.712652266025543,2.96632957458496,13.5912046432495,1156.82250976562,30.0868701934814,-2.22433996200562
"Acer nigrum",-84.504989,37.984804,29.5878734588623,-2.5862283706665,1251.65478515625,0.00849276967346668,-0.0103716291487217,0.00432654842734337,3.07209014892578,0.0134055437520146,5.3985161781311,13.1786870956421,1243.306640625,29.5811042785645,-2.61889505386353
"Acer nigrum",-84.36042,37.901195,30.2259254455566,-2.05667209625244,1203.93994140625,-0.150257274508476,-0.0691616907715797,0.163538992404938,0.940675795078278,0.166174098849297,3.57296943664551,13.5402812957764,1197.4462890625,29.9830207824707,-2.36748600006104
"Acer nigrum",-84.36348,37.904587,30.0571060180664,-1.99007546901703,1249.00708007812,-0.181873559951782,-0.507020890712738,0.605967283248901,-24.5704402923584,0.568838775157928,4.36797571182251,13.5373210906982,1205.32885742188,29.9466495513916,-2.35667276382446
"Acer nigrum",-84.36228,37.898863,30.193000793457,-2.06989645957947,1238.80444335938,-0.0416643992066383,-0.0882569029927254,0.111997716128826,13.5792779922485,0.0977527499198914,4.27132511138916,13.6060857772827,1196.61682128906,30.0672149658203,-2.35168099403381
"Acer nigrum",-84.586958,37.790414,30.4690074920654,-1.90310752391815,1118.00805664062,-0.150276005268097,0.151060312986374,-0.0452043004333973,3.31763815879822,0.214723899960518,2.35359168052673,13.7118711471558,1148.55932617188,30.1780529022217,-2.12049150466919
"Acer nigrum",-84.397751,37.889736,29.4423332214355,-2.63837623596191,1267.33459472656,0.199401780962944,-0.153316020965576,0.018697502091527,0.288690984249115,0.254259794950485,5.62771034240723,13.3727970123291,1223.99206542969,29.7727966308594,-2.42720365524292
"Acer nigrum",-84.391111,37.941111,29.4775276184082,-2.64516353607178,1268.24951171875,0.101490996778011,-0.0134484432637691,-0.0519474223256111,4.26560878753662,0.102557830512524,6.15144395828247,13.2088937759399,1251.3779296875,29.6088924407959,-2.54999995231628
"Acer nigrum",-84.397427,37.89006,29.3911151885986,-2.70918369293213,1263.53625488281,0.229156151413918,-0.142140924930573,-0.0112860351800919,-1.4272073507309,0.27304008603096,5.72798728942871,13.3765001296997,1224.17321777344,29.7765007019043,-2.423499584198
"Acer nigrum",-84.268333,37.90056,30.2137107849121,-2.25347089767456,1142.29162597656,-0.0357116609811783,0.0302363280206919,-0.00618361355736852,-3.04305863380432,0.0468098074197769,2.43902945518494,13.6632461547852,1155.79626464844,30.1575126647949,-2.26898002624512
"Acer nigrum",-85.876531,37.725369,30.1613254547119,-2.32920742034912,1311.9169921875,0.0361579395830631,0.034174207597971,-0.0490968972444534,3.52142310142517,0.0497726649045944,0.757200479507446,13.6648139953613,1309.63757324219,30.1833381652832,-2.28703856468201
"Acer nigrum",-85.972649,37.962364,29.5533561706543,-3.45278334617615,1194.4716796875,0.482926219701767,0.110176719725132,-0.359516501426697,-5.77436017990112,0.51822030544281,0.224304929375648,13.6300239562988,1191.23901367188,30.3300304412842,-2.54999375343323
"Acer nigrum",-85,38,29.9803466796875,-2.68800115585327,1230.8466796875,0.035131823271513,0.00146606448106468,-0.023430647328496,-7.78950691223145,0.0351696498692036,0.0417061857879162,13.476128578186,1244.94604492188,30.0761280059814,-2.54999995231628
"Acer nigrum",-86.564156,37.396614,30.6146907806396,-1.9696296453476,1376.29333496094,0.0882602781057358,-0.133027359843254,0.043721716850996,-2.04713726043701,0.160329848527908,5.29817867279053,14.1611166000366,1346.70288085938,30.7860565185547,-1.85000002384186
"Acer nigrum",-86.102459,37.186531,30.0364360809326,-2.391517162323,1334.82983398438,0.391246497631073,0.135393247008324,-0.31451216340065,-0.0826599299907684,0.426856100559235,0.333157032728195,14.3477792739868,1344.52880859375,30.6555500030518,-1.54222738742828
"Acer nigrum",-86.108902,37.187999,30.4897270202637,-1.66231906414032,1382.5166015625,0.0855002850294113,-0.21109613776207,0.111782133579254,-6.73459529876709,0.229770421981812,5.09722423553467,14.3491363525391,1343.52795410156,30.7072830200195,-1.54654014110565
"Acer nigrum",-87.531806,37.987655,30.8536491394043,-2.45090913772583,1196.29345703125,0.000299462961265817,0.00591199472546577,-0.00372678367421031,-0.423012495040894,0.00591960875317454,1.52018618583679,14.1499996185303,1198.21850585938,30.8500003814697,-2.45000004768372
"Acer nigrum",-87.598717,37.991233,30.5145645141602,-2.70802927017212,1245.64672851562,0.149048507213593,-0.139058411121368,0.0251153111457825,1.14308488368988,0.20528356730938,5.53244829177856,14.1344442367554,1205.57971191406,30.769998550415,-2.51444625854492
"Acer nigrum",-88.53537,37.50351,31.2860794067383,-2.31191897392273,1269.24572753906,0.0247958470135927,0.0487680025398731,-0.036675326526165,-0.859316408634186,0.0547370351850986,1.10041558742523,14.3174076080322,1277.76159667969,31.3174076080322,-2.25
"Acer nigrum",-88.53683,37.5062,31.2117862701416,-2.36126041412354,1275.4921875,0.0490107052028179,0.0403231605887413,-0.0425209701061249,-1.53416633605957,0.0635092630982399,0.688454985618591,14.3144340515137,1282.03479003906,31.2888717651367,-2.25
"Acer nigrum",-89.421715,37.516767,31.1849937438965,-2.60900354385376,1162.20715332031,-0.0085681714117527,0.0333921238780022,-0.0120233250781894,-6.93002271652222,0.0344806984066963,1.8219701051712,14.087776184082,1181.4033203125,31.1919212341309,-2.54999995231628
"Acer nigrum",-89.220206,37.713207,31.2257442474365,-2.45898056030273,1188.27124023438,0.0200619008392096,-0.0228213388472795,0.00316168856807053,1.50280570983887,0.0303904209285975,5.43352794647217,14.25,1180.140625,31.2508907318115,-2.45000004768372
"Acer nigrum",-89.221367,37.713005,31.2429599761963,-2.44612741470337,1185.22497558594,0.00763467699289322,-0.0156405195593834,0.00487848836928606,0.774543583393097,0.0174053069204092,5.16649913787842,14.25,1180.73608398438,31.25,-2.45000004768372
"Acer nigrum",-93.415373,37.106179,31.4273223876953,-2.53054070472717,1167.66857910156,-0.0214921087026596,0.0504089258611202,-0.00109947170130908,7.10431623458862,0.0548268295824528,1.9738142490387,13.6499996185303,1161.18469238281,31.341480255127,-2.65000009536743
"Acer nigrum",-93.282616,37.189312,31.1092491149902,-2.93321323394775,1184.96594238281,-0.0181005820631981,0.00427932199090719,0.0116144083440304,-1.6402530670166,0.0186006333678961,2.90943646430969,13.4499998092651,1189.52307128906,31.080659866333,-2.95000004768372
"Acer nigrum",-83.235183,38.126217,28.7170238494873,-2.85615420341492,1283.40954589844,0.222002640366554,-0.124052979052067,-0.00484660174697638,-5.26466035842896,0.257135689258575,5.77361822128296,13.0933446884155,1253.15612792969,29.0933456420898,-2.57332754135132
"Acer nigrum",-84.8157,38.2518,30.3870620727539,-2.76813268661499,1118.83117675781,-0.0674881488084793,0.105062484741211,-0.050582330673933,-5.4083423614502,0.125197842717171,2.14178347587585,13.4724540710449,1150.21325683594,30.2724533081055,-2.76688623428345
"Acer nigrum",-85,38,30.0234279632568,-2.61933207511902,1240.03576660156,0.0239266939461231,-0.00457896990701556,-0.0110659413039684,-3.48386812210083,0.0243633147329092,6.09409666061401,13.477276802063,1244.91748046875,30.0772762298584,-2.54999995231628
"Acer nigrum",-84.873284,38.200894,30.35813331604,-2.72495341300964,1134.78393554688,0.00623309006914496,-0.00196311133913696,-0.00211166008375585,-6.38607978820801,0.00653496943414211,5.97807025909424,13.6328277587891,1145.56872558594,30.387882232666,-2.65000009536743
"Acer nigrum",-84.734848,38.053743,29.4368591308594,-3.09216713905334,1252.90380859375,0.238936722278595,0.0659623593091965,-0.211447194218636,-3.25393390655518,0.250485718250275,0.269357204437256,13.24778175354,1258.64318847656,29.8155536651611,-2.65000009536743
"Acer nigrum",-84.868272,38.196396,30.2902717590332,-2.56576752662659,1188.6455078125,0.0804184228181839,-0.0350780189037323,-0.0187394339591265,20.079029083252,0.0878488644957542,5.87187194824219,13.5852508544922,1141.00402832031,30.3498630523682,-2.67936015129089
"Acer nigrum",-84.487816,38.000778,29.5535087585449,-2.60715699195862,1250.51232910156,-0.00235454994253814,-0.0488337837159634,0.0473130941390991,0.241907075047493,0.0489100106060505,4.6642107963562,13.0508623123169,1241.08837890625,29.5499992370605,-2.65000009536743
"Acer nigrum",-84.476395,38.054892,29.6488075256348,-2.64893865585327,1219.33203125,-0.0541479252278805,0.00459082936868072,0.0299556907266378,1.79218816757202,0.0543689727783203,3.05701184272766,13.0500001907349,1220.43640136719,29.5499992370605,-2.75
"Acer nigrum",-84.458053,38.821708,29.7770900726318,-3.38812232017517,1071.6689453125,0.0889202430844307,0.0844392105937004,-0.114945158362389,16.3689250946045,0.122933998703957,0.759555697441101,12.9842176437378,1052.1005859375,29.8574409484863,-3.4377715587616
"Acer nigrum",-84.122182,38.2126,29.445405960083,-2.79314494132996,1227.1259765625,0.00104924116749316,-0.0793798044323921,0.0722421407699585,0.449255853891373,0.0794703587889671,4.72560596466064,12.9672966003418,1212.60205078125,29.4528579711914,-2.84999990463257
"Acer nigrum",-84.231401,38.627608,29.8339309692383,-3.45386481285095,1044.38354492188,-0.0147114936262369,0.340960413217545,-0.279782354831696,-6.11566638946533,0.348275810480118,1.6139167547226,12.9499998092651,1097.60546875,29.7375965118408,-3.25
"Acer nigrum",-84.125566,38.936035,29.3515701293945,-3.68455815315247,1142.42651367188,-0.103415444493294,-0.0530349649488926,0.0966872498393059,0.591277360916138,0.116484850645065,3.61545467376709,12.5030870437622,1143.93029785156,29.196174621582,-3.84136199951172
"Acer nigrum",-84.213387,38.901114,29.6275825500488,-3.81824707984924,997.152587890625,0.00853152107447386,0.0387474969029427,-0.0360957309603691,-14.9518966674805,0.0396860428154469,1.35407197475433,12.8219356536865,1019.24481201172,29.6563739776611,-3.61556172370911
"Acer nigrum",-85.725953,38.243225,30.5191612243652,-2.88599491119385,1144.64392089844,0.0224551931023598,0.0064650708809495,-0.0169825088232756,-0.243260681629181,0.0233694724738598,0.280328333377838,13.6380004882812,1144.53601074219,30.5499992370605,-2.84999990463257
"Acer nigrum",-85.724548,38.246045,30.5669975280762,-2.78272843360901,1155.84741210938,-0.0144486483186483,-0.0735580995678902,0.0676904246211052,0.494037479162216,0.0750340968370438,4.51843309402466,13.6499996185303,1144.09887695312,30.5519275665283,-2.84999990463257
"Acer nigrum",-85.539787,38.101354,30.2905235290527,-2.67884302139282,1272.49145507812,0.0506377927958965,-0.162044659256935,0.105150282382965,5.58948087692261,0.170598685741425,5.01526737213135,13.5606546401978,1226.41467285156,30.3606548309326,-2.75
"Acer nigrum",-85.618002,38.300093,29.802417755127,-3.32259440422058,1254.630859375,0.319498062133789,-0.0746234208345413,-0.10455734282732,6.04082059860229,0.334288388490677,6.05373430252075,13.4499998092651,1204.63513183594,30.2843723297119,-2.95000004768372
"Acer nigrum",-85.629974,38.093834,30.3364715576172,-2.83514499664307,1207.68054199219,0.0137220788747072,-0.0294736493378878,0.0165343675762415,1.46381497383118,0.03251713514328,5.14811611175537,13.4782619476318,1198.78649902344,30.3517265319824,-2.84999990463257
"Acer nigrum",-85.339813,38.3702,29.5168647766113,-3.24334383010864,1265.50866699219,0.107661344110966,0.101206682622433,-0.141040936112404,1.03928732872009,0.14830556511879,0.754504919052124,13.0541315078735,1274.078125,29.6541309356689,-3.04999995231628
"Acer nigrum",-85.418104,38.378621,29.8764476776123,-3.04724073410034,1290.76879882812,0.0435244888067245,-0.0171650815755129,-0.00866983737796545,4.7259464263916,0.0468040630221367,5.90753507614136,13.2126417160034,1274.9814453125,29.9111137390137,-3.04999995231628
"Acer nigrum",-85.436731,38.768372,29.5106620788574,-3.44577360153198,1287.68896484375,-0.0247051883488894,-0.0353039465844631,0.0387095659971237,4.46715831756592,0.0431029610335827,4.10180711746216,12.8500003814697,1275.66711425781,29.4500007629395,-3.54999995231628
"Acer nigrum",-85,38,30.0079326629639,-2.6359543800354,1239.44262695312,0.0299118459224701,-0.00853423122316599,-0.0113698039203882,-4.32755279541016,0.0311105102300644,6.00525712966919,13.4766969680786,1244.90222167969,30.076696395874,-2.54999995231628
"Acer nigrum",-85.004722,38.156261,29.8509349822998,-3.0223388671875,1230.91174316406,0.09412731975317,0.0294045563787222,-0.0830360725522041,-10.1810388565063,0.0987738147377968,0.302785843610764,13.3500003814697,1251.29418945312,30.0488147735596,-2.75
"Acer nigrum",-85.25028,38.498406,29.4741153717041,-3.16974091529846,1293.625,0.00352632789872587,-0.210555762052536,0.171903982758522,-13.2807483673096,0.212173640727997,4.72913503646851,13.0668287277222,1280.65930175781,29.5822277069092,-3.15000009536743
"Acer nigrum",-85.250183,38.498208,29.5808258056641,-3.14851546287537,1271.35778808594,-0.0447045005857944,-0.075713686645031,0.0854754745960236,-10.1168775558472,0.0880401059985161,4.17902755737305,13.0650014877319,1280.64013671875,29.580005645752,-3.15000009536743
"Acer nigrum",-85.150029,38.663348,29.9166011810303,-3.5825629234314,1112.51684570312,0.114552386105061,0.117658250033855,-0.153126284480095,-6.34213066101074,0.164959520101547,0.798772573471069,13.2891607284546,1131.22827148438,30.0891590118408,-3.29888439178467
"Acer nigrum",-86.996087,38.116117,30.4708595275879,-2.58953833580017,1306.64489746094,0.0966323912143707,-0.127802580595016,0.0401439070701599,6.62939596176147,0.160916283726692,5.35978698730469,13.9505043029785,1259.81591796875,30.5955619812012,-2.54999995231628
"Acer nigrum",-86.512964,38.826685,30.3446407318115,-3.87326121330261,1142.39990234375,-0.00270526017993689,-0.00845623295754194,0.00712158717215061,-2.91154527664185,0.00887853465974331,4.40276479721069,13.0487670898438,1146.45153808594,30.3475341796875,-3.84999990463257
"Acer nigrum",-87.827048,38.35569,30.513843536377,-3.21213054656982,1174.51501464844,-0.00743833091109991,-0.00729130674153566,0.00724203418940306,1.7436854839325,0.0104161333292723,3.91700959205627,13.6913414001465,1170.966796875,30.491340637207,-3.25
"Acer nigrum",-89.413136,38.892269,30.7241973876953,-4.01753854751587,1074.56811523438,-0.069602444767952,-0.00130587420426309,0.0316963158547878,3.14602780342102,0.0696710422635078,3.1603524684906,13.0976438522339,1075.88195800781,30.5999240875244,-4.15000009536743
"Acer nigrum",-90.921541,38.525971,31.4475479125977,-3.74772238731384,1111.15234375,-0.0354297570884228,0.0651723593473434,-0.023990485817194,5.83548545837402,0.074248418211937,2.0687370300293,13.2157821655273,1112.78723144531,31.3500003814697,-3.84999990463257
"Acer nigrum",-90.669261,38.564574,31.6701011657715,-3.39006090164185,1193.48327636719,-0.397767543792725,0.114795550704002,0.113599978387356,-3.04244780540466,0.426845341920853,2.86062741279602,13.123327255249,1248.60522460938,31.0593318939209,-3.84999990463257
"Acer nigrum",-90.883472,38.573277,31.478874206543,-3.92964100837708,1134.19763183594,0.0161646399646997,-0.0396506674587727,0.0170599576085806,2.32002925872803,0.0428321473300457,5.09949541091919,13.3033227920532,1124.11389160156,31.5033226013184,-3.95000004768372
"Acer nigrum",-90.939699,38.883485,31.2297706604004,-4.41838264465332,1105.5810546875,0.0709019601345062,0.111026994884014,-0.090275950729847,3.6868941783905,0.132118925452232,1.00247621536255,13.1385955810547,1105.78173828125,31.291934967041,-4.34999990463257
"Acer nigrum",-90.54233,38.202245,31.3937339782715,-3.45885920524597,1120.25244140625,-0.00131057109683752,0.0339029096066952,-0.0225670747458935,-9.37845230102539,0.0339347422122955,1.60943365097046,13.5591468811035,1141.83081054688,31.4129962921143,-3.34999990463257
"Acer nigrum",-90.542414,38.202498,31.3993396759033,-3.45755386352539,1119.35827636719,-0.00326676690019667,0.0432132482528687,-0.0278722159564495,-9.25173568725586,0.043350126594305,1.64624917507172,13.5579738616943,1142.2001953125,31.4128112792969,-3.34999990463257
"Acer nigrum",-90.598101,38.635831,31.1989898681641,-4.01933765411377,1140.35473632812,-0.034650195389986,-0.0524902455508709,0.0464514158666134,-4.74421215057373,0.0629371851682663,4.12892770767212,13.25,1145.001953125,31.170726776123,-4.03111743927002
"Acer nigrum",-90.4505,38.658978,31.0524578094482,-4.0005464553833,1131.18273925781,-0.0132897645235062,-0.0109209530055523,0.0120416022837162,2.07248687744141,0.0172021575272083,3.82945990562439,13.2007894515991,1127.78601074219,31.0231666564941,-4.05000019073486
"Acer nigrum",-90.47635,38.71697,30.740608215332,-4.48204231262207,1140.39306640625,0.227818995714188,-0.358144521713257,0.105056174099445,-9.38656711578369,0.438368916511536,5.27893686294556,13.2700023651123,1094.01147460938,31.2344417572021,-4.15000009536743
"Acer nigrum",-90.588731,38.999907,30.942081451416,-4.64923238754272,1127.03039550781,0.00608368450775743,-0.0113367093726993,0.00358203006908298,0.0943109765648842,0.0128662865608931,5.20491409301758,13.0500001907349,1125.21264648438,30.9500007629395,-4.65000009536743
"Acer nigrum",-92.34,38.9,31.4073543548584,-4.51777362823486,1119.09265136719,-0.0277828238904476,-0.008518036454916,0.0168664138764143,-0.705545783042908,0.0290633793920279,3.43908762931824,12.9130802154541,1121.89050292969,31.3635768890381,-4.55000019073486
"Acer nigrum",-92.167419,38.313385,32.1501579284668,-3.29568028450012,1180.65173339844,-0.20178160071373,-0.0758423581719398,0.174149736762047,0.134901493787766,0.217269465327263,3.5011203289032,13.4377717971802,1182.40734863281,31.8377723693848,-3.65000009536743
"Acer nigrum",-92.170546,38.578322,31.6359539031982,-4.25036954879761,1178.00122070312,0.126058652997017,-0.0218107886612415,-0.0544282309710979,-2.32802724838257,0.128283157944679,6.11186075210571,13.3411178588867,1169.74255371094,31.8461837768555,-4.05000019073486
"Acer nigrum",-92.329414,38.948322,31.3105964660645,-4.62298250198364,1119.18872070312,-0.0412182100117207,-0.00776847917586565,0.0227248650044203,-2.46033406257629,0.0419562011957169,3.32787942886353,12.8500003814697,1125.943359375,31.2507629394531,-4.65000009536743
"Acer nigrum",-92.315155,38.871017,31.4054222106934,-4.43467950820923,1157.92199707031,-0.0328515730798244,-0.0535170510411263,0.0399379096925259,4.89530372619629,0.0628370493650436,4.16184616088867,12.8823337554932,1147.55065917969,31.351001739502,-4.55000019073486
"Acer nigrum",-92.317178,38.874578,31.3533210754395,-4.57630300521851,1144.53918457031,0.0673900097608566,0.165294006466866,-0.107432834804058,7.21003389358521,0.179465383291245,1.18367159366608,12.9257040023804,1144.14721679688,31.3754100799561,-4.55000019073486
"Acer nigrum",-92.32944,38.948497,31.2632503509521,-4.64515590667725,1124.39099121094,-0.0110940122976899,-0.016750555485487,0.0127746285870671,-1.35907518863678,0.020092599093914,4.12741041183472,12.8500003814697,1125.96350097656,31.2507381439209,-4.65000009536743
"Acer nigrum",-93.587158,38.992855,31.0409393310547,-4.87721633911133,1113.23950195312,0.0510233119130135,0.00162900844588876,-0.0271618273109198,2.68991160392761,0.051071509718895,0.031915906816721,12.9499998092651,1105.33666992188,31.1100006103516,-4.84808540344238
"Acer nigrum",-94.372253,38.928295,30.8456153869629,-4.76263093948364,1146.86560058594,0.00699586886912584,0.00410598376765847,-0.00492560211569071,0.504163146018982,0.00811188761144876,0.530743002891541,12.75,1145.994140625,30.8486194610596,-4.76417016983032
"Acer nigrum",-83.636383,35.316967,25.8020133972168,-2.6787633895874,1892.00964355469,0.340491890907288,-0.359483510255814,0.0981722772121429,-50.7710266113281,0.517995417118073,5.47066211700439,12.7440757751465,1888.30688476562,26.9440765380859,-2.24209427833557
"Acer nigrum",-84.946274,35.287666,30.8085250854492,0.574050068855286,1428.43200683594,0.0654095262289047,-0.000442477001342922,-0.0240966342389584,-2.61741161346436,0.0654577612876892,6.27642059326172,15.6467819213867,1429.67785644531,30.9500007629395,0.74678236246109
"Acer nigrum",-85.975746,35.912504,30.0535068511963,-0.644271731376648,1340.40502929688,0.0590098202228546,0.0438993312418461,-0.0576174072921276,-25.196346282959,0.0736144855618477,0.639606654644012,14.9468307495117,1413.53405761719,30.4436626434326,-0.252228260040283
"Acer nigrum",-86.900354,35.76222,31.0357284545898,-0.315134555101395,1407.02685546875,0.00766241317614913,0.0349303632974625,-0.0189943667501211,-4.75083780288696,0.0357685387134552,1.35485410690308,15.25,1426.81689453125,31.0977821350098,-0.25
"Acer nigrum",-86.780158,35.951867,30.799388885498,-0.393114924430847,1417.67126464844,-0.0171745289117098,-0.100158780813217,0.0576282031834126,-1.53318881988525,0.101796321570873,4.54256772994995,14.9014549255371,1402.140625,30.798900604248,-0.449999988079071
"Acer nigrum",-86.074692,35.498076,30.149715423584,-0.139688923954964,1407.41796875,-0.00552722904831171,-0.0168565884232521,0.00774790672585368,-0.978068172931671,0.0177405700087547,4.39553880691528,14.9499998092651,1407.75109863281,30.1499996185303,-0.150000005960464
