"species","decimalLatitude","decimalLongitude","ph_d0_100","clay_d0_100","sand_d0_100","silt_d0_100","db_d0_100","ec_d0_100","texture_d0_100","elevation"
"Populus heterophylla",41.006089,-82.154128,6.323,34.05,17.475,48.475,1.537375,0,"Silty Clay Loam",347.2742004
"Populus heterophylla",37.83136,-87.994887,5.262,23.51,6.58,69.91,1.4942,0,"Silt Loam",110.7249908
"Populus heterophylla",39.347272,-75.744159,5.2714,11.982,70.194,15.25,1.59092,0,"Sandy Loam",23.32194901
"Populus heterophylla",37.047222,-89.904167,5.1305,20.80825,5.75575,73.436,1.464325,1,"Silt Loam",108.3050613
"Populus heterophylla",41.006234,-82.154087,6.323,34.05,17.475,48.475,1.537375,0,"Silty Clay Loam",347.2661743
"Populus heterophylla",34.219577,-80.192563,4.613,31.3586666666667,49.2256666666667,19.4156666666667,1.40516666666667,0,"Sandy Clay Loam",52.45306015
"Populus heterophylla",35.617363,-77.363642,4.8,8.475,60.2715,31.2535,1.4665,0,"Other",1.906610966
"Populus heterophylla",32.593228,-80.463103,4.765,19.7475,67.3465,12.906,1.4545,0,"Sandy Loam",0.783967197
"Populus heterophylla",39.279955,-86.575203,6.5,41.13,6.69,52.18,1.5,0,"Silty Clay",173.057251
"Populus heterophylla",36.60925,-76.493079,4.76666666666667,7.51833333333333,50.855,27.59,0.777,0,"Other",5.280479908
"Populus heterophylla",36.971797,-90.150772,4.7015,39.2175,3.5205,57.262,1.3962,1,"Silty Clay",102.6756516
"Populus heterophylla",37.127136,-88.46212,5.4665,22.805,7.155,70.04,1.467525,0,"Silt Loam",104.7904587
"Populus heterophylla",39.279822,-86.575517,6.5,41.13,6.69,52.18,1.5,0,"Silty Clay",173.1170044
"Populus heterophylla",41.215847,-85.148047,6.84066666666667,40.1233333333333,13.4866666666667,46.39,1.543,0,"Silty Clay",263.0159912
"Populus heterophylla",36.775517,-76.159733,5.462,20.7130281690141,35.4255281690141,43.8614436619718,1.082425,45.6914285714286,"Loam",0.935755908
"Populus heterophylla",35.453225,-76.212762,4.5,13.635,78.779,7.586,1.4498,0,"Sandy Loam",0.239094675
"Populus heterophylla",36.640595,-76.531648,4.7725,34.3875,39.8825,25.73,1.43125,0,"Clay Loam",6.735095024
"Populus heterophylla",39.276849,-86.578413,5.1145,19.66,10.5075,69.8325,1.421825,0,"Silt Loam",173.480957
"Populus heterophylla",33.810258,-80.769188,5.14,41.305,15.113,43.582,1.3785,0,"Silty Clay",28.32581711
"Populus heterophylla",39.279569,-86.57445,6.5,41.13,6.69,52.18,1.5,0,"Silty Clay",173.0988312
"Populus heterophylla",36.774958,-76.16016,4.628,20.6864406779661,33.1562711864407,46.1572881355932,1.34765,0,"Loam",0.928200006
"Populus heterophylla",34.778367,-90.757348,5.375,26.25,2.425,71.325,1.4,0,"Silt Loam",68.46245575
"Populus heterophylla",33.53157,-91.565317,5.354,23.67,8.44,67.89,1.4406,2,"Silt Loam",50.51815414
"Populus heterophylla",34.16019,-79.22292,5,11.005,69.755,19.24,1.4487,0,"Sandy Loam",14.1782093
"Populus heterophylla",33.638328,-80.482781,4.7,44.375,26.87,28.755,1.31875,0,"Clay",26.98089981
"Populus heterophylla",39.279986,-86.575228,6.5,41.13,6.69,52.18,1.5,0,"Silty Clay",173.057251
"Populus heterophylla",37.18111,-90.13777,4.81533333333333,22.1546666666667,17.1593333333333,60.686,1.49076666666667,0.2,"Silt Loam",167.6287231
"Populus heterophylla",35.601912,-77.356127,4.8,8.475,60.2715,31.2535,1.4665,0,"Other",4.55043602
"Populus heterophylla",35.184553,-89.894612,5.3,21.23,4.94,73.83,1.4588,0,"Silt Loam",75.60903168
"Populus heterophylla",33.436135,-80.802913,4.716,20.28,60.5985,19.1215,1.428,0,"Sandy Loam",54.87331009
"Populus heterophylla",31.980404,-81.085184,4.6,3.565,94.97,1.465,1.4707,0,"Loamy Sand",5.530482769
"Populus heterophylla",36.303596,-88.721194,5.3,22.53,3,74.47,1.5025,0,"Silt Loam",143.9770966
"Populus heterophylla",36.720068,-77.103813,4.62,30.18875,39.9895,29.82175,1.21718,0,"Clay Loam",11.98354816
"Populus heterophylla",32.800458,-79.94248,4.87987421383648,20.501572327044,62.225,16.3433333333333,1.43974842767296,0,"Sandy Loam",3.048905373
"Populus heterophylla",33.2077,-79.953655,4.844,37.28,36.779,25.941,1.3345,0,"Clay Loam",2.206317902
"Populus heterophylla",36.372174,-75.941224,4.04,6.5,91.6,1.9,0.7635,2.28,"Loamy Sand",0.454959244
"Populus heterophylla",37.111074,-90.453931,5.29483333333333,31.8746644295302,25.5691275167785,42.5562080536913,1.45538333333333,0.346333333333333,"Clay Loam",145.5675507
"Populus heterophylla",38.688381,-87.420358,6.653,25.405,7.265,67.33,1.3871,0,"Silt Loam",166.0261841
"Populus heterophylla",37.123811,-88.480287,5.16066666666667,25.6,8.57,65.83,1.48343333333333,0,"Silt Loam",105.0962296
"Populus heterophylla",34.903401,-91.151499,5.40533333333333,23.6416666666667,9.49766666666667,66.8606666666667,1.45686666666667,0.0333333333333333,"Silt Loam",57.33330917
"Populus heterophylla",39.278717,-86.576287,6.5,41.13,6.69,52.18,1.5,0,"Silty Clay",173.0078278
"Populus heterophylla",32.573076,-81.314154,5,46.775,19.5795,33.6455,1.349,0,"Clay",9.348314285
"Populus heterophylla",36.493333,-90.075,5.4675,23.78,11.129,65.091,1.4352,0.915,"Silt Loam",95.99819946
"Populus heterophylla",36.957222,-89.234722,6.98366666666667,37.5236666666667,16.1803333333333,46.296,1.38796666666667,1,"Silty Clay",96.94557953
"Populus heterophylla",41.73421,-86.505553,6.829,27.135,20.89,51.225,1.464025,0,"Clay Loam",240.7253571
"Populus heterophylla",41.05,-87.01,6.423,18.76,50.41,30.83,1.5255,0,"Loam",204.5180817
"Populus heterophylla",30.525465,-89.713213,4.7325,15.475,54.703,29.822,1.612775,1,"Sandy Loam",18.42144775
"Populus heterophylla",33.24633,-90.368761,5.6,14.5166666666667,35.3273333333333,50.156,1.4495,0,"Silt Loam",32.11014175
"Populus heterophylla",34.397941,-90.248198,6.095,70.95,1.8,27.25,1.3713,0,"Clay",49.81848907
"Populus heterophylla",35.602341,-77.354074,4.8,8.475,60.2715,31.2535,1.4665,0,"Other",1.96370995
"Populus heterophylla",35.26266,-77.58164,5.3,8.135,78.603,13.262,1.522,0,"Sandy Loam",12.88524723
"Populus heterophylla",33.26673,-79.629458,4.78,27.87,48.306,23.824,1.3925,0,"Sandy Clay Loam",6.37494421
"Populus heterophylla",36.626045,-87.136533,5.688,27.866,9.6458,62.4882,1.40196,0,"Silty Clay Loam",180.646637
"Populus heterophylla",39.174857,-87.129588,5.207,16.85,10.31,72.84,1.5,0,"Silt Loam",155.810379
"Populus heterophylla",35.625674,-77.31529,6.5,24.02,39.134,36.846,1.45,1,"Loam",5.803866386
"Populus heterophylla",33.493926,-79.529184,5.5,21.185,55.216,23.599,1.404,0,"Sandy Loam",1.720870852
"Populus heterophylla",36.098664,-77.569426,5.5105,24.91,33.635,41.455,1.41745,0,"Loam",16.07846069
"Populus heterophylla",36.1296,-77.420248,4.7,19.1,62.4,18.5,1.6278,0,"Sandy Loam",30.29761696
"Populus heterophylla",34.999919,-80.185698,5.1105,35.645,18.245,46.11,1.41025,0,"Silty Clay",74.49024963
"Populus heterophylla",38.41333,-76.87694,4.5956,21.2102,26.5194,52.2704,1.5849,0,"Silt Loam",45.37220764
"Populus heterophylla",33.337125,-81.019919,5.4228,13.8316666666667,66.3646,17.4374,1.34678333333333,0.166666666666667,"Sandy Loam",41.91229248
"Populus heterophylla",36.659547,-76.367013,4.82325,23.81,39.8295,36.3605,1.516625,0,"Loam",3.238674402
"Populus heterophylla",40.399123,-75.67812,5.29933333333333,24.2316666666667,41.4116666666667,34.3566666666667,1.4787,0,"Loam",260.981842
"Populus heterophylla",35.618762,-77.363092,4.7,5.5,78.1,16.4,1.498,0,"Sandy Loam",1.939449906
"Populus heterophylla",36.620777,-76.525581,4.76666666666667,7.51833333333333,50.855,27.59,0.777,0,"Other",6.210024834
"Populus heterophylla",36.636145,-76.518067,4.76666666666667,7.51833333333333,50.855,27.59,0.777,0,"Other",5.974812508
"Populus heterophylla",40.861517,-73.878018,5.05592105263158,10.5131578947368,48.2236842105263,41.2631578947368,1.455,0,"Loam",29.08465576
"Populus heterophylla",32.993604,-81.693344,6.6225,16.2,63.29,20.51,1.41125,0,"Sandy Loam",36.35649872
"Populus heterophylla",33.3918,-80.1901,4.844,37.28,36.779,25.941,1.3345,0,"Clay Loam",22.46305656
"Populus heterophylla",40.530453,-74.189823,4.94320557491289,15.816724738676,43.8198606271777,40.3634146341463,1.53193333333333,0,"Loam",11.97020721
"Populus heterophylla",41.105567,-72.369593,5.01428571428571,0.77032967032967,94.0791208791209,5.15054945054945,0.5746,0,"Loamy Sand",1.499495149
"Populus heterophylla",33.6704,-79.194283,5.3,46.38,6.5,47.12,1.392,0,"Silty Clay",1.564255238
"Populus heterophylla",35.955592,-77.812781,5.6,24.4,53.4,22.2,1.416,0,"Sandy Loam",26.09860039
"Populus heterophylla",39.067058,-75.735209,5.63625,8.871,73.93325,17.19575,1.6093,0.075,"Sandy Loam",14.83405209
"Populus heterophylla",39.357333,-75.744933,5.70975,14.1275,66.825,17.81,1.59565,0,"Sandy Loam",23.90564156
"Populus heterophylla",32.790474,-80.109494,4.8385,27.18875,53.144,19.66725,1.399125,0,"Sandy Clay Loam",2.6107862
"Populus heterophylla",36.628769,-87.140227,5.688,27.866,9.6458,62.4882,1.40196,0,"Silty Clay Loam",179.5953217
"Populus heterophylla",33.824923,-80.825457,5.5,40.71,18.662,40.628,1.39,0,"Silty Clay",29.08904457
"Populus heterophylla",37.180866,-89.021073,5.04666666666667,28.9383333333333,5.58166666666667,65.48,1.4695,0,"Silty Clay Loam",98.37436676
"Populus heterophylla",35.592686,-77.378033,4.8,8.475,60.2715,31.2535,1.4665,0,"Other",9.438392639
"Populus heterophylla",35.809665,-78.719762,5.5355,25.915,33.485,40.6,1.4483,0,"Loam",110.6278763
"Populus heterophylla",35.536693,-77.10111,3.9,5,78.5,16.5,0.4404,0,"Sandy Loam",0.461623073
"Populus heterophylla",36.93728,-90.2001,5.1305,20.80825,5.75575,73.436,1.464325,1,"Silt Loam",106.2707901
"Populus heterophylla",36.549882,-86.983073,6.7,20.72,9.966,69.314,1.354,0,"Silt Loam",201.4524994
"Populus heterophylla",34.775118,-90.770142,5.46,22.075,8.374,69.551,1.4907,1,"Silt Loam",68.73442078
"Populus heterophylla",36.432737,-76.700311,4.6,26.05,38.122,35.828,1.3776,0,"Loam",1.957203269
"Populus heterophylla",36.432629,-76.500371,3.2,15.8083333333333,42.748,41.4436666666667,0.641166666666667,0.333333333333333,"Loam",3.973341942
"Populus heterophylla",36.439931,-76.671948,4.75,16.5675,51.932,31.5005,1.422275,0,"Loam",7.046322346
"Populus heterophylla",36.77374,-76.160364,4.628,20.6864406779661,33.1562711864407,46.1572881355932,1.34765,0,"Loam",2.796037674
"Populus heterophylla",36.770278,-90.271667,5.688,31.31,12.824,55.866,1.4701,1,"Silty Clay Loam",98.98530579
"Populus heterophylla",39.279983,-86.575333,6.5,41.13,6.69,52.18,1.5,0,"Silty Clay",173.0367889
"Populus heterophylla",35.326317,-77.316072,6.798,13.6075,68.6785,17.714,1.33705,0,"Sandy Loam",1.698231339
"Populus heterophylla",33.15,-90.22,5.875,13.73,43.395,42.875,1.4997,0,"Loam",38.44789505
"Populus heterophylla",35.58,-77.43,4.6,36.36,31.68,31.96,1.542,0,"Clay Loam",23.11847496
"Populus heterophylla",31.32,-87.86,4.93333333333333,37.7366666666667,20.9566666666667,41.3066666666667,1.42366666666667,0.5,"Silty Clay",4.319662094
"Populus heterophylla",30.9,-87.97,5.33675,32.1025641025641,20.6615384615385,47.2358974358974,1.3129,0.875,"Clay Loam",0.996415854
"Populus heterophylla",32.347102,-81.047669,5.664,36.465,38.4825,25.0525,1.4145,0,"Clay Loam",4.08377552
"Populus heterophylla",40.932671,-82.485968,6.3215,34.255,17.45,48.295,1.538125,0,"Silty Clay Loam",368.1144104
"Populus heterophylla",36.280547,-76.26085,5.8,23.1,10.112,66.788,1.1303,0,"Silt Loam",0.898304343
"Populus heterophylla",39.278181,-86.576929,6.5,41.13,6.69,52.18,1.5,0,"Silty Clay",173.0759583
"Populus heterophylla",36.133239,-77.48167,4.65,28.7,38.998,32.302,1.465,0,"Clay Loam",25.15263939
"Populus heterophylla",34.70615,-79.269994,4.7,5.5,78.1,16.4,1.498,0,"Sandy Loam",49.50566483
"Populus heterophylla",33.796706,-80.786392,5.14,41.305,15.113,43.582,1.3785,0,"Silty Clay",28.68481445
"Populus heterophylla",34.690934,-79.206581,4.86,21.806,63.6185,14.5755,1.5176,0,"Sandy Loam",52.87490082
"Populus heterophylla",39.279178,-86.5738,5.1145,19.66,10.5075,69.8325,1.421825,0,"Silt Loam",173.0826111
"Populus heterophylla",35.828126,-90.632712,6.471,23.4875,12.2355,64.277,1.4541,2.36,"Silt Loam",74.07248688
"Populus heterophylla",39.0786,-77.3394,5.615,17.25,32.76,44.99,1.3435,0,"Loam",57.81286621
"Populus heterophylla",37.06952,-76.435757,4.8,33.86,30.92,35.22,1.382,0,"Clay Loam",7.732673645
"Populus heterophylla",30.6785,-89.813,5,25.9625,8.7475,65.29,1.48625,0,"Silt Loam",15.95778561
"Populus heterophylla",30.43938,-89.59428,4.88,14.80875,42.57075,42.6205,1.510625,0,"Loam",9.205343246
"Populus heterophylla",30.5028,-89.6658,4.7325,15.475,54.703,29.822,1.612775,1,"Sandy Loam",16.01408577
"Populus heterophylla",32.737,-90.057,5.0625,14.37625,17.72875,67.895,1.427,0,"Silt Loam",57.32106018
"Populus heterophylla",34.404,-90.241,6.8,71.55,1.8,26.65,1.35,0,"Clay",49.85139465
"Populus heterophylla",33.159,-90.243,5,71.25,1.8,26.95,1.3905,0,"Clay",36.09128571
"Populus heterophylla",39.299861,-86.087278,6.36085714285714,15.8657142857143,15.5771428571429,68.5571428571429,1.41857142857143,0,"Silt Loam",212.9860229
"Populus heterophylla",40.52203,-74.233765,6.52811387900356,10.4019572953737,62.5256227758007,27.0724199288256,1.5876334519573,0,"Sandy Loam",6.577001572
"Populus heterophylla",37.928488,-87.917698,5.09,25.1,5.195,69.705,1.5444,0,"Silt Loam",135.1683807
"Populus heterophylla",41.3669,-72.7169,5.01032745591939,7.5,57.8022670025189,34.6977329974811,1.37791366906475,0,"Other",62.48531723
"Populus heterophylla",41.5475,-72.6548,5.60868924889543,9.85572842998586,48.393063583815,39.6589595375723,1.51147398843931,0,"Loam",41.23060989
"Populus heterophylla",41.605,-72.88,5.6,12.2173913043478,53,32.95,1.52,0,"Other",45.10289764
"Populus heterophylla",41.4709,-73.2515,5.35,3.06376518218623,76.27004048583,20.6661943319838,1.50602,0.06,"Sandy Loam",48.37674713
"Populus heterophylla",41.6049,-72.88,5.6,12.2173913043478,53,32.95,1.52,0,"Other",45.27074814
"Populus heterophylla",41.4744,-73.2328,5.37133182844244,6.90659340659341,60.1186813186813,30.3373626373626,1.40912087912088,0,"Other",98.72924042
"Populus heterophylla",41.4745,-73.2327,5.37133182844244,6.90659340659341,60.1186813186813,30.3373626373626,1.40912087912088,0,"Other",99.89426422
"Populus heterophylla",38.471043,-75.082198,5.44466666666667,7.03683333333333,76.8751666666667,14.7546666666667,1.58138333333333,0,"Sandy Loam",1.568057179
"Populus heterophylla",34.645694,-91.05409,5.3,20.06,11.87,68.07,1.4577,0,"Silt Loam",56.79052353
"Populus heterophylla",33.328728,-91.281781,5.456,23.855,8.581,67.564,1.5,0,"Silt Loam",32.94579697
"Populus heterophylla",34.67706,-91.144479,6.248,24.85,9.50933333333333,65.6406666666667,1.47183333333333,0,"Silt Loam",55.56541061
"Populus heterophylla",34.645478,-91.053003,5.3,20.06,11.87,68.07,1.4577,0,"Silt Loam",55.85341263
"Populus heterophylla",38.840411,-87.794331,5.788,10.1425,66.6525,23.205,1.6104,1,"Sandy Loam",130.2326965
"Populus heterophylla",33.82693,-80.818017,5.14,41.305,15.113,43.582,1.3785,0,"Silty Clay",29.91781998
"Populus heterophylla",33.159692,-91.274,5.3,21.705,8.2,70.095,1.4796,0,"Silt Loam",37.94390869
"Populus heterophylla",36.628277,-87.139816,4.82333333333333,19.091,13.4353333333333,67.4736666666667,1.4643,0.1,"Silt Loam",179.2809906
"Populus heterophylla",36.756944,-90.392778,5.3,25.01,3.574,71.416,1.453,1,"Silt Loam",109.8033524
"Populus heterophylla",37.047333,-89.904083,5.1305,20.80825,5.75575,73.436,1.464325,1,"Silt Loam",108.6784668
"Populus heterophylla",36.990082,-90.132257,5.61166666666667,32.487,7.34366666666667,60.1693333333333,1.46606666666667,1.48,"Silty Clay Loam",102.7832336
"Populus heterophylla",38.505618,-87.353989,6.219,30.29,11.57,58.14,1.45,0,"Silty Clay Loam",126.6015396
"Populus heterophylla",38.286934,-75.366971,4.6132,7.01,42.772,28.438,1.17546,0.919,"Other",4.284984589
"Populus heterophylla",37.831253,-87.994812,5.262,23.51,6.58,69.91,1.4942,0,"Silt Loam",110.7711563
"Populus heterophylla",36.769278,-90.276083,5.61166666666667,32.487,7.34366666666667,60.1693333333333,1.46606666666667,1.48,"Silty Clay Loam",99.18104553
"Populus heterophylla",34.679513,-91.203314,5.8,18.945,60.12,20.935,1.3887,0,"Sandy Loam",55.29465485
"Populus heterophylla",36.442135,-76.702355,5.18175,18.11875,50.326,31.55525,1.428125,0,"Loam",9.261532784
"Populus heterophylla",33.285986,-79.631819,5.11,28.4875,48.1425,23.37,1.516,0,"Sandy Clay Loam",5.921043396
"Populus heterophylla",32.648139,-80.858333,4.8,45.225,24.925,29.85,1.4,0,"Clay",2.125571728
"Populus heterophylla",33.52153,-79.092719,5.3,5,94.4,0.6,1.5,0,"Loamy Sand",0.595067501
"Populus heterophylla",37.206111,-89.706389,6.99875,40.9335,12.59225,46.47425,1.3526,1,"Silty Clay",101.5508804
"Populus heterophylla",32.572617,-81.311142,5,46.775,19.5795,33.6455,1.349,0,"Clay",9.429758072
"Populus heterophylla",39.343855,-86.604805,4.94,25,3,72,1.49,0,"Silt Loam",215.9773712
"Populus heterophylla",39.28,-86.575272,6.5,41.13,6.69,52.18,1.5,0,"Silty Clay",173.0657196
"Populus heterophylla",33.215798,-79.528907,5.23,9.37,86.628,4.002,1.5,0,"Loamy Sand",13.51587296
"Populus heterophylla",33.77,-89.79,5.125,21.29,10.734,67.976,1.4854,0,"Silt Loam",60.60554504
"Populus heterophylla",40.9493,-80.63167,5.974,17.08,42.43,40.49,1.392,0,"Loam",337.6343384
"Populus heterophylla",37.032361,-89.381722,6.952,37.4095,17.49,45.1005,1.37245,1,"Silty Clay",98.58569336
"Populus heterophylla",36.633241,-75.907372,6.164,11.3372093023256,65.5046511627907,23.1581395348837,1.307,70.46,"Sandy Loam",0.591738462
"Populus heterophylla",37.173109,-89.026239,5.1,19.7075,5.7225,74.57,1.47625,0,"Silt Loam",98.37482452
"Populus heterophylla",33.895153,-79.008156,6.677,23.26,58.615,18.125,1.45,0,"Sandy Loam",5.566101074
"Populus heterophylla",37.929213,-88.094833,5.784,43.31,3.78,52.91,1.36185,0,"Silty Clay",106.6444855
"Populus heterophylla",39.168927,-75.781725,5.26883333333333,17.3733333333333,53.7826666666667,26.699,1.5383,0,"Sandy Loam",19.83695984
"Populus heterophylla",35.456108,-76.211206,5,5,85,10,1.65,4,"Loamy Sand",1.382518768
"Populus heterophylla",41.022032,-82.252292,6.19825,33.2775,18.9775,47.745,1.539375,0,"Silty Clay Loam",348.9634094
"Populus heterophylla",37.074885,-76.430458,4.8,33.86,30.92,35.22,1.382,0,"Clay Loam",1.007401109
"Populus heterophylla",33.791151,-79.038671,6.05,8,75,17,1.48,0,"Sandy Loam",10.00443268
"Populus heterophylla",40.614725,-74.171148,5.28949275362319,14.0231884057971,46.9123188405797,39.0644927536232,1.09905,0,"Loam",1.652183294
"Populus heterophylla",37.831253,-87.994611,5.262,23.51,6.58,69.91,1.4942,0,"Silt Loam",110.7373657
"Populus heterophylla",40.614628,-74.171128,5.28949275362319,14.0231884057971,46.9123188405797,39.0644927536232,1.09905,0,"Loam",1.668647528
"Populus heterophylla",39.280019,-86.575347,6.5,41.13,6.69,52.18,1.5,0,"Silty Clay",173.05867
"Populus heterophylla",40.614518,-74.170969,5.27248677248677,10.5407407407407,57.7396825396825,31.7195767195767,1.3368,0,"Other",1.716336489
"Populus heterophylla",36.773467,-76.125975,5.462,20.7130281690141,35.4255281690141,43.8614436619718,1.082425,45.6914285714286,"Loam",-0.177000001
"Populus heterophylla",37.1,-89.25,6.191,26.78,9.455,63.765,1.4165,0,"Silt Loam",92.94400024
"Populus heterophylla",33.559775,-80.451697,4.7,17.02,62.4955,20.4845,1.43575,0,"Sandy Loam",23.1354847
"Populus heterophylla",35.618708,-77.363145,4.7,5.5,78.1,16.4,1.498,0,"Sandy Loam",1.939449906
"Populus heterophylla",33.659758,-79.15622,5.3,46.38,6.5,47.12,1.392,0,"Silty Clay",0.892021656
"Populus heterophylla",35.392297,-78.286675,5.1,34.715,23.914,41.371,1.4072,0,"Clay Loam",27.94437218
"Populus heterophylla",40.614833,-74.171421,5.28949275362319,14.0231884057971,46.9123188405797,39.0644927536232,1.09905,0,"Loam",1.777344942
"Populus heterophylla",35.249088,-77.581795,5.5105,21.865,35.2325,42.9025,1.41745,0,"Loam",7.503987789
"Populus heterophylla",40.614704,-74.171337,5.28949275362319,14.0231884057971,46.9123188405797,39.0644927536232,1.09905,0,"Loam",1.588092804
"Populus heterophylla",41.265645,-73.578634,5.09390243902439,7.65040650406504,58.6788617886179,33.6707317073171,1.3804835589942,0,"Other",164.8242493
"Populus heterophylla",36.429175,-76.281212,4.988,34.9,31.364,33.736,1.3488,0,"Clay Loam",3.666108847
"Populus heterophylla",34.03492,-80.120888,4.41766666666667,22.6016666666667,56.35,21.0483333333333,1.56075,0.0166666666666667,"Sandy Loam",47.08909988
"Populus heterophylla",39.279973,-86.575163,6.5,41.13,6.69,52.18,1.5,0,"Silty Clay",173.0945129
"Populus heterophylla",33.828947,-80.820259,5.14,41.305,15.113,43.582,1.3785,0,"Silty Clay",30.4940834
"Populus heterophylla",38.72018,-85.848145,5.252,21.04,9.12,69.84,1.4444,0,"Silt Loam",160.5353241
"Populus heterophylla",36.389274,-77.370532,5.5,23.98,39.304,36.716,1.4144,0,"Loam",21.03324509
"Populus heterophylla",39.279986,-86.575311,6.5,41.13,6.69,52.18,1.5,0,"Silty Clay",173.0367889
"Populus heterophylla",34.048685,-77.912228,4.6,4.41,94.223,1.367,1.4549,1,"Loamy Sand",1.019626141
"Populus heterophylla",41.265683,-73.578683,5.09390243902439,7.65040650406504,58.6788617886179,33.6707317073171,1.3804835589942,0,"Other",164.608551
"Populus heterophylla",33.484933,-79.522293,4.954,5.605,83.2796666666667,11.1153333333333,1.54096666666667,0,"Sandy Loam",1.248724103
"Populus heterophylla",35.785428,-75.907439,4.5,20.8,32.156,47.044,1.369,0,"Loam",0.136355966
"Populus heterophylla",35.932587,-76.577962,4.63666666666667,44.9,41.12,13.98,1.485,0,"Clay",2.80773592
"Populus heterophylla",37.554372,-89.440673,6.409,57,3,40,1.387,0,"Clay",106.4898529
"Populus heterophylla",33.494667,-79.338845,5.074,35.9033333333333,34.7416666666667,29.355,1.48556666666667,0,"Clay Loam",4.715025902
"Populus heterophylla",36.603951,-76.225852,5.402,21.6290322580645,41.5661290322581,36.8048387096774,0.882466666666667,0,"Loam",0.117876232
"Populus heterophylla",34.258199,-78.522449,4.5,40.775,26.816,32.409,1.45,0,"Clay",12.58977985
"Populus heterophylla",33.808608,-80.773255,5.14,41.305,15.113,43.582,1.3785,0,"Silty Clay",28.10899734
"Populus heterophylla",39.347319,-75.743867,5.2714,11.982,70.194,15.25,1.59092,0,"Sandy Loam",23.96126938
"Populus heterophylla",36.971484,-90.149561,4.7015,39.2175,3.5205,57.262,1.3962,1,"Silty Clay",102.7213821
"Populus heterophylla",35.786923,-76.519164,4.00066666666667,21.3410852713178,12.8744186046512,65.784496124031,0.603966666666667,0,"Silt Loam",3.943933487
"Populus heterophylla",33.794412,-80.774331,5.14,41.305,15.113,43.582,1.3785,0,"Silty Clay",27.52427101
"Populus heterophylla",39.279122,-86.573764,5.1145,19.66,10.5075,69.8325,1.421825,0,"Silt Loam",173.1054077
"Populus heterophylla",39.279087,-86.573625,5.1145,19.66,10.5075,69.8325,1.421825,0,"Silt Loam",173.1299896
"Populus heterophylla",37.129882,-88.466577,5.29583333333333,17.1316666666667,10.7716666666667,72.0966666666667,1.45843333333333,0,"Silt Loam",104.9622269
"Populus heterophylla",36.995028,-90.140996,5.61166666666667,32.487,7.34366666666667,60.1693333333333,1.46606666666667,1.48,"Silty Clay Loam",102.556282
"Populus heterophylla",37.421242,-87.232462,6.11375,31.7075,7.135,61.1575,1.43675,0,"Silty Clay Loam",115.7032013
"Populus heterophylla",32.577213,-80.819187,4.6,39,51.32,9.68,1.6,0,"Sandy Clay",3.127790928
"Populus heterophylla",33.077322,-92.039442,5.3,22.72,9.88,67.4,1.4183,2,"Silt Loam",21.33039093
"Populus heterophylla",38.592488,-88.240869,5.725,21.35,11.1,67.55,1.435,0,"Silt Loam",123.3267441
"Populus heterophylla",33.76962,-80.629082,5.922,21.5886666666667,57.2916666666667,21.1196666666667,1.432,0,"Sandy Loam",24.73484421
"Populus heterophylla",41.265644,-73.578705,5.09390243902439,7.33333333333333,59.6361788617886,33.030487804878,1.38818181818182,0,"Other",164.971344
"Populus heterophylla",40.988722,-72.367707,4.806,8.02,71.913,20.067,1.2873,0,"Sandy Loam",2.97623229
"Populus heterophylla",41.265797,-73.578648,5.09390243902439,7.65040650406504,58.6788617886179,33.6707317073171,1.3804835589942,0,"Other",164.6112976
"Populus heterophylla",39.290662,-75.793045,5.252,6.44,80,13.56,1.6804,0,"Sandy Loam",14.46234322
"Populus heterophylla",38.731528,-85.803581,5.252,21.04,9.12,69.84,1.4444,0,"Silt Loam",161.8289642
"Populus heterophylla",37.831249,-87.994633,5.262,23.51,6.58,69.91,1.4942,0,"Silt Loam",110.7680664
"Populus heterophylla",30.789623,-89.816618,5,25.9625,8.7475,65.29,1.48625,0,"Silt Loam",21.36218071
"Populus heterophylla",37.821349,-87.999123,5.262,23.51,6.58,69.91,1.4942,0,"Silt Loam",108.0808334
"Populus heterophylla",41.004973,-82.155644,6.323,34.05,17.475,48.475,1.537375,0,"Silty Clay Loam",347.6368408
"Populus heterophylla",36.642973,-76.54177,4.7725,34.3875,39.8825,25.73,1.43125,0,"Clay Loam",6.84629488
"Populus heterophylla",36.718044,-76.076203,4.628,20.6864406779661,33.1562711864407,46.1572881355932,1.34765,0,"Loam",1.029037476
"Populus heterophylla",33.843911,-80.810614,5.5,42.65,28.101,29.249,1.317,0,"Clay",38.59744263
"Populus heterophylla",37.831209,-87.995198,5.262,23.51,6.58,69.91,1.4942,0,"Silt Loam",110.728241
"Populus heterophylla",33.819275,-80.819594,5.14,41.305,15.113,43.582,1.3785,0,"Silty Clay",30.09663582
"Populus heterophylla",33.758838,-80.649567,5.922,21.5886666666667,57.2916666666667,21.1196666666667,1.432,0,"Sandy Loam",24.87846184
"Populus heterophylla",34.560107,-80.266576,5.14166666666667,7.885,86.9473333333333,5.16766666666667,1.64816666666667,0.333333333333333,"Loamy Sand",139.2079315
"Populus heterophylla",41.166415,-87.592301,7.449,24.525,35.07,40.405,1.495,0,"Loam",189.4494781
"Populus heterophylla",32.53591,-92.063979,6.284,68,1.8,30.2,1.3008,0,"Clay",19.34047318
"Populus heterophylla",32.797748,-80.192301,5.028,37.415,51.08,11.505,1.3713,0,"Sandy Clay",0.449030817
"Populus heterophylla",39.279953,-86.575188,6.5,41.13,6.69,52.18,1.5,0,"Silty Clay",173.057251
"Populus heterophylla",37.928695,-88.09375,5.784,43.31,3.78,52.91,1.36185,0,"Silty Clay",106.5731277
"Populus heterophylla",39.276137,-86.573599,5.1145,19.66,10.5075,69.8325,1.421825,0,"Silt Loam",170.8813324
"Populus heterophylla",35.790346,-76.407925,4.5,41.7,24.06,34.24,1.47,0,"Clay",4.11138916
"Populus heterophylla",37.069039,-76.434662,4.608,16.22,64.5875,19.1925,1.35715,0,"Sandy Loam",7.334149361
"Populus heterophylla",38.287018,-75.366958,4.6132,7.01,42.772,28.438,1.17546,0.919,"Other",3.493750572
"Populus heterophylla",33.82495,-80.825572,5.5,40.71,18.662,40.628,1.39,0,"Silty Clay",29.17595673
"Populus heterophylla",33.007743,-79.684285,5.028,37.62,50.752,11.628,1.3713,0,"Sandy Clay",2.276215315
"Populus heterophylla",35.399465,-78.273346,5.1,34.715,23.914,41.371,1.4072,0,"Clay Loam",27.63639832
"Populus heterophylla",33.761066,-80.650637,5.922,21.5886666666667,57.2916666666667,21.1196666666667,1.432,0,"Sandy Loam",24.88285065
"Populus heterophylla",33.503261,-80.251237,4.7,11.82,82.31,5.87,1.5035,0,"Sandy Loam",23.07599068
"Populus heterophylla",30.566453,-88.625389,4.98171428571429,29.6171428571429,37.7401428571429,32.6427142857143,1.47191428571429,0.785714285714286,"Clay Loam",1.897859812
"Populus heterophylla",39.280003,-86.575164,6.5,41.13,6.69,52.18,1.5,0,"Silty Clay",173.1257629
"Populus heterophylla",35.876375,-77.026173,5.5105,24.91,26.296,48.794,1.41745,0,"Loam",1.85258925
"Populus heterophylla",33.820672,-80.822503,5.14,41.305,15.113,43.582,1.3785,0,"Silty Clay",29.49158287
"Populus heterophylla",35.473478,-76.133964,5,5,85,10,1.65,4,"Loamy Sand",0.200325057
"Populus heterophylla",36.237195,-76.269888,5.2,18,43.2,38.8,1.48,0,"Loam",1.617305636
"Populus heterophylla",39.282904,-86.567519,6.5,41.13,6.69,52.18,1.5,0,"Silty Clay",173.2299957
"Populus heterophylla",34.194373,-80.192705,4.9195,30.7975,34.893,34.3095,1.39575,0,"Clay Loam",47.38201523
"Populus heterophylla",35.320339,-76.957103,4.5,43.075,23.9,33.025,1.5275,0,"Clay",10.64293194
"Populus heterophylla",36.745847,-76.051712,5.462,20.7130281690141,35.4255281690141,43.8614436619718,1.082425,45.6914285714286,"Loam",0.664459646
"Populus heterophylla",33.521367,-80.939777,5,13.7883333333333,72.2283333333333,13.9833333333333,1.54793333333333,0,"Sandy Loam",51.49943542
"Populus heterophylla",41.2659,-73.578695,5.09390243902439,7.65040650406504,58.6788617886179,33.6707317073171,1.3804835589942,0,"Other",165.0411682
"Populus heterophylla",37.830239,-87.986856,5.395,28.84,13.57,57.59,1.4875,0,"Silty Clay Loam",111.469841
"Populus heterophylla",36.97149,-90.148913,5.61166666666667,32.487,7.34366666666667,60.1693333333333,1.46606666666667,1.48,"Silty Clay Loam",102.6132813
"Populus heterophylla",32.603977,-92.052708,6.467,68.5,1.8,29.7,1.2925,4,"Clay",20.87828445
"Populus heterophylla",36.77347,-76.125883,5.462,20.7130281690141,35.4255281690141,43.8614436619718,1.082425,45.6914285714286,"Loam",0.391600072
"Populus heterophylla",36.774764,-76.162116,4.628,20.6864406779661,33.1562711864407,46.1572881355932,1.34765,0,"Loam",2.818370342
"Populus heterophylla",35.47772,-76.286537,4.5,13.635,78.779,7.586,1.4498,0,"Sandy Loam",0.476442009
"Populus heterophylla",39.169604,-75.779953,5.26883333333333,17.3733333333333,53.7826666666667,26.699,1.5383,0,"Sandy Loam",19.99500084
"Populus heterophylla",36.971484,-90.149039,5.61166666666667,32.487,7.34366666666667,60.1693333333333,1.46606666666667,1.48,"Silty Clay Loam",102.6266937
"Populus heterophylla",39.280009,-86.575126,6.5,41.13,6.69,52.18,1.5,0,"Silty Clay",173.1257629
"Populus heterophylla",39.279137,-86.573587,5.1145,19.66,10.5075,69.8325,1.421825,0,"Silt Loam",173.1343994
"Populus heterophylla",34.645531,-91.053228,5.3,20.06,11.87,68.07,1.4577,0,"Silt Loam",55.83101273
"Populus heterophylla",39.278936,-86.572531,5.103,23.62,7.36,69.02,1.4703,0,"Silt Loam",173.107666
"Populus heterophylla",36.773499,-76.125932,5.462,20.7130281690141,35.4255281690141,43.8614436619718,1.082425,45.6914285714286,"Loam",-0.177000001
"Populus heterophylla",36.280572,-76.260935,5.8,23.1,10.112,66.788,1.1303,0,"Silt Loam",0.853352368
"Populus heterophylla",34.201794,-80.191355,4.86,3.11333333333333,92.93,3.95666666666667,1.52783333333333,0,"Loamy Sand",51.23920822
"Populus heterophylla",35.732129,-76.096822,5.16333333333333,19.63,58.4226666666667,21.9473333333333,1.46113333333333,0,"Sandy Loam",1.13047719
"Populus heterophylla",35.586652,-77.306344,4.694,28.14,48.9906666666667,22.8693333333333,1.43,0,"Sandy Clay Loam",7.858483791
"Populus heterophylla",34.163797,-79.471785,4.69,41.65,27.08,31.27,1.391,0,"Clay",13.0989542
"Populus heterophylla",36.97146,-90.149239,5.61166666666667,32.487,7.34366666666667,60.1693333333333,1.46606666666667,1.48,"Silty Clay Loam",102.6404877
"Populus heterophylla",35.393262,-78.28205,5.1,34.715,23.914,41.371,1.4072,0,"Clay Loam",27.66129875
"Populus heterophylla",35.870094,-77.500914,5.028,33.15,32.484,34.366,1.3528,0,"Clay Loam",14.32410622
"Populus heterophylla",41.016964,-82.244591,6.323,34.05,17.475,48.475,1.537375,0,"Silty Clay Loam",352.1233521
"Populus heterophylla",36.971389,-90.150833,4.7015,39.2175,3.5205,57.262,1.3962,1,"Silty Clay",102.9007874
"Populus heterophylla",35.268282,-77.135658,5.3,5.42,92.2305,2.3495,1.43025,0,"Loamy Sand",0.121405676
"Populus heterophylla",36.268364,-76.270238,4.7928,27.282,26.6762,46.0418,1.447,0,"Clay Loam",3.262044668
"Populus heterophylla",32.867011,-80.441192,6.585,42.095,26.934,30.971,1.427,0,"Clay",5.206802368
"Populus heterophylla",36.716847,-76.529634,4.76666666666667,15.3883333333333,44.9085,32.009,1.07766666666667,0,"Loam",6.660188675
"Populus heterophylla",36.775078,-76.160251,4.628,20.6864406779661,33.1562711864407,46.1572881355932,1.34765,0,"Loam",1.690534234
"Populus heterophylla",33.772444,-80.670905,5.5,40.71,18.662,40.628,1.39,0,"Silty Clay",24.95518112
"Populus heterophylla",34.614801,-91.138387,6.248,24.85,9.50933333333333,65.6406666666667,1.47183333333333,0,"Silt Loam",53.88830566
"Populus heterophylla",35.533664,-76.274594,4.5,24.48,27.883,47.637,1.132,1,"Loam",1.032448053
"Populus heterophylla",37.544771,-89.444928,4.72,66.45,2.45,31.1,1.4,0,"Clay",107.1401443
"Populus heterophylla",38.186769,-77.522656,5,21.1525,59.2315,19.616,1.4965,0,"Sandy Loam",63.74277878
"Populus heterophylla",36.776522,-76.160353,5.462,20.7130281690141,35.4255281690141,43.8614436619718,1.082425,45.6914285714286,"Loam",1.482272983
"Populus heterophylla",37.83122,-87.994625,5.262,23.51,6.58,69.91,1.4942,0,"Silt Loam",110.7373657
"Populus heterophylla",39.280681,-86.573795,6.5,41.13,6.69,52.18,1.5,0,"Silty Clay",173.1148987
"Populus heterophylla",36.59886,-76.29681,5.1024,17.0154320987654,57.2611111111111,25.7234567901235,1.14028,0,"Sandy Loam",0.311733484
"Populus heterophylla",35.589287,-78.135017,5.3,22.5,59.6,17.9,1.5,0,"Sandy Loam",61.77638245
"Populus heterophylla",33.7948,-80.782096,5.14,41.305,15.113,43.582,1.3785,0,"Silty Clay",27.93963623
"Populus heterophylla",37.4435,-89.396533,6.409,57,3,40,1.387,0,"Clay",104.8641586
"Populus heterophylla",37.284357,-89.117953,5.36,24.56,4.64,70.8,1.4748,0,"Silt Loam",102.2765884
"Populus heterophylla",39.279979,-86.575173,6.5,41.13,6.69,52.18,1.5,0,"Silty Clay",173.0945129
"Populus heterophylla",35.507253,-78.356688,5.5105,21.865,35.2325,42.9025,1.41745,0,"Loam",32.80519485
"Populus heterophylla",35.898175,-77.05168,4.882,22.66,60.864,16.476,1.4,0,"Sandy Loam",1.674972177
"Populus heterophylla",39.280025,-86.575378,6.5,41.13,6.69,52.18,1.5,0,"Silty Clay",173.0792999
"Populus heterophylla",35.817347,-78.412155,5.495,18.18,63.48,18.34,1.61025,0,"Sandy Loam",88.8884201
"Populus heterophylla",33.761213,-80.651763,5.922,21.5886666666667,57.2916666666667,21.1196666666667,1.432,0,"Sandy Loam",24.75312805
"Populus heterophylla",33.817594,-80.82545,5.14,41.305,15.113,43.582,1.3785,0,"Silty Clay",29.47176552
"Populus heterophylla",35.453728,-76.176319,5.62,2.5,80.5,17,1.4,1,"Sandy Loam",0.089834161
"Populus heterophylla",35.896531,-77.058684,4.7,45.45,8.524,46.026,1.4,0,"Silty Clay",1.75590229
"Populus heterophylla",36.773537,-76.125773,5.462,20.7130281690141,35.4255281690141,43.8614436619718,1.082425,45.6914285714286,"Loam",0.376100391
"Populus heterophylla",34.259417,-78.523385,4.5,40.775,26.816,32.409,1.45,0,"Clay",12.60082817
"Populus heterophylla",34.418405,-91.072875,5.4675,23.78,11.129,65.091,1.4352,0.915,"Silt Loam",49.50242233
"Populus heterophylla",36.773469,-76.125929,5.462,20.7130281690141,35.4255281690141,43.8614436619718,1.082425,45.6914285714286,"Loam",-0.177000001
"Populus heterophylla",37.544754,-89.444564,4.72,66.45,2.45,31.1,1.4,0,"Clay",106.9571838
"Populus heterophylla",35.861975,-77.045101,4.7,45.45,8.524,46.026,1.4,0,"Silty Clay",2.101560831
"Populus heterophylla",38.437597,-87.712321,5.675,24.5,41,34.5,1.4875,0,"Loam",120.5593414
"Populus heterophylla",37.905348,-87.83578,6.12266666666667,31.6333333333333,6.39333333333333,61.9733333333333,1.4232,0,"Silty Clay Loam",106.4850845
"Populus heterophylla",38.38086,-87.025219,5.194,19.6,10.035,70.365,1.42375,0,"Silt Loam",133.3431549
"Populus heterophylla",37.954165,-87.007103,5,18,39.25,42.75,1.475,0,"Loam",121.482811
"Populus heterophylla",38.427342,-87.725412,6.7065,30.795,11.35,57.855,1.41975,0,"Silty Clay Loam",118.7103119
"Populus heterophylla",33.672778,-78.904444,5,10.42,55.308,34.272,1.4708,0,"Other",5.539616585
"Populus heterophylla",37.520891,-88.658295,5.4,23.76,14.68,61.56,1.4577,0,"Silt Loam",166.4622192
"Populus heterophylla",38.610303,-89.446791,5.626,25.35,7.907,66.743,1.417,0,"Silt Loam",135.4642487
"Populus heterophylla",38.761111,-87.583333,6.356,46.64,6.452,46.908,1.3396,0,"Silty Clay",125.661972
"Populus heterophylla",41.163146,-87.605223,7.449,24.525,35.07,40.405,1.495,0,"Loam",189.0054626
"Populus heterophylla",37.548375,-89.444223,4.72,66.45,2.45,31.1,1.4,0,"Clay",107.1511917
"Populus heterophylla",38.794308,-87.818225,5.081,27.87,7.105,65.025,1.4324,0.271,"Silty Clay Loam",143.0486908
"Populus heterophylla",32.321122,-90.702827,5.6022,16.0534,6.486,77.4606,1.46058,0.4,"Silt Loam",30.04000092
"Populus heterophylla",40.937772,-73.924414,5.49053497942387,12.7633744855967,48.9148148148148,38.3218106995885,1.51144032921811,0,"Loam",127.0253983
"Populus heterophylla",33.007606,-79.685914,5.028,37.62,50.752,11.628,1.3713,0,"Sandy Clay",1.482615471
"Populus heterophylla",37.744768,-89.11269,5.2155,25.475,7.1425,67.3825,1.4539,0.422,"Silt Loam",124.6500092
"Populus heterophylla",41.702693,-81.160688,5.8013986013986,38.0157342657343,14.8293706293706,47.1548951048951,1.55297202797203,0,"Silty Clay",281.7274475
"Populus heterophylla",41.320805,-82.395582,6.323,34.05,17.475,48.475,1.537375,0,"Silty Clay Loam",250.6753693
"Populus heterophylla",36.66527,-89.47444,6.613,67.805,2.932,29.263,1.1565,1,"Clay",87.32421875
"Populus heterophylla",37.18088,-89.021001,5.04666666666667,28.9383333333333,5.58166666666667,65.48,1.4695,0,"Silty Clay Loam",98.44055176
"Populus heterophylla",34.593293,-91.007053,5.5,17.79,15.688,66.522,1.5,0,"Silt Loam",55.08042526
"Populus heterophylla",38.492564,-75.073937,5.44466666666667,7.03683333333333,76.8751666666667,14.7546666666667,1.58138333333333,0,"Sandy Loam",0.472857207
"Populus heterophylla",35.600998,-77.368203,4.96666666666667,11.4616666666667,64.2263333333333,24.312,1.51166666666667,0,"Sandy Loam",8.078009605
"Populus heterophylla",37.256148,-88.857379,5.667,48.6,4,47.4,1.421,0,"Silty Clay",102.3442764
"Populus heterophylla",34.433545,-91.053109,7.24,26.5,23.96,49.54,1.524,0,"Loam",46.79000854
"Populus heterophylla",30.55369,-84.96924,5.40613496932515,23.5386503067485,55.7846625766871,20.6766871165644,1.46378,0.1,"Sandy Loam",15.76272583
"Populus heterophylla",33.766551,-80.629083,5.922,21.5886666666667,57.2916666666667,21.1196666666667,1.432,0,"Sandy Loam",24.9452095
"Populus heterophylla",36.483333,-90.612259,5.575,22.77,60.227,17.003,1.4355,0,"Sandy Loam",88.67934418
"Populus heterophylla",37.45,-89.4,7,14.1,55.55,30.35,1.597,0,"Other",103.6994705
"Populus heterophylla",37.2351,-89.2701,5.42,24.09,6.07,69.84,1.4726,0,"Silt Loam",104.4421844
"Populus heterophylla",39.281632,-86.572577,6.5,41.13,6.69,52.18,1.5,0,"Silty Clay",173.0601654
"Populus heterophylla",33.804501,-80.806144,5.14,41.305,15.113,43.582,1.3785,0,"Silty Clay",29.08888817
