"","intercepts","slopes","R2"
"1",0.0636020063935019,0.00106027639955144,0.403547204940135
"2",0.073812539368093,0.00109828157278884,0.402708007239702
"3",0.0693334936051339,0.00112228897931583,0.403176266279696
"4",0.0646525318478337,0.00101199899130543,0.400458163201848
"5",0.0655460976847714,0.00111548853576298,0.403606992502197
"6",0.0749095231612256,0.0011098404263639,0.353620658189388
"7",0.0689581773565697,0.00104589628840369,0.383331966456365
"8",0.0665703727761882,0.00103668722925555,0.38617158606085
"9",0.0651241827238892,0.00101968464008117,0.380662365695125
"10",0.0645784760572409,0.00107247110690989,0.365169484468993
"11",0.0723228958634883,0.00104494994159617,0.359071960227729
"12",0.0718268663289782,0.00103395256974179,0.36893654799774
"13",0.0753754596377627,0.00101798683597498,0.366584265579121
"14",0.0716891140914596,0.00103648445798461,0.381421415885932
"15",0.0700130928600353,0.00108044650333939,0.40046478643712
"16",0.0688959651133055,0.00103486031513537,0.354011521958988
"17",0.0753279111346443,0.0010394893756349,0.348659460556949
"18",0.0714160695883501,0.00104392922967132,0.374201595434193
"19",0.0738747976540558,0.00105199078700509,0.365995792530527
"20",0.07426527355337,0.00100038170952092,0.365899290853458
"21",0.0696783609787708,0.00101633728677287,0.366782088377656
"22",0.0678759376636335,0.00108112176249224,0.397123649425668
"23",0.060653392687443,0.000971249045785823,0.377235443165698
"24",0.0692810184696852,0.00106725028739517,0.388712001781844
"25",0.0699548294649842,0.0010915439791993,0.388961285207978
"26",0.0706266103872625,0.00104181129358297,0.379691885933591
"27",0.0731810532248309,0.00104442820147799,0.368627478425791
"28",0.0690128716925773,0.00103166877987536,0.359116105326718
"29",0.0704411492764222,0.00106138081702249,0.411297043535993
"30",0.0680482897444035,0.000978549387234975,0.382113642054228
"31",0.0715011282728739,0.00101497070873323,0.359920592056829
"32",0.0703781690073528,0.00110188297440633,0.393291962694541
"33",0.074231351304175,0.00100536590757298,0.360468034558248
"34",0.0677656226420325,0.0010714132722566,0.399393954525
"35",0.0679065540894146,0.00107930635996738,0.389462039157541
"36",0.0738712733214657,0.00106979781380248,0.371822949417345
"37",0.0670539274541746,0.00102490012270825,0.383315182415775
"38",0.0708596998173542,0.00108678209878942,0.418802073856444
"39",0.0770729943627817,0.00105019860389995,0.360241076859255
"40",0.0677066053984805,0.00109331527870932,0.385169097014447
"41",0.0668315864273088,0.00102235848207199,0.38611079729957
"42",0.0705625005237093,0.0010563109817565,0.396941493791221
"43",0.0778846343026132,0.00102540729606277,0.350381387148185
"44",0.0680670369760628,0.0010761397859843,0.396535384633821
"45",0.0663249512219506,0.00113227178883657,0.414141531269744
"46",0.0714424333669964,0.000994317214270327,0.347516722152715
"47",0.0784357470350301,0.00104064260517531,0.363689188403337
"48",0.0662415900162974,0.000987124562492261,0.386485429505669
"49",0.0684345962665193,0.0010682918544168,0.37339650733369
"50",0.0734748866638618,0.00107469630601444,0.379755021162118
"51",0.0635016397113961,0.000985736661322792,0.380474296959029
"52",0.0723064465886804,0.00108341541666034,0.377690239962054
"53",0.0763080271198248,0.00102264689796907,0.384764255959671
"54",0.0732934921578501,0.00104948910687913,0.374310557302966
"55",0.0732027740289807,0.00101941074363232,0.345867666659783
"56",0.0731220581089349,0.0010921044869612,0.393325770684492
"57",0.076344212307411,0.00103588197961938,0.363240169593114
"58",0.0633405574509515,0.000931123658467686,0.370672189336984
"59",0.0673936870947495,0.00101749634003911,0.391380926420066
"60",0.0750617204740379,0.000989816983457362,0.359458338246146
"61",0.064315501317056,0.000998149354185985,0.38943000343803
"62",0.073791499804007,0.00106120202499208,0.36041745988905
"63",0.0706369390321115,0.00109544814972127,0.38355884446469
"64",0.0760568037994314,0.00108371141071512,0.370311837746598
"65",0.0689574171650422,0.00107046833680628,0.393330909591825
"66",0.0719873244069699,0.00108107912112162,0.352863167065929
"67",0.0686958710910606,0.00109040344336193,0.377436997300235
"68",0.0765917936535633,0.00105611449059535,0.361963917444155
"69",0.0775749575535221,0.00102950283147748,0.349759011537569
"70",0.0763038366046462,0.00110764747521364,0.393645666458715
"71",0.0711986412479726,0.00104314222894478,0.369941659146809
"72",0.0680146175396797,0.00102618306084202,0.407253380223757
"73",0.0714001423897693,0.00111534173350747,0.381213609482294
"74",0.0715935918840997,0.00113567234583906,0.386900187310618
"75",0.0738591554698469,0.00104581906373849,0.370357950820082
"76",0.0737555863343958,0.00101610563757219,0.342628856414515
"77",0.0749180625012384,0.00105419002823461,0.366937502884336
"78",0.0731925972794546,0.00100462077444446,0.362947883427676
"79",0.0681638742568123,0.00100255532911203,0.382959331358169
"80",0.0739152232882995,0.00109580375932615,0.394665112988836
"81",0.0762952413343769,0.00105415319368031,0.376862706843033
"82",0.0659032554028859,0.00103466615244621,0.365355431737142
"83",0.0741204947828329,0.0010420365713632,0.369432837540572
"84",0.0757325872848074,0.00105678734051062,0.354365506220139
"85",0.0835685648356577,0.00121938954609233,0.369165712310622
"86",0.0695073366900332,0.00108012296430867,0.382471631885023
"87",0.0712831480990075,0.00105590177990191,0.384069772739377
"88",0.0696126702303809,0.00105121758192403,0.354205901648456
"89",0.0716568829748365,0.00104832888372091,0.375631429915713
"90",0.082462989153353,0.001048655043871,0.345951584953335
"91",0.0679866187445732,0.00106163985488382,0.38476280814847
"92",0.0730100645969403,0.00103471988791703,0.350491470295481
"93",0.0718718135821735,0.00103116269005493,0.373171019775446
"94",0.0647146372111733,0.00106899762421231,0.383223527224455
"95",0.0701848627236007,0.00108040633499376,0.382355940220181
"96",0.0723330355680272,0.00110249494238602,0.375266137263284
"97",0.0738267871633137,0.00111382154955168,0.38036177094123
"98",0.0701357891848966,0.000948064264460416,0.360277217908513
"99",0.0622314470634941,0.00105189450982026,0.392010605490877
"100",0.0739377749952611,0.00111145719143811,0.384687283884675
"101",0.0725150203231472,0.00104196363634535,0.351661134689166
"102",0.0748374086173289,0.00107417684534497,0.387645673849588
"103",0.0704572980092685,0.0010454337340648,0.359969094068602
"104",0.077409144726427,0.00112544771665592,0.381912006347288
"105",0.0650092903754332,0.0010001591951168,0.38303122403826
"106",0.0656854737397712,0.00102557124663951,0.391264392954053
"107",0.0706472455424146,0.00104738088246086,0.399855405094723
"108",0.0758651770911027,0.0010564117870991,0.361233184412579
"109",0.0622165805318777,0.000980525854083679,0.384878655455645
"110",0.0706713878290451,0.00107179768544373,0.371064161428827
"111",0.0739895146460617,0.0010884468675321,0.389459541284677
"112",0.0717064905411059,0.00106407296233563,0.37600307234086
"113",0.070564210263901,0.00110056737171196,0.387672202387249
"114",0.0728894837792042,0.0010603064207429,0.378953742387277
"115",0.0680131932050705,0.00109737672308226,0.392623427473678
"116",0.0716069230390675,0.000995782156239083,0.351606389344242
"117",0.0697989455034872,0.00103673274696836,0.370179007254525
"118",0.0680621729683568,0.00102583860638852,0.377462385193892
"119",0.068049417189207,0.00103420663442161,0.376112490185531
"120",0.0679687479060516,0.00110981166733805,0.400214621251804
"121",0.072682540880985,0.0010239654266441,0.357014960576378
"122",0.0729883459379179,0.00118411979112332,0.403986573192233
"123",0.068930767734829,0.00107330261134544,0.393355438173119
"124",0.0576381770926229,0.00106570240114366,0.425782536318214
"125",0.0662584644227461,0.00107535642940741,0.392381962935382
"126",0.0753522395036292,0.00110086122283336,0.341393407808275
"127",0.069562427962209,0.00100693711561072,0.365273114607766
"128",0.0661668300776084,0.00103439561045709,0.398731399259936
"129",0.059833015665801,0.00102274421004391,0.387294796086773
"130",0.0726515786710374,0.00102496074542038,0.377453022362036
"131",0.0713199732716152,0.00112286373532437,0.397836699509448
"132",0.0686006535889568,0.000995971371395506,0.373134568506444
"133",0.0690455483842418,0.00114824645775163,0.391485382209545
"134",0.0678144084543073,0.00105871320573217,0.394167442241058
"135",0.074335407640981,0.00104555492314165,0.380087126669935
"136",0.0690836959084723,0.00113282779882282,0.415356403152084
"137",0.0657711233065791,0.00104082576526304,0.392755255086672
"138",0.0652786462126426,0.00103497490900652,0.380107608741769
"139",0.0716757167501361,0.000978068242494727,0.362318268921923
"140",0.0735941177831149,0.00106577649302874,0.373450382556259
"141",0.0750764119879511,0.00103641586696008,0.347378356198545
"142",0.0698806924564268,0.00110836064269483,0.396232547648523
"143",0.0770029791782255,0.00108441377065565,0.358269020520127
"144",0.0734782100111209,0.00102077195552989,0.36959773848065
"145",0.0723861300746862,0.00104546310962544,0.370925176126032
"146",0.0721749951332095,0.00116139917463112,0.39727670085994
"147",0.0742347970134754,0.00108567295765448,0.384832120668711
"148",0.0804565917986949,0.00105878734384913,0.347502391035494
"149",0.0657999972947478,0.0010238204178968,0.385618268354589
"150",0.0740171445322083,0.00101706096557009,0.37006142245815
"151",0.069449996303488,0.0010143933572725,0.395809918781932
"152",0.0708737551484954,0.00107698602854854,0.384615643967678
"153",0.0719504835159146,0.00103555340641387,0.388851011172785
"154",0.0734693185051117,0.00110119241830161,0.378608150220492
"155",0.0678899483155138,0.00103623996552423,0.389234441325913
"156",0.0726479517369933,0.00108922641283723,0.384123776116746
"157",0.0737942635204902,0.00103083607043242,0.342764520199504
"158",0.0711436023248762,0.00102730096793529,0.359731341696993
"159",0.070587027842325,0.00108763059053384,0.394933822479861
"160",0.0688152511399016,0.0010571157561504,0.369602451858913
"161",0.0763665597885933,0.00100292827327518,0.352506448910501
"162",0.0736383330128449,0.00108515072727037,0.352495724699673
"163",0.0606667149310282,0.000950620971724371,0.387609102989208
"164",0.0616203979976997,0.000979203315107369,0.370505312267542
"165",0.0658205455060571,0.00104891845574379,0.40507394871888
"166",0.0705522192744434,0.001095589498848,0.385271394260371
"167",0.0709180315660872,0.00102425213938326,0.368012977472941
"168",0.0692065137489566,0.000976737831106442,0.36201221229364
"169",0.072184621375336,0.00107240963977045,0.389979785023004
"170",0.0732058406907389,0.00104668129626452,0.377141668948657
"171",0.0727819404407237,0.0010174306257019,0.361204166732138
"172",0.0681222196912308,0.00112539104274354,0.403881457173396
"173",0.071753354933679,0.00104494707795691,0.389109496578926
"174",0.0681530976486225,0.00102357125998387,0.383072009931734
"175",0.0760942214748571,0.00108699954710557,0.380116731825359
"176",0.0687465193502466,0.00103139387801314,0.376091516170778
"177",0.064077907835119,0.0010583502787916,0.378770168459974
"178",0.0718050233298195,0.00114695310263726,0.415212265660657
"179",0.0624712576282151,0.000998473687316994,0.386237000346662
"180",0.0718417065947514,0.00108612050687735,0.372023841059162
"181",0.0775830947984336,0.00107492194979639,0.342938624434426
"182",0.0656169282329281,0.00104639420754408,0.39039749691417
"183",0.0716182205808534,0.00107180163284694,0.380571755982537
"184",0.071139346758032,0.00106684917400327,0.389855885151176
"185",0.0736364014879161,0.00105121636621574,0.376147400220773
"186",0.0673673438074894,0.00109304822079603,0.392704565611897
"187",0.0737813287534158,0.00105019375402539,0.368228920448699
"188",0.0692647941038538,0.00117168908827575,0.406110597650982
"189",0.0631039608804779,0.00102956979631769,0.392338291586668
"190",0.0692944385286733,0.00110611632368337,0.392037535321503
"191",0.075623564561108,0.00111147130435158,0.3790608979071
"192",0.069057648611663,0.00105776986906258,0.409280985452052
"193",0.0708468774461334,0.00108053543663373,0.363477565831935
"194",0.0741011434982489,0.00101019844919806,0.354525431744927
"195",0.0726961897485446,0.0010801967137506,0.37267643688737
"196",0.0709117052910712,0.00106846956441694,0.377153185554024
"197",0.0671097519055913,0.000958468372380779,0.357667983577791
"198",0.070597900136197,0.00105574499422672,0.372569077811025
"199",0.0770697038250892,0.00105662961195394,0.350689731596591
"200",0.0720431191983482,0.00105333573769006,0.359722039412464
"201",0.0741542871567604,0.00111881400112346,0.396974878401891
"202",0.0654849050912021,0.00110586952497231,0.395608086140434
"203",0.0685822491741164,0.00108890229021838,0.365368705545137
"204",0.0715485200406314,0.00097177599909644,0.352503715919993
"205",0.0661883148843774,0.00102418666369114,0.389890365767019
"206",0.0728249183111238,0.000985722775192138,0.360219541632359
"207",0.0704587937900392,0.00106871414805182,0.380236159910111
"208",0.0669690834877028,0.00101863036875442,0.360601764307556
"209",0.073002538026111,0.00107717601607644,0.375719247654811
"210",0.0734117127769188,0.00102830164320186,0.379784911379126
"211",0.0712568554959857,0.00106031429830618,0.377925168413619
"212",0.068596440073676,0.00107407117166439,0.392859439615065
"213",0.0745060280003561,0.0011046223591059,0.386927752947654
"214",0.0660629683164315,0.000987988976065471,0.371162192963375
"215",0.0709596216658429,0.00104122437171025,0.361847984792441
"216",0.0687360578811356,0.000991267492877148,0.360483187184153
"217",0.073077470097568,0.00108170824898186,0.366002785290018
"218",0.0719972875683926,0.00107839693959119,0.390512484537214
"219",0.0684818257367307,0.00106204719515775,0.383278448088247
"220",0.0746586670968353,0.00111771488844331,0.378070522118523
"221",0.0750611059448857,0.0010353380861075,0.361915607123809
"222",0.0768500390659168,0.00100565980620633,0.34006763602365
"223",0.0727568052310342,0.00107531340056437,0.371821350005694
"224",0.0734825217359684,0.00106329006155401,0.355767387014686
"225",0.0732813558519401,0.00105484341410959,0.367008935598448
"226",0.0723531711413931,0.00107049644033602,0.391377860799705
"227",0.0730054156388564,0.00107627315495268,0.387447737175864
"228",0.0695149873950872,0.00101110622097765,0.375347529883997
"229",0.0760521819961025,0.00109211208896412,0.367447612681736
"230",0.0755016194224586,0.00107834817650104,0.356302218536303
"231",0.0723739753889683,0.000988392531417995,0.356506218544866
"232",0.0694954164030476,0.00100831705010602,0.39465337224491
"233",0.0664874525314771,0.00107447226541745,0.405776109629594
"234",0.0721501561939073,0.0010904115302614,0.383089518314873
"235",0.0755964477060465,0.00108499708575994,0.372053936120809
"236",0.0744665744668618,0.00108789728627254,0.379253128705251
"237",0.0720825902447947,0.000976047496732269,0.363833351616675
"238",0.0734989224276532,0.00106013601324442,0.370031667246804
"239",0.0716110294361967,0.00104810021253942,0.370292038765109
"240",0.068500755362916,0.000976771360633454,0.386867020720119
"241",0.0690778077485338,0.00104684321585457,0.380861395101546
"242",0.0691178275637481,0.00110411174653082,0.394823686491208
"243",0.0703606788936313,0.00107940591285879,0.397293887626515
"244",0.0721027937499445,0.00106091974284633,0.355592448197518
"245",0.0713101218079649,0.00109293066685713,0.376624803771236
"246",0.0693405518566863,0.00103762620990158,0.372682329959647
"247",0.067802738727667,0.00102636371737428,0.371702133771066
"248",0.0718601711961148,0.00105182452791358,0.372006941081564
"249",0.0752400935110566,0.00107033428151905,0.386465409297292
"250",0.0775277663311373,0.00102827020389106,0.359912289713024
"251",0.0642573447923109,0.00106950375764842,0.397433734471413
"252",0.0667415882663328,0.00104728590654396,0.368700762052353
"253",0.0746279968383863,0.00102648229094787,0.375089892387606
"254",0.0668566245442929,0.000979142901448144,0.38655215353454
"255",0.0661642453314898,0.001008851308013,0.382762204609989
"256",0.0698628799966938,0.00102378252132794,0.365175570981263
"257",0.076133714434675,0.00107999480661835,0.357521864616218
"258",0.0685313909710523,0.00106261662722416,0.421572397582696
"259",0.0757249602044913,0.00104121269660658,0.368346309617563
"260",0.0769554523393201,0.00103740067770207,0.363876551613621
"261",0.0707862996013001,0.00100994170198507,0.365508091061704
"262",0.0662152059205439,0.00108524090233958,0.414052905005526
"263",0.0655733254684924,0.00105677984442702,0.392904371045852
"264",0.0725169474961171,0.00109142858182647,0.408750128931429
"265",0.0768794711040585,0.00108731692922511,0.359253259874763
"266",0.0715261647455256,0.0010854762146629,0.365184157823353
"267",0.0714815948570283,0.00108039027449936,0.379298901394458
"268",0.0686086406063123,0.00110191303971532,0.365502039967614
"269",0.0738706368615455,0.00107139158412948,0.372003877249804
"270",0.0701413192276568,0.00101585624909096,0.367259082429837
"271",0.0765259115618604,0.00102651367069812,0.364230698366659
"272",0.0739296927627997,0.00109242808375547,0.379603499511986
"273",0.0654501942803644,0.000979537610466203,0.374079056491684
"274",0.067467528450469,0.00102460624821859,0.377953234315845
"275",0.0697091680584753,0.00103427162475599,0.378831003294475
"276",0.0785056736501104,0.00109695910340768,0.363044065986957
"277",0.0672744220807059,0.00105334635405587,0.40929465589798
"278",0.0701708092073344,0.00109084502468357,0.389732794728374
"279",0.0707058422529091,0.00106104824588871,0.367071615996672
"280",0.0738426462507114,0.00110735810337503,0.372571343669825
"281",0.0645079416015464,0.00105630237704648,0.415282623197915
"282",0.0770890404939997,0.00105654242033903,0.355659571285602
"283",0.0636372371929109,0.00105890716006759,0.389136308890108
"284",0.0700961382346466,0.0010212834029722,0.366900785791551
"285",0.06789524197212,0.00102534030287485,0.35589271219883
"286",0.0704741203748999,0.0010159412061036,0.364330629343044
"287",0.0710129487969109,0.00106167161185225,0.377913638290385
"288",0.0727992282660732,0.000996367902325329,0.355485020321597
"289",0.0728528174864742,0.00105024975488474,0.385689776887545
"290",0.0617905324158321,0.00117601043834417,0.412299996740806
"291",0.0732846709730082,0.00102649572456129,0.366099149338567
"292",0.0737771404375888,0.00102724688432767,0.357949395445171
"293",0.0723996077730084,0.000981887448621138,0.35319225786401
"294",0.0752665192959483,0.00106833698219651,0.36967981228987
"295",0.0720706834723216,0.00107226620303814,0.378763543058086
"296",0.0745968843655184,0.0010658806123039,0.355888087656214
"297",0.061205031932601,0.00096867068003482,0.405092281126664
"298",0.0714031801329905,0.0010217748513516,0.37592818257795
"299",0.0775632800068791,0.00104372019734195,0.354886166415803
"300",0.0772002390411738,0.00105694259236619,0.36087442590984
"301",0.0682367808081076,0.00104475970562912,0.397907786905891
"302",0.0746206538888484,0.00102804627854607,0.361980657360621
"303",0.0639201595855322,0.00104952710458712,0.396670899566695
"304",0.0721396422990621,0.00102780188831358,0.367030394407969
"305",0.0781195639152266,0.00105990461557449,0.362052026066761
"306",0.0734285329158433,0.001071231816263,0.374098737449755
"307",0.0820006992553939,0.00107145575937268,0.342718384592065
"308",0.0690180801690145,0.00107797296039963,0.400066734734486
"309",0.0662947762385176,0.00104559488293623,0.390165160773101
"310",0.0724835827338971,0.0010680796182814,0.390660692003419
"311",0.0669709280462885,0.00108271170979342,0.393614678073149
"312",0.0727251424275716,0.00101930774713146,0.372092192573488
"313",0.0683680840131801,0.00101273874012567,0.382484145576609
"314",0.0731329890127216,0.00101904783169147,0.349501058994081
"315",0.0717000480824742,0.00109036993794715,0.378214536693302
"316",0.072386191482119,0.00106531689255388,0.361933857464758
"317",0.0704395033606889,0.001076710803416,0.394881103986779
"318",0.0692765541426028,0.00110432621883537,0.399767661484028
"319",0.0801362345503905,0.00108770986155938,0.347418633783526
"320",0.0680893068053178,0.000997013608559295,0.375817277828335
"321",0.0615622622775976,0.00104211429831846,0.399896805709776
"322",0.0720620921561859,0.00110118325469371,0.383391743578641
"323",0.0720976208587937,0.00105689425707874,0.382407375653404
"324",0.0730916720745749,0.00109550861484641,0.387619806729937
"325",0.069070327034547,0.00104343020340477,0.373650556364648
"326",0.0725328672576905,0.00105848312681431,0.36337212003402
"327",0.0703799038474437,0.00100266690187749,0.372481569141753
"328",0.0806155218285463,0.0010045332552058,0.358779493056364
"329",0.071822122557462,0.0010064480397557,0.3587451829349
"330",0.0749904112292017,0.00101437857765365,0.378930552793649
"331",0.0739890463538468,0.0010858583526621,0.374751867138227
"332",0.070831935273777,0.00106230001638494,0.382519101397349
"333",0.0696427571608477,0.00109876270811492,0.388268028900195
"334",0.0690095551877824,0.00105039290030243,0.378343188199693
"335",0.06480123614147,0.0009899492003306,0.364308250369452
"336",0.0701758439131636,0.00102466686213669,0.352725185378962
"337",0.0742167598836116,0.00103688985662318,0.37640376962832
"338",0.0759782696445128,0.00108135472369422,0.370892983841857
"339",0.0684964584366151,0.00102549132845394,0.366241972265035
"340",0.073151829406953,0.00111123609726035,0.371388871440883
"341",0.0740080497935712,0.00115884703616957,0.375663259894884
"342",0.070921291643037,0.00104566480566432,0.358642784042848
"343",0.0679692056335218,0.00103385093172964,0.386455238717031
"344",0.0735241045325326,0.00105823902116731,0.373896985566781
"345",0.0703574845970252,0.00103925151403575,0.389525922640288
"346",0.0782331822833416,0.00105836862531027,0.35409388124735
"347",0.0793174149371074,0.00112891765656332,0.384222238604889
"348",0.0669243807333545,0.000944160678045185,0.370129938941502
"349",0.0659136259005521,0.000971616904768515,0.359667571196023
"350",0.0713673088286155,0.000985714008014902,0.366406323620374
"351",0.0684169228945397,0.001051187287328,0.380099944341323
"352",0.0759988121883953,0.00103695345096472,0.362449755075529
"353",0.0741534309230524,0.00106070485150565,0.353031862241614
"354",0.0637717875826713,0.00103064910371705,0.373034057550557
"355",0.0682087024433414,0.000968417260144856,0.363392359497324
"356",0.0727051821148238,0.000998119418797892,0.370317177380925
"357",0.0751775600658896,0.00110260134960123,0.365856587902154
"358",0.0753832568943571,0.00103734941353121,0.37743541189377
"359",0.0700513543090326,0.00100727086911057,0.363456972205434
"360",0.0722644368363838,0.00105896251902957,0.381234017293819
"361",0.0663050559607072,0.00108297577362663,0.411359901160896
"362",0.0712026413297593,0.00109149140360723,0.388838544589653
"363",0.0661784338997604,0.00108390372658504,0.387482039538047
"364",0.069908634837853,0.00104037110071699,0.382809907784745
"365",0.0732207117057782,0.00102875062985547,0.364088532195964
"366",0.0669168687680577,0.00104397009527768,0.371373382930281
"367",0.0810973078651347,0.00105399156333519,0.324831286073886
"368",0.0733826519103336,0.00102281666873099,0.365094358566475
"369",0.0756025436247104,0.00105855562750809,0.368440929150015
"370",0.0712615251254111,0.00112138725498796,0.389069296071974
"371",0.0724416836021331,0.00110248359700681,0.394053291648916
"372",0.0719511052981037,0.00105381739677695,0.363291130166233
"373",0.0737940418387494,0.00110082286651078,0.388828391926078
"374",0.07730531794644,0.00102892874730115,0.35249805820119
"375",0.0710644971843569,0.00103106662142594,0.373455573759401
"376",0.0651256955572306,0.00110453997822937,0.402289723435593
"377",0.0771833730599829,0.00105715979786492,0.347265121941725
"378",0.0757186340111144,0.00108797508156713,0.389063496952025
"379",0.0766425705114413,0.0010686461238239,0.341639547280667
"380",0.0688937562932636,0.00107475800466534,0.37198502083067
"381",0.0654859497048027,0.000991455711798824,0.379448055855153
"382",0.0692637882412279,0.00103964626267443,0.374859711866665
"383",0.0724006245871505,0.00108844053547565,0.371171572989721
"384",0.0734717901067878,0.00105013630459876,0.362068350449041
"385",0.0703200258426292,0.000980601312932653,0.352360092962579
"386",0.0685161773595405,0.00105639854284863,0.399327180457877
"387",0.0741330846691316,0.0010744466108966,0.369845308420796
"388",0.0732826301594871,0.00103028136681587,0.374197380860658
"389",0.0658730920414675,0.00100207318537089,0.384640312483498
"390",0.0645117992963784,0.00107651610768871,0.39350249705646
"391",0.0812139307439937,0.00102531462861633,0.329083073115947
"392",0.0694130319888006,0.00104698155378995,0.402424647121213
"393",0.0728407281833003,0.00103843754273041,0.39758352348765
"394",0.0696978048097994,0.00100714327579981,0.372599200354123
"395",0.0624551608671901,0.000987127313159222,0.37995822765281
"396",0.0742663834815338,0.00111749911026791,0.386386544489238
"397",0.0691109979254113,0.00108886733532956,0.395756966436128
"398",0.0724823494428585,0.00106921533974458,0.364402788195013
"399",0.0713435953926084,0.00107617396318194,0.395176991872584
"400",0.0681474343093676,0.00108503404996583,0.387957103400604
"401",0.0593673597665089,0.00108175683836052,0.427782948554602
"402",0.0722665593461296,0.00106732801402296,0.383948966813789
"403",0.0677276248532014,0.00107219056255797,0.393977065426165
"404",0.0754208566737832,0.00100805789567486,0.364717952527939
"405",0.0732920695513595,0.00106673412055725,0.375176878637056
"406",0.0764426826041472,0.00104908124644591,0.352519528241466
"407",0.0674391154264328,0.00111915854804606,0.387315792007809
"408",0.0669379250629614,0.00107800786310037,0.377585846037829
"409",0.0783214162162248,0.00103628668679178,0.350293846267542
"410",0.0760841473311507,0.00103299860247571,0.35265395275267
"411",0.0785446422340795,0.00102368964530911,0.350358636825708
"412",0.0731022908111547,0.0010846804934203,0.383104575728708
"413",0.0837343337773031,0.00105755245624413,0.308521124891947
"414",0.0708631893042969,0.00107077874383556,0.399219160109291
"415",0.0779527788431218,0.000993808163307436,0.342734414834031
"416",0.0740045414982744,0.00104844195343315,0.368140524363508
"417",0.0737184972364783,0.00103223405701154,0.373767081284485
"418",0.0667499555593324,0.00103969261900228,0.3875784282813
"419",0.0650317965601144,0.0010498163707951,0.42681768670992
"420",0.0691006668225412,0.00106766978750099,0.388324246242287
"421",0.0751012795958642,0.00108652024762322,0.38201487708797
"422",0.0837507357086158,0.00104587722018543,0.343154150170189
"423",0.0719479387257809,0.00110428535003633,0.395172520959792
"424",0.0691612384521638,0.00104111265805432,0.364977907904898
"425",0.0708916542144964,0.00102267006890591,0.380012699819761
"426",0.0706773070533402,0.0010809665890227,0.381627598094588
"427",0.0674371039794129,0.00101932672543361,0.38389781549346
"428",0.0680897513921207,0.0010330589096331,0.371809638189698
"429",0.0810094168141895,0.00110222012197548,0.361826955687932
"430",0.0728740586412958,0.00100192971804475,0.372864202944304
"431",0.0648396310835133,0.00092660273447478,0.370043718156853
"432",0.0736320929137709,0.000988584641658334,0.350268743564396
"433",0.073376141803233,0.00105459884615329,0.37295660877494
"434",0.0709313992599953,0.00102800810272896,0.372673173141979
"435",0.068835221353418,0.00109597735448711,0.376752813304375
"436",0.0727429484044754,0.0010648206916993,0.379766796286738
"437",0.0726202878798496,0.00104482827815731,0.385696694472651
"438",0.0751846487091317,0.00111856279925886,0.373420920683568
"439",0.0734939333930434,0.00110569088131542,0.389126361821912
"440",0.0757297921036426,0.00104797844418787,0.353151170874228
"441",0.0750100340956688,0.00107324938021872,0.365183067975023
"442",0.0758673073643101,0.0010426381990378,0.373345142756158
"443",0.0720054196880363,0.00107536702453933,0.371209242005476
"444",0.0744920245165624,0.00110979368376577,0.383126674186974
"445",0.0711145185614114,0.00106029983218367,0.381399452560551
"446",0.0766411291918978,0.00112204021964046,0.372919858587516
"447",0.0707922989359602,0.00100344575305364,0.366752212354313
"448",0.0666910495505764,0.00103311249779833,0.382758483675484
"449",0.0686755825366511,0.00105058576178977,0.378297314226912
"450",0.0652823037495972,0.00102376658700479,0.384989099120701
"451",0.0779976483022815,0.00109158127686303,0.369103842273142
"452",0.0738575635571389,0.00100956635276161,0.372712651194619
"453",0.0721072271320941,0.000979658912739816,0.366861454027329
"454",0.07158137110093,0.00104409345063983,0.35689336439552
"455",0.0778803366407117,0.00110907908975832,0.361114279087101
"456",0.0786642444358253,0.00101595781731965,0.3315622285443
"457",0.0642696639594839,0.000932121404340876,0.361896925483397
"458",0.0650374049045938,0.000991051089187386,0.387602895900512
"459",0.0670037869235557,0.00102352895165767,0.373923475981309
"460",0.0698954093208677,0.00111693146067997,0.398343121578152
"461",0.0708714575906619,0.00108020819204547,0.391705298941173
"462",0.0731942768327954,0.00103072518764611,0.362986874411712
"463",0.0795400760642476,0.00103164058898634,0.326397622431569
"464",0.0713305615488206,0.00106531093492171,0.38394560555056
"465",0.072064599830578,0.00109128354888783,0.381318524615061
"466",0.0705045764949546,0.00104553475173043,0.381829215589121
"467",0.0716516089362125,0.00107268091051626,0.381259628208671
"468",0.0713916122319688,0.00101862158652508,0.389361602845258
"469",0.0723159961485986,0.00109215016721265,0.35987781006267
"470",0.0647005853704705,0.00103715617613801,0.400200498740487
"471",0.0727385652939873,0.00105659502091415,0.381218360362268
"472",0.0750351922246096,0.00107021607636917,0.369436657366782
"473",0.0734349027903205,0.00107910800980771,0.385748582294568
"474",0.0655745466505999,0.000996936081363584,0.386176645769345
"475",0.0684206479562461,0.00108770146222731,0.393542973137171
"476",0.0680265150297515,0.00105126201290338,0.376652835233605
"477",0.0698495160783814,0.00100611957647501,0.369256287216351
"478",0.0730808609712192,0.00106230774723116,0.355366055262035
"479",0.0754716835287437,0.00106868577025196,0.365943022902079
"480",0.0709832652479337,0.0010496956254254,0.370495680670144
"481",0.0711751294986259,0.00101971462669384,0.383428400972639
"482",0.0731428420528217,0.00103119657178932,0.368578508674752
"483",0.0669036100522873,0.00103765691947535,0.375944008902243
"484",0.0728930686602243,0.00105960288853042,0.374500795976264
"485",0.0627548809269448,0.000980880123025788,0.358274203750149
"486",0.0665639804040712,0.0010519175567966,0.394428062195216
"487",0.0654101389497614,0.00111536322875007,0.404422658620225
"488",0.0684648132884543,0.0011162886947937,0.384157311060166
"489",0.0781425550406634,0.00102789841867643,0.350334969067589
"490",0.0677807632057125,0.0010206560303229,0.353983684596878
"491",0.0686112920347982,0.00104977571993429,0.3747045373872
"492",0.0794918315170733,0.00104428585916573,0.354795285397498
"493",0.0733266976753331,0.00101765686911902,0.357267967546654
"494",0.0722179080310678,0.00103847950416409,0.356507610674034
"495",0.0658558589666115,0.00110352311537313,0.392000198851663
"496",0.0702795031036364,0.00111521702695965,0.415535032181549
"497",0.0691415544362556,0.00106512324293413,0.383862714012665
"498",0.0637300716000657,0.00102149690381866,0.374698514955867
"499",0.0697245261382072,0.00106468998333918,0.360806377156193
"500",0.0748474754635475,0.0010398536676489,0.355883711571247
"501",0.0693495273790748,0.00104668156269381,0.387753304218441
"502",0.0671532891459348,0.00101956145845657,0.403206764800755
"503",0.0801315633385481,0.00105994298192462,0.324166435113542
"504",0.0746956455570364,0.00105574893602104,0.364410611652724
"505",0.0729653424317038,0.00107730265083678,0.390575039735319
"506",0.0732600635159238,0.0010247455596163,0.364085606983351
"507",0.0726440736697549,0.00107740149166037,0.360357406206285
"508",0.0696752574971483,0.000980628816631533,0.354757727805241
"509",0.0713466619565861,0.00100719381555649,0.353438729795568
"510",0.0769996429146015,0.00103667097447707,0.346410127891857
"511",0.0764241602002241,0.00105768563326999,0.357786614929102
"512",0.0711586885261233,0.00106809534291925,0.381526875486747
"513",0.0794515987526324,0.00107802023247728,0.372923550396564
"514",0.0770995274914551,0.00102394840267396,0.348228615856162
"515",0.0713029670111666,0.00106474462865238,0.388537163462124
"516",0.0710280108056114,0.00116458027727022,0.423593614652257
"517",0.0717888897192408,0.00108824074335839,0.368707469066914
"518",0.0722693161554181,0.00104583272615898,0.396794141174245
"519",0.0703425074387678,0.00105723000887299,0.386777181019638
"520",0.071375452090795,0.00101059125336207,0.352232444044799
"521",0.072540373836722,0.00104379138337929,0.370902110974681
"522",0.0712035194524065,0.00102619040341808,0.370807951789721
"523",0.0639918535786115,0.00105925100314456,0.401730848398567
"524",0.0731545523343605,0.00109197255135203,0.381797149305818
"525",0.0661467397727926,0.00102560053417515,0.393471996877452
"526",0.0687240349560512,0.00106857498743505,0.373438388771481
"527",0.0737011805148555,0.00111895780079507,0.376674497834361
"528",0.0619576716552909,0.00102588870734615,0.398745903843826
"529",0.0728990622766655,0.0010420934063614,0.369412741973171
"530",0.0754377243488348,0.00109337182265667,0.369906160240536
"531",0.071221452275243,0.00102954116679771,0.381089817693415
"532",0.0661738038457796,0.00105282968717078,0.407038765251766
"533",0.0682252616455351,0.000900952337107712,0.35166664799495
"534",0.0665662983955391,0.00107561648135949,0.403122732980694
"535",0.0658117997009307,0.00104150546207232,0.388697427745549
"536",0.076617904728765,0.00112316189648648,0.383945632920255
"537",0.0768849416016683,0.000986820056845948,0.342117776276969
"538",0.0757249809717039,0.00115924693477871,0.377863776777275
"539",0.076001229138052,0.00108232893829244,0.373966012404451
"540",0.067897580253133,0.00107058136873751,0.390711415933379
"541",0.0787841676961091,0.00107807715246331,0.356885218300418
"542",0.0749098584502634,0.00105581863637228,0.362845747568097
"543",0.077134179531899,0.00104949357299079,0.366463212197578
"544",0.0729493523756778,0.00109980309621216,0.384680645383196
"545",0.0687494743441037,0.00105500632937921,0.398991650689625
"546",0.0675035326852889,0.00104159566902192,0.39920355806459
"547",0.0742555695742195,0.00108572354290506,0.370320363842631
"548",0.0753343113109596,0.00107831194678853,0.357193331553526
"549",0.0741165050838449,0.0010390714496895,0.373036383329354
"550",0.075113286987713,0.00109866505988483,0.373682039020794
"551",0.0752292132755794,0.00105510807202564,0.366794866954483
"552",0.0738270868025964,0.00112264459644649,0.394461625078595
"553",0.0717462429950407,0.00111243576170353,0.383292135057443
"554",0.0737226362274243,0.00108081499350798,0.398502865431256
"555",0.0697892958979676,0.00101251925362871,0.400588940141989
"556",0.0765182042629357,0.0010546175178386,0.364582833930109
"557",0.0697498685145437,0.00105302543323213,0.393677801999744
"558",0.0706482607061221,0.00101744663027706,0.367751946966125
"559",0.076325237312301,0.00101194634700952,0.325285116356623
"560",0.0744064191422795,0.00107596399342396,0.386890363867636
"561",0.072797631097231,0.00117718798737065,0.403041087942761
"562",0.0694088930472174,0.0011177753148319,0.401991218838958
"563",0.0648496986851765,0.00101070702264563,0.367296491273764
"564",0.0664640978146415,0.00110851736642966,0.395074401338488
"565",0.0685228001887345,0.00105589829447615,0.390527675071175
"566",0.0741314261554267,0.00101891148265464,0.358380864575382
"567",0.0615340679109795,0.00100203720786126,0.395122928835501
"568",0.0755243887082919,0.00111538265438239,0.373555325032065
"569",0.0693032528687212,0.00104471640735385,0.403419863200911
"570",0.0727302894060864,0.00107856235218698,0.388733596538615
"571",0.0673393276415368,0.00106582996565763,0.402377388247012
"572",0.0686036946600286,0.00113978354593539,0.41014071693968
"573",0.0636535788967455,0.0010186924176216,0.390260492870974
"574",0.0612538835620462,0.00104037845340305,0.389379719113503
"575",0.075102253012486,0.00108972957354467,0.372353031775575
"576",0.0770123927670116,0.00106133102950921,0.362639541882654
"577",0.0679550566823154,0.00100847553577285,0.384431797964102
"578",0.0729588000883565,0.00106328468865695,0.396654869310666
"579",0.0747466032760395,0.00101428992125344,0.365667851058204
"580",0.0728907807520914,0.00105650843223507,0.373798585651009
"581",0.073856251735854,0.00104411197846974,0.363756909330366
"582",0.0742841573923161,0.00103269347447906,0.359618025545383
"583",0.0739235447931093,0.00115773921021195,0.395566494548535
"584",0.0706127603369729,0.0010375910849304,0.395245792305916
"585",0.066183751622791,0.00102397490872002,0.394966605216448
"586",0.0669530630347098,0.00109177007591572,0.386355039692184
"587",0.0647939575903558,0.00102938317736555,0.382942651375407
"588",0.0706878598373242,0.00103945318329609,0.367191321861766
"589",0.0762181275086977,0.00107455991755969,0.379881796331656
"590",0.068548432186614,0.00100728084767274,0.368025199411571
"591",0.0706315465706089,0.00111256896498384,0.377110966765657
"592",0.0769025446095195,0.00103619754363961,0.33796025998247
"593",0.072824757523992,0.00104232520641944,0.358416185291473
"594",0.0696076030009075,0.00107818596369702,0.366009396271706
"595",0.0742694053581213,0.00110365563420498,0.388863136141385
"596",0.0737383606792893,0.00106395153509431,0.380879425304189
"597",0.0787133519156399,0.00105776935653669,0.355128703327033
"598",0.0693470449300918,0.00107640646374697,0.381852640471825
"599",0.0723640422467942,0.00113443352165121,0.384092237544785
"600",0.067971973082591,0.00102069158748786,0.38432634166382
"601",0.0656429790137651,0.00101460800397795,0.385351291522734
"602",0.069926773432722,0.00102230976518335,0.373323554163728
"603",0.0723182123169034,0.00110627869368269,0.395384497879345
"604",0.0740548950587252,0.00107463850650343,0.370302594837962
"605",0.0697940957288544,0.00105815781769907,0.384512885846465
"606",0.0710061507043334,0.00107888079360263,0.402400331707308
"607",0.0743185622731554,0.00103966040202906,0.371259167929106
"608",0.0687029283605697,0.000964158876693287,0.366688801833747
"609",0.0628419638384856,0.00106413060760748,0.412553438083465
"610",0.0774045954611798,0.000944042771833096,0.313857153388723
"611",0.0750821367144678,0.00106401344028992,0.372498021384458
"612",0.0779632540637708,0.0010762724635509,0.363718961838241
"613",0.0740394701207217,0.00102301682761697,0.362650968851756
"614",0.0682076584933192,0.00107756431577408,0.390142803379352
"615",0.0670193765829074,0.00111377956066399,0.421830326715996
"616",0.0759593879654425,0.00107604320071217,0.381398602427674
"617",0.0722313086176883,0.00108816003156015,0.393368802920676
"618",0.0783848783261822,0.00109215515950968,0.373129856036658
"619",0.0725542307221454,0.00104773357208995,0.366212081330052
"620",0.0703217017433441,0.00105349928607983,0.391965913634628
"621",0.0647931229331568,0.00102612980415764,0.373821516169113
"622",0.0740267271019464,0.0010960192589395,0.369084475742133
"623",0.0711546068381803,0.00104502294727504,0.391702835714243
"624",0.0713851353866548,0.00111850246403036,0.391626028476806
"625",0.0661533599590726,0.000979203235933194,0.354171075019284
"626",0.0726820433692086,0.00103103852882528,0.352139319757582
"627",0.0698896377523188,0.00106225393622673,0.401483557070288
"628",0.0726457430837537,0.00109042865752688,0.392805456928249
"629",0.0808759909709383,0.0010480994135667,0.351624542576698
"630",0.0743893152145746,0.00103122169300494,0.342848049672135
"631",0.0641844145708862,0.00112932495521872,0.431202482587798
"632",0.0609062615125399,0.00100799424894907,0.403084563216966
"633",0.0667970137446472,0.0010251309532937,0.400669748273939
"634",0.0658107619348249,0.000987056814244542,0.37748451626461
"635",0.0744180634049386,0.00104277842620678,0.363184525075811
"636",0.0696284211997334,0.000952209625282519,0.349162801520807
"637",0.0672280342148289,0.00103662691633176,0.380807752957908
"638",0.0758790718100565,0.00105792232477015,0.368158356279344
"639",0.0749023706637946,0.00107149157641278,0.382621419472469
"640",0.0710686274669167,0.00100528244946382,0.361102377306155
"641",0.0713877225204725,0.00106026021062526,0.375929893470741
"642",0.0652203155139001,0.00104288124516341,0.386318320291823
"643",0.0689149824150698,0.0010326063386285,0.38763912158848
"644",0.0784327187064833,0.00105552140514457,0.363163020743813
"645",0.0757818008385289,0.00101932911883798,0.348737543453572
"646",0.0763911460869935,0.00106677979916759,0.37846764547427
"647",0.0694000898599796,0.00104859985454762,0.387404668039094
"648",0.071284597998311,0.00103062584639195,0.371681114044182
"649",0.0788834615947179,0.0010255960962602,0.337998336579628
"650",0.0664758178326361,0.00103981448444368,0.386265430447183
"651",0.0696161103619248,0.00108649259283552,0.388938462976314
"652",0.0837376990719323,0.00103636537326744,0.326244832132456
"653",0.0640467716833691,0.00105530378682727,0.406970830656856
"654",0.0729305707531516,0.00101473047740201,0.36438446543544
"655",0.0738128957769982,0.00110851984526689,0.384781441967331
"656",0.0779356395573282,0.00107322102750829,0.358491635142029
"657",0.067178395917768,0.00105132732351682,0.386377093416581
"658",0.0692852057022199,0.00101933496606353,0.388738520817423
"659",0.0708216881893561,0.001102226495532,0.372598554008705
"660",0.0684468766164692,0.00103961695082318,0.392123460720494
"661",0.0631839414684269,0.00108229687646269,0.400790400953548
"662",0.0635741615144793,0.000925936241532429,0.34590880050444
"663",0.0765044963016517,0.000971470106025303,0.363811063034095
"664",0.0678058283225088,0.0011128589261047,0.408153121959442
"665",0.0766805117509252,0.00103520049627752,0.353990996887643
"666",0.0726242720813837,0.00108183766267421,0.380924058117796
"667",0.0770594271425413,0.00099719689329843,0.320349597480205
"668",0.0725579825596714,0.00102590078485239,0.356618708808524
"669",0.0720426173563745,0.00108620919383607,0.39014466395271
"670",0.0613611187653211,0.00100144995930126,0.382629089498835
"671",0.0740463708088585,0.00101021191216051,0.364469860725191
"672",0.0736277487526403,0.00109351183891857,0.395592501783986
"673",0.0742863000481482,0.00108685505804383,0.380028858114946
"674",0.0710748380245667,0.00109102476688296,0.375645170141085
"675",0.0716728255607451,0.00105457939569523,0.373722441597858
"676",0.0718473807597565,0.00101580018438454,0.36699813766254
"677",0.0704195744753618,0.00100931036763918,0.356705794775537
"678",0.0740548570433426,0.00109008569630388,0.383028082436258
"679",0.0740702895910195,0.00108425416156298,0.359853701184913
"680",0.0691015572880417,0.00106445224097733,0.378934009691602
"681",0.0749323469391255,0.00106036664474715,0.385383087693319
"682",0.0694579754826499,0.000965345053997609,0.371138211964793
"683",0.0645881645391466,0.00107556505150081,0.414683154237873
"684",0.0691669742263257,0.000982232803740809,0.35750361392763
"685",0.071195353012942,0.00106320665319914,0.363093848087856
"686",0.0759333956702214,0.00102693213481729,0.364708083442851
"687",0.0714808678259659,0.0010852236279247,0.388539905494339
"688",0.0714650972069606,0.00114571320294133,0.375909541475555
"689",0.0691568656626437,0.00106536379806632,0.393743374736752
"690",0.0752461261711092,0.00109488418245901,0.380874750686938
"691",0.0682393128502347,0.00103653692446907,0.373721127183133
"692",0.0767818496158826,0.00107408744259659,0.355791737091018
"693",0.0759673247612189,0.00110326663083203,0.362576244626181
"694",0.0737316559303282,0.00102275734826762,0.333308881678323
"695",0.0752744855665139,0.00100774350660215,0.354497536548917
"696",0.0651670880896223,0.00107325722712539,0.379611798438411
"697",0.0713138042010769,0.00105598679719679,0.396028686396046
"698",0.0717396944089777,0.00102139329985358,0.361615471667882
"699",0.0688476163344737,0.00105846212813293,0.36865975812104
"700",0.0720769280598005,0.000989614662576654,0.344461621148064
"701",0.0682149034064843,0.00105623124720373,0.387685582236367
"702",0.0693320919096083,0.00101394774162212,0.389466150658631
"703",0.0661713557220001,0.00101534513892927,0.361670001420423
"704",0.0686112761200649,0.00110571357619586,0.37630290892633
"705",0.0722736663632565,0.00105321655041994,0.388360979338947
"706",0.0621657218220255,0.00104979031916077,0.396849184666677
"707",0.069544241198084,0.00106966844005246,0.370686869239043
"708",0.0713615194019612,0.00106061796341463,0.374028814774173
"709",0.0746768617482615,0.00101324590175423,0.351621089025
"710",0.0716467784542918,0.00107607802406775,0.388787749272393
"711",0.062302224056453,0.00103045168672175,0.412210111322259
"712",0.0702064462360191,0.00100680176670404,0.363870860001463
"713",0.0685508221713701,0.00105206346252753,0.389012644575043
"714",0.0667764574985011,0.000985692022391215,0.364035029146081
"715",0.0716888207293591,0.00105168521581659,0.363503502186162
"716",0.0657787741563726,0.0010156803885605,0.374724101995596
"717",0.0741423705508804,0.00104754664595351,0.377958408262942
"718",0.0739962833778397,0.00103844045406956,0.359884558947183
"719",0.0711061687193395,0.00107681462560247,0.383103832934549
"720",0.0762656613191258,0.00107182158736836,0.380597900346549
"721",0.0666711954162869,0.0010712784043284,0.394205290736501
"722",0.0724288892274361,0.000989575386911434,0.344204802166086
"723",0.0658848366228985,0.000983752486970001,0.405097253461791
"724",0.074478343631491,0.00109271472084164,0.368588726213674
"725",0.0798465165157236,0.0011037778528266,0.364371111066793
"726",0.0748552059679384,0.00107745433606483,0.37931393738917
"727",0.074364457796826,0.00108787148392106,0.370662848305252
"728",0.0718222062750982,0.00104743739995149,0.384139108129543
"729",0.0637262542208382,0.00102002021336518,0.380847427611928
"730",0.0708825025763626,0.00109041105011533,0.374661883235052
"731",0.0621022015351151,0.000955516792565912,0.367859660031912
"732",0.0713322949764644,0.00103905341073303,0.373147947644978
"733",0.0713785166334381,0.00105542871044569,0.369158457550374
"734",0.0655959276434726,0.00104738736057195,0.379930838675339
"735",0.0757719691881357,0.00109788768409283,0.389357812975892
"736",0.0683819773784966,0.00106654672688554,0.372391110912565
"737",0.0739333399990932,0.00110066924598024,0.402599044069398
"738",0.0740323998358478,0.00109508630507942,0.372686775672613
"739",0.0744997642673765,0.00101793817032373,0.353575874805186
"740",0.0725916663161662,0.00103216324452652,0.353516606914239
"741",0.0694245650864966,0.00113116965806672,0.393935828989749
"742",0.0698477752968502,0.00103630824023366,0.389903525429758
"743",0.0741022017248396,0.00107610900222932,0.366996362970509
"744",0.0648800765178839,0.00109828271552807,0.408478470032722
"745",0.0779010017307161,0.00102033629355803,0.333795056248201
"746",0.068043346129968,0.00103535205062568,0.367853635545034
"747",0.0800937237737018,0.00107997733735042,0.361544231924768
"748",0.0723718915553498,0.00106821832757039,0.398387397789347
"749",0.0661636045075705,0.00104769286260542,0.388442852013549
"750",0.0799864578593827,0.00101234482954319,0.342804176895623
"751",0.0675576676071529,0.0010252356496157,0.390108598100441
"752",0.0791086066417505,0.00106424423968006,0.360106924794618
"753",0.0719585567496256,0.00106960613111908,0.382430851072935
"754",0.06961277386172,0.00106615255290658,0.394607162102643
"755",0.0744232989877778,0.00100282754086304,0.353042750696031
"756",0.070184230928908,0.00107128964667202,0.391068736181605
"757",0.070018426543315,0.00110967337198647,0.394182387401892
"758",0.072367204520329,0.00101415719190917,0.358506457537295
"759",0.0708555971286985,0.00104490517018583,0.380765450426952
"760",0.0696808927267134,0.00112047335323406,0.423064970260534
"761",0.0717409616796932,0.00107802061516463,0.367935999542402
"762",0.069467408545461,0.00106154657711157,0.391588429115348
"763",0.0665622802266799,0.00109941299099001,0.374767962427147
"764",0.0722196063102433,0.000993071853156545,0.351387981090466
"765",0.0761738966700183,0.00110407710558199,0.358811530913585
"766",0.0739398712759356,0.00109434086080495,0.365544617541377
"767",0.0671037939757563,0.000996417806754,0.367445267812451
"768",0.0643377715889335,0.00113173119974019,0.413113037054525
"769",0.0721874213917035,0.00110006897011391,0.385724072985479
"770",0.0720719185947915,0.00105991593236106,0.394780843154801
"771",0.0758167145689035,0.00104658910099282,0.358398841568039
"772",0.0651030479844542,0.000994827176652517,0.37978009364521
"773",0.0689719069604672,0.00101470232198236,0.390936200547564
"774",0.0674298542709121,0.00103501900687513,0.380425365993246
"775",0.0717908638007333,0.00109268983697205,0.39773898030957
"776",0.0789729716519618,0.00110788345422411,0.363014524475188
"777",0.0730832785606698,0.00108172066878476,0.388958185772177
"778",0.0727896995981536,0.00100683541390599,0.368025009295833
"779",0.0714219488073554,0.0011031422310206,0.394796925245726
"780",0.0762741004852242,0.00099420202824967,0.361671200862322
"781",0.0746794785622572,0.00110693998116527,0.405531219300878
"782",0.0707783477683973,0.00117589525931825,0.40051012439014
"783",0.0755244902089139,0.00107902061168699,0.369372109960366
"784",0.0717336196365433,0.00113314892659006,0.387416036286302
"785",0.0733766889314216,0.0010494593105563,0.389081799012382
"786",0.0720444051031441,0.00105743703617182,0.362851824634344
"787",0.0766004403869958,0.00113025213371216,0.379833850963077
"788",0.0701683295970302,0.00107294568149204,0.382465715710175
"789",0.073274741940569,0.0010961842599294,0.382613836913491
"790",0.0738876573232755,0.00103035432121151,0.368551346650468
"791",0.0727484917147219,0.0010539765032427,0.353871919363098
"792",0.0683584186095415,0.00102715268270221,0.36614408890461
"793",0.0658130201366759,0.000976972857101879,0.394884169854777
"794",0.0721801785310272,0.00100391415180458,0.360667049071493
"795",0.0710399551644123,0.00103210832429107,0.378923612281154
"796",0.0782230871237353,0.00105510318967204,0.356433491883411
"797",0.0682784361858881,0.00101978404022946,0.382064827431956
"798",0.0776529799163301,0.00108471268652797,0.345957219977065
"799",0.0773540502463267,0.00103481090828919,0.352976370774116
"800",0.0748790537191572,0.00106280514992964,0.363708787683253
"801",0.0727029421672484,0.00102946456977515,0.351598377658502
"802",0.0701325282433984,0.00103757740663342,0.371567169632768
"803",0.0707157743899365,0.00104737920560895,0.361872473886052
"804",0.0746702123658073,0.00104821776024659,0.364540632459452
"805",0.0637741699106511,0.00109868998120437,0.411915489170346
"806",0.0705332393040545,0.00104959841627856,0.396794630486359
"807",0.0658297312896368,0.000965343730683508,0.391426300250763
"808",0.0760169619755615,0.00106460192689022,0.362895582995423
"809",0.0731842362361336,0.00111646323024158,0.409600680426484
"810",0.0713911521135889,0.000979295429777128,0.341052519250249
"811",0.071733229113034,0.00108469234069171,0.375717730936106
"812",0.0724865645266711,0.00105029492490268,0.372542752709876
"813",0.0690481780849287,0.00103329032828809,0.351197579683223
"814",0.0719016628057959,0.00111759028208475,0.397716071788027
"815",0.0773574901001142,0.00108904238769234,0.382697891586737
"816",0.0704607532490455,0.00105184779737316,0.367669238815468
"817",0.0707586386599308,0.00103797352043769,0.374823310860269
"818",0.0714384026717985,0.000973274639175586,0.333492918092808
"819",0.0664763115657364,0.00104861272980025,0.369981052548706
"820",0.0686684759836701,0.00100970604768786,0.370879280470098
"821",0.0679411418762239,0.0010544625114826,0.412082364864397
"822",0.0793841017911524,0.00108113345451531,0.366289287373727
"823",0.0680785575117658,0.00108735124206262,0.378639465552692
"824",0.0755644007924309,0.00109510238601475,0.373481017410697
"825",0.0737504116619694,0.00103140976827441,0.363562658352903
"826",0.0780840260914801,0.00114782385591778,0.372724606563039
"827",0.074555734266144,0.00108341822763797,0.364435343673724
"828",0.0698699070828172,0.00108229467701897,0.404081034945314
"829",0.0750059492361803,0.00108011763822041,0.363179226908643
"830",0.0693202078663595,0.00109505829074174,0.395407564215703
"831",0.0691850046896439,0.00105016257492199,0.36564944066445
"832",0.0717684348055494,0.0010920584356081,0.376164207051294
"833",0.0752335046275452,0.00105612244730102,0.349913794976093
"834",0.0728413774475256,0.00115248193477394,0.38204122645664
"835",0.0725348548904982,0.00104622054744676,0.366192855105357
"836",0.0692915824952935,0.00111775965532914,0.411860190565613
"837",0.0715633643353034,0.00103588793628024,0.394656348951871
"838",0.0734122843211178,0.00108483290887111,0.3699294334711
"839",0.0769736501000435,0.00101041314588127,0.360297591380128
"840",0.0701961559871047,0.00105989104505276,0.379622625190221
"841",0.0700086318787529,0.00110788057913072,0.397322507121696
"842",0.0712841958750644,0.000986021504413935,0.340922812622981
"843",0.0710941768778584,0.00106198253247373,0.384026987484997
"844",0.0756792879835168,0.00107360941294254,0.386363312353293
"845",0.0687898806746168,0.00111768081823168,0.390831996752992
"846",0.0751069011049048,0.0010520767485021,0.360069182773579
"847",0.0671143656641292,0.00102941791888018,0.364832830267303
"848",0.0678874232034125,0.000998618806863316,0.368536296591183
"849",0.0712576593494849,0.00109409799180168,0.389597094839548
"850",0.0782947359519517,0.00108616956117931,0.363080564442417
"851",0.0643028250022282,0.000967287279031617,0.377739149192286
"852",0.0726102397084343,0.00102059305060155,0.376291274267005
"853",0.0699274311392125,0.00108333325603299,0.404476304343256
"854",0.0674128786391265,0.00112016209270496,0.405232618336413
"855",0.0688541370244091,0.00104343760956682,0.393520811484347
"856",0.0834451901236598,0.00105055505319433,0.344685350331092
"857",0.0644899877050662,0.00103451951209662,0.37729082767262
"858",0.0705376192808141,0.00100874204597384,0.376600438759103
"859",0.0789183084238066,0.00113758847013535,0.382544183395038
"860",0.075054318900224,0.00106868298120191,0.374790285661509
"861",0.0680572006116251,0.00102800384802774,0.393606675644856
"862",0.0659210473927899,0.00108498719201442,0.39685373439084
"863",0.0696071713355484,0.00111205918282615,0.395014330868179
"864",0.0684485412542044,0.00098335924927358,0.374435690130173
"865",0.0613361310192504,0.000966577645583683,0.375325061095755
"866",0.0748608510965685,0.00107643594061565,0.371154211394363
"867",0.0714959794098496,0.00111577439634641,0.380188949899306
"868",0.071716522063527,0.00106361286780373,0.393513612275116
"869",0.065405300788917,0.000985035353922715,0.370365045293963
"870",0.0745992501010735,0.00106560166787194,0.357854352723232
"871",0.0603809677964999,0.00105673918325314,0.421706031163901
"872",0.0690117628229825,0.00101414171761818,0.368976020465036
"873",0.0657752686566916,0.00101781005815255,0.381390805404404
"874",0.0750729377215498,0.00110514532964788,0.377811448894875
"875",0.075120548227334,0.00109867304717986,0.376295025361296
"876",0.0645664781628577,0.00102622258541641,0.377459130907095
"877",0.0722778429970525,0.00108762772450649,0.376381322854092
"878",0.0713212455801747,0.00107577775854648,0.380019477356888
"879",0.0680818457228387,0.0011528841026094,0.412993831553055
"880",0.0712608786674368,0.00110456748656989,0.381337259645582
"881",0.0637054475645074,0.000971069577330396,0.351702833940547
"882",0.0719441013466257,0.00109931588431713,0.39649301201167
"883",0.0720091036410053,0.00104183387230931,0.3582156955971
"884",0.0685872460814492,0.0010734399497785,0.397131121452357
"885",0.0751644198315335,0.00105122009577267,0.361548479689818
"886",0.0732110911259553,0.00101188525866579,0.360375998814542
"887",0.0715610854481524,0.00100128422417083,0.334650976855288
"888",0.0734123446531377,0.00110673626257343,0.377400465430179
"889",0.0743031039816761,0.00103625816268055,0.359459157088637
"890",0.0747256114734853,0.00106418820576553,0.366361503858655
"891",0.0740812716313702,0.00104444360346977,0.364368559534828
"892",0.0689160078188246,0.00107612817650761,0.39681042589663
"893",0.0708323574824035,0.00109940557194276,0.387500732103858
"894",0.0683312778074749,0.00102450610873193,0.351201700172262
"895",0.0781587974711014,0.00105248141484778,0.352016211419219
"896",0.065093335153772,0.00105597164011353,0.391473725695578
"897",0.0623891301964729,0.000951528750180493,0.386470245921478
"898",0.0672510718500212,0.00105170218703269,0.390469946734592
"899",0.0746272024914877,0.00100945890277705,0.367273291456689
"900",0.0708924201881057,0.00104985199415545,0.383797800379082
"901",0.075936196073826,0.0010890202893534,0.369665887299347
"902",0.0767107017431332,0.000973840070057823,0.347208134333586
"903",0.0681152778773989,0.00103025594310012,0.380097362043955
"904",0.0666151331555104,0.001041406447973,0.403234920083704
"905",0.0625391685457642,0.00101540925233306,0.38612757099164
"906",0.0671942577238439,0.00107614458461911,0.38968664565227
"907",0.0806596915413704,0.00103237533004843,0.347123914757361
"908",0.0700933821263484,0.00102060758215881,0.382376569950758
"909",0.0705947235089515,0.00103208514045361,0.37673679008006
"910",0.072771056293789,0.00105981554234033,0.359654791224213
"911",0.075986776706324,0.00101733517411263,0.34532100365679
"912",0.0714318087236488,0.00097168531941816,0.341258590878716
"913",0.0698851956865101,0.00102466023965973,0.375860482509179
"914",0.0609358964534695,0.00102286142767157,0.405150293908421
"915",0.0708137750186564,0.00100736814168575,0.355719224487892
"916",0.0709144118499999,0.000949894952822366,0.347592881894155
"917",0.075204634112322,0.00106678590196288,0.339248535860927
"918",0.0748224947004411,0.00106576292498348,0.374181525829636
"919",0.0715715022948553,0.00102501855942319,0.348519442845983
"920",0.0721980002645882,0.00106564968528582,0.372673834423913
"921",0.0686694842082369,0.00107776341244487,0.382061293667791
"922",0.0675824023208191,0.00109873293712563,0.371025539607368
"923",0.074519954888002,0.00108942202109719,0.379675392761862
"924",0.0748535166785058,0.00103476654269721,0.384115215156209
"925",0.0687058512350285,0.00107113897070044,0.378105225478436
"926",0.0712147846940857,0.00103103053298654,0.39376646490806
"927",0.0666851282817769,0.00101592931446172,0.389104780995109
"928",0.0703283390604255,0.00104002060028358,0.382904648601635
"929",0.074124229302483,0.00104638141296849,0.371651068076016
"930",0.0711188644558362,0.00110425286251822,0.380782357410123
"931",0.0688058771300264,0.00105275415418301,0.381034721331522
"932",0.0691535682385359,0.00108487066938635,0.407195121568529
"933",0.072348446954428,0.0010843923123676,0.396110967146192
"934",0.0676732358457549,0.00103030770333839,0.363207706302068
"935",0.0704782002514481,0.00104884041212731,0.370396349859293
"936",0.0707420445392475,0.00109108206174774,0.409457709487425
"937",0.0747101673830662,0.00104678961891191,0.384855655553647
"938",0.0683774539989522,0.00104278506725197,0.390287623209285
"939",0.0740798946359992,0.00102449341606339,0.360803149199915
"940",0.0752834050250032,0.00107909167562048,0.380411242507928
"941",0.0693954618347453,0.00109234815311585,0.376291437653511
"942",0.0646593682789568,0.000890158003434147,0.361401721291395
"943",0.0750235334976977,0.00111024144263085,0.382850324476457
"944",0.0749789927600103,0.00104877779887236,0.347173358483549
"945",0.0757364263021724,0.0011047227209725,0.382590455278639
"946",0.0684005817256274,0.00103609700669293,0.369700735527468
"947",0.0719804570274507,0.00102923175126748,0.364149562324007
"948",0.0731702747234615,0.00113739363499486,0.381468523989191
"949",0.0717083870789476,0.00109119395593563,0.363151038449291
"950",0.0703135417348627,0.00102619107337877,0.382808660284226
"951",0.070709453498489,0.00103494272659048,0.382623808511193
"952",0.0644506702523372,0.000982139161330726,0.36911780412136
"953",0.0732143944138249,0.00104197348964111,0.362843823608879
"954",0.0709052063007627,0.000996393323322217,0.374294872552593
"955",0.0616541306481587,0.00103516508697316,0.397971536029678
"956",0.0760629643808356,0.00105591969848834,0.376788512631159
"957",0.0675030358420828,0.000964575331693772,0.371880163276668
"958",0.0772833399749693,0.00104501135906454,0.362448936976071
"959",0.0715858218160492,0.00107367965810604,0.381426552009297
"960",0.0760785494368573,0.00104749753235441,0.350859182102233
"961",0.062245727272278,0.000953410479999374,0.383789172855412
"962",0.0745218671768884,0.00105334252377497,0.361445056633196
"963",0.068772279252576,0.00109470536068412,0.404628681180002
"964",0.0684288751640474,0.000998975710942178,0.364619718812455
"965",0.0699020192226182,0.00105616074560839,0.375155956981882
"966",0.0696627560306811,0.00111068952327739,0.392222815383088
"967",0.0764882091348541,0.00106123451041458,0.363740061923135
"968",0.0697215489232286,0.00105852731023852,0.386366860768077
"969",0.065225325741269,0.00109261221367726,0.403093866593526
"970",0.0654100050297697,0.00108843601927897,0.395264011704958
"971",0.074861378472274,0.00104373433404873,0.374483323333851
"972",0.0767009316011006,0.00104768736757254,0.374811064091907
"973",0.0738417473612203,0.00101007173062864,0.340830739376924
"974",0.0727299705614445,0.00103326907992188,0.356726906772883
"975",0.0734200755863739,0.00114092368672604,0.370746698629299
"976",0.0729907639536721,0.00109825850082054,0.392650027992764
"977",0.0772741195030684,0.00106738664741205,0.353864765646144
"978",0.0769972483611512,0.00111683422059971,0.364545480424674
"979",0.0706715654434713,0.00104786383217037,0.395930205361108
"980",0.0676348629230965,0.00108523424002148,0.391360033000966
"981",0.0732643576821979,0.00106013359525337,0.371028492479861
"982",0.0790264481680312,0.00103517391489029,0.348588493627153
"983",0.0717111267378228,0.00105946726683915,0.364763880556559
"984",0.0688491102853993,0.00106475428630519,0.374741549965966
"985",0.0635275261041517,0.00102226715193295,0.406149660848432
"986",0.0674319343921044,0.00103959930821796,0.37514088128875
"987",0.0728861543499832,0.00107614281404171,0.367658907561041
"988",0.0610508464974606,0.00102040671163683,0.387339947917262
"989",0.0767895645167279,0.00107896443735922,0.353182636052754
"990",0.0730727967498569,0.00102868429093399,0.358723126196411
"991",0.0694462914405165,0.00109526252272959,0.371029637051358
"992",0.0686735883387433,0.0010815689072873,0.40367731395056
"993",0.0720461113263846,0.00109399697341907,0.405260188103023
"994",0.0612832632714868,0.00105097273271511,0.398053227701895
"995",0.0675297270368375,0.00108687162130604,0.385529391087497
"996",0.0691744155013814,0.00106958896534308,0.387903185560703
"997",0.0725311422013099,0.0010469073024765,0.383473865126284
"998",0.0713496587090666,0.00110237463441277,0.402404448612613
"999",0.0691886425368047,0.00107305421217195,0.392368605089999
