"","intercepts","slopes","R2"
"1",0.0736757701400907,-2.76757501071836e-05,0.00061857135542831
"2",0.0776901449664847,-7.15728518991641e-05,0.00433961915397951
"3",0.0816236036051211,-5.52237952880271e-05,0.00223955493999761
"4",0.0793790300153742,-6.33990094733361e-05,0.00293723132324564
"5",0.0793197651269388,-5.92428861575508e-05,0.00265597494734715
"6",0.0805424900460664,-7.33854807075321e-05,0.00374179600415248
"7",0.0789689332746886,-6.36296826134774e-05,0.00303700667738616
"8",0.0757915891375709,-5.01618062954979e-05,0.00195198403623176
"9",0.0730511654301769,-5.51305676379267e-05,0.00271402551445044
"10",0.0773545489299486,-5.45367467190598e-05,0.00222532694785837
"11",0.0775890914449275,-7.54233417362051e-05,0.00463663311890261
"12",0.0847207800417634,-7.14140387916154e-05,0.00349926354503116
"13",0.0816179932561097,-7.86022036093145e-05,0.00455574585686447
"14",0.0781250119563209,-5.84846563942002e-05,0.00276677357451371
"15",0.0737012521576397,-5.07696058947699e-05,0.00215683590231586
"16",0.0743925210158573,-5.06939245013872e-05,0.00203941747731429
"17",0.0727957414075407,-5.08352212148827e-05,0.00230308379051081
"18",0.0820281051471816,-7.54717795971044e-05,0.00428243761978742
"19",0.0771019869865869,-2.8805709299728e-05,0.000602316389409441
"20",0.0794131912654541,-6.12116625970708e-05,0.00271931460473196
"21",0.0809035452960427,-6.98159915415134e-05,0.00367029632013849
"22",0.0780208916276941,-6.97623216979239e-05,0.00378486544148637
"23",0.082033097713769,-5.33739193121467e-05,0.00195768076364145
"24",0.0729402793950842,-4.54844708653288e-05,0.00181823431376849
"25",0.0757804450765147,-5.68365217920127e-05,0.00272281782744399
"26",0.079211984192525,-5.96030490734335e-05,0.00276143171569065
"27",0.0827686688067948,-5.75580402411704e-05,0.00230990879800708
"28",0.0820188714472851,-7.07790940073331e-05,0.00367928119380712
"29",0.0732167464351269,-4.74635742300391e-05,0.00189269179240137
"30",0.0773959059504391,-5.86883531544631e-05,0.00274650624998052
"31",0.0811182892322788,-6.88867180879786e-05,0.0034842689569079
"32",0.0770767197869458,-5.71823118676279e-05,0.00261133190252061
"33",0.0763152396086445,-5.31699746604571e-05,0.00228691709809836
"34",0.0763555368826176,-6.09675197449077e-05,0.00296737480425469
"35",0.0794855704192994,-6.02329023333133e-05,0.00260260901693021
"36",0.0735240215820267,-6.73056730747458e-05,0.00393258966957666
"37",0.0774102222367245,-7.67900435186755e-05,0.00477159343447808
"38",0.0800861034876903,-4.61825872521905e-05,0.00162080270760534
"39",0.0748674139780158,-5.7565547566144e-05,0.00285842637647893
"40",0.0849920423081283,-6.36489931563031e-05,0.00270449988551946
"41",0.0761984741020002,-6.53388364283983e-05,0.00358053672892744
"42",0.0803209730484455,-5.33135940542625e-05,0.00195277179997666
"43",0.0834734034370553,-8.40756666245772e-05,0.00502822882054144
"44",0.0722483998592479,-6.79931641374414e-05,0.00426500429449561
"45",0.0761116936445318,-6.4871409925142e-05,0.00340727440767186
"46",0.0836946669565468,-6.98086883023893e-05,0.00351949100245352
"47",0.078893169475311,-6.40239811694494e-05,0.00324479854639503
"48",0.0784859984981935,-7.00167487956617e-05,0.00388860160317228
"49",0.0751191355582793,-6.55734820824349e-05,0.00384448632124068
"50",0.0788242276989895,-5.12056437343424e-05,0.00197111488246859
"51",0.0768795909635139,-7.29311269544395e-05,0.00444078991702179
"52",0.0849833091509067,-7.92405217897308e-05,0.0046636234016425
"53",0.0817426088087549,-5.75798333698909e-05,0.00243154567872417
"54",0.0779774548759517,-6.83252512491522e-05,0.00367851773078054
"55",0.0772447416793587,-7.32034165716388e-05,0.00424911330749744
"56",0.0808112197958472,-5.08224639784197e-05,0.0018293685763614
"57",0.0830732581341617,-8.06496877814129e-05,0.0046644822741736
"58",0.078571907600665,-5.89260077428773e-05,0.00282422816049155
"59",0.0751674702682722,-5.44555350530123e-05,0.00251939582460425
"60",0.0800935374013872,-6.25944076064411e-05,0.00277033012875605
"61",0.0810621918545159,-7.13217602755466e-05,0.00375559416047488
"62",0.0666782582210061,-4.88185671981858e-05,0.00250411551405505
"63",0.082825046880712,-7.36632821035069e-05,0.0038417679178836
"64",0.0740643452689835,-5.27350232651255e-05,0.00244197761203835
"65",0.0711253339135979,-5.25109043507556e-05,0.00259026453644307
"66",0.0817682707528634,-7.05935462839053e-05,0.00365673490893448
"67",0.0833579674329615,-7.33741174611196e-05,0.00383214318758884
"68",0.0795455716327946,-6.3828451297193e-05,0.00295995753561562
"69",0.0769683415377205,-7.17275693916646e-05,0.00404099886721943
"70",0.0743800210683769,-5.73000691266339e-05,0.00267531079887662
"71",0.0768781161824871,-6.07499008257621e-05,0.00294923972555083
"72",0.0808518112626639,-7.45108938050253e-05,0.004236246573047
"73",0.0810779923444131,-7.39587896066749e-05,0.00399681796646112
"74",0.0751617519004871,-4.71912068152142e-05,0.00183644085552592
"75",0.0816004999639688,-8.00621289473556e-05,0.00474771262121298
"76",0.0771018105057929,-5.90448585167964e-05,0.00283540756569778
"77",0.0776782214886204,-5.71733842233732e-05,0.0024556689675862
"78",0.0790249019112999,-5.46344276796553e-05,0.00223037834437567
"79",0.0819319896520845,-6.86681861874e-05,0.00348225193381846
"80",0.0761517413146448,-5.53752253582063e-05,0.00248928556009709
"81",0.0807679504259887,-6.83557682225119e-05,0.0032967798864949
"82",0.0768160090415609,-4.65713828636516e-05,0.00165451730976029
"83",0.0747936400985628,-5.41742542593217e-05,0.0024422186099704
"84",0.0747718051701034,-5.82181865882948e-05,0.0030475041910758
"85",0.0861651257780426,-6.23278855725859e-05,0.00262355734541653
"86",0.0810476443906106,-8.89833748111258e-05,0.0061388384071942
"87",0.0778808293957421,-6.88675171555981e-05,0.00376143225108849
"88",0.0780984934249744,-6.10678814102389e-05,0.00283343601223995
"89",0.0803194620371719,-6.60777850559572e-05,0.00310778870833839
"90",0.0804949459704224,-6.72181093512181e-05,0.00333585368758738
"91",0.0803179408556441,-6.2854714287034e-05,0.00294106876837164
"92",0.0740161173923746,-5.3185956281023e-05,0.00248090019313774
"93",0.0830732767123683,-7.23859574502579e-05,0.00381811794024056
"94",0.0798102633596883,-5.7570344303144e-05,0.00254191333118992
"95",0.0824624092640329,-6.4069253894512e-05,0.00297766323784965
"96",0.0797698405707339,-7.17502877082643e-05,0.00397404076017038
"97",0.0738975892736612,-6.45801808400631e-05,0.00374050255095426
"98",0.0733737961059323,-5.39766974246024e-05,0.00267009244285799
"99",0.0792489138329596,-7.1204895563076e-05,0.00380169175476142
"100",0.0782315475225133,-6.69398302650775e-05,0.00344976291226706
"101",0.0728533306291974,-5.17891666155974e-05,0.0023367499949809
"102",0.0842171100956167,-5.48278650323516e-05,0.00198375525201
"103",0.0770368977407446,-5.18560048001615e-05,0.00206569773202858
"104",0.076266757889013,-4.14350962687359e-05,0.00133344276850711
"105",0.0827711439694878,-6.65868414868328e-05,0.00325359858821639
"106",0.0801632410882645,-6.86085128778509e-05,0.00356010030737974
"107",0.0745544011564801,-5.78533383556473e-05,0.00279994934032235
"108",0.0809999294044719,-7.54049990264094e-05,0.00423178202267127
"109",0.0752169242778455,-6.75044817803628e-05,0.00370714567889541
"110",0.0806097029638434,-7.28789682598901e-05,0.00411708127118959
"111",0.0759506696575893,-5.41568059776127e-05,0.0024363861465927
"112",0.0803839842391397,-6.10363678660447e-05,0.00260894560275737
"113",0.084856439595159,-7.6346451025571e-05,0.00396078472401085
"114",0.0786531028563046,-6.49683198925772e-05,0.00331314479085598
"115",0.0816245467886821,-6.17009533082785e-05,0.00268980071594271
"116",0.0838702457464931,-6.12267860374937e-05,0.00249817786673334
"117",0.0792665583945055,-6.4371994913494e-05,0.00323789201007207
"118",0.0772194207956087,-6.39346017181836e-05,0.00325915307322844
"119",0.0765818618837921,-7.35434774431381e-05,0.0043795663537286
"120",0.081386322774398,-6.76628877941265e-05,0.00315809239845055
"121",0.0792839570813952,-6.35108787991442e-05,0.00307427466666998
"122",0.0782037074996166,-5.73999070322193e-05,0.00271907249974912
"123",0.0802079693107676,-5.92439429942246e-05,0.00253765986941279
"124",0.0800620725656414,-7.51869397581036e-05,0.00426757074577155
"125",0.0723273328533053,-6.00470366699862e-05,0.00328166248708206
"126",0.0805079491204827,-6.72970151448533e-05,0.00333973479119143
"127",0.0794874725276737,-6.26658017202162e-05,0.00294399734123252
"128",0.083560800422441,-8.18360278735959e-05,0.00480742887356944
"129",0.0776155495765621,-7.11803699646129e-05,0.00391069414347389
"130",0.0801971348830975,-6.57990602145289e-05,0.00328566347997106
"131",0.0720959496088586,-4.8583964810809e-05,0.00204918816220045
"132",0.0720173854493257,-5.53672969624754e-05,0.00282962484523919
"133",0.0771905325419197,-6.30286934182638e-05,0.00316847550645394
"134",0.0794385123617651,-6.77758534201489e-05,0.0034584273144026
"135",0.0761020294699277,-6.22929209066119e-05,0.00323241315894274
"136",0.0755478497810115,-5.52139197316154e-05,0.00251397191451597
"137",0.0833184144681018,-7.74969388684012e-05,0.00438605280158022
"138",0.0778256214812185,-5.79114203419146e-05,0.00264096935538027
"139",0.0725862949547684,-6.51355450946515e-05,0.0039418297497017
"140",0.0744836004368223,-6.11790404469844e-05,0.0032022102707856
"141",0.0757594842035792,-5.75296872861046e-05,0.00268117050270589
"142",0.081114615655378,-6.16418375573711e-05,0.00291328888926279
"143",0.0799130796953541,-6.97822771219769e-05,0.00385641260055825
"144",0.0809151027914342,-6.53527381017595e-05,0.00317713473210113
"145",0.0792377548408385,-6.21083045650428e-05,0.00297094663821307
"146",0.0815323928717325,-7.46394914240137e-05,0.00429857111798293
"147",0.0761070908744954,-6.4444861523517e-05,0.00337365898246178
"148",0.0815666885014312,-5.71370838526383e-05,0.00242261853362957
"149",0.0795407233407848,-7.01165987785329e-05,0.00372984955198785
"150",0.0728290736245927,-5.49286854806137e-05,0.00265684336614413
"151",0.0813752327784022,-6.49813836897257e-05,0.00306803138309975
"152",0.0763761668609181,-5.94516676483153e-05,0.00274738184538748
"153",0.0837983926718319,-8.46492659831927e-05,0.00510978275702967
"154",0.0763982316168453,-4.41410887148551e-05,0.00154620917462256
"155",0.0782749859003894,-7.05442680084933e-05,0.00388435244494745
"156",0.0803935467619642,-7.26362233392377e-05,0.0039332378688921
"157",0.0803163666070091,-7.83823265213169e-05,0.00498811903363794
"158",0.0800503851610515,-6.30290035200319e-05,0.00296200989678819
"159",0.0770474774248803,-4.35596110367096e-05,0.00151703583047791
"160",0.080374081048736,-6.18986197933563e-05,0.00290107777631021
"161",0.080014389309993,-6.37972832435909e-05,0.00312081147972365
"162",0.0724699452968398,-3.92982099368266e-05,0.00138215385500939
"163",0.0854203432939592,-7.35964654221271e-05,0.00350974662150449
"164",0.0721284726483889,-4.93545794297146e-05,0.00219180037640565
"165",0.0731863412544706,-5.05813011556727e-05,0.00217133651646906
"166",0.0735931018132314,-5.13464196257401e-05,0.00232199975787672
"167",0.0796832440570484,-6.45571317019282e-05,0.00312050367525962
"168",0.0866130616314443,-7.70917462354675e-05,0.00388370921448611
"169",0.0840830933160938,-6.89442392500723e-05,0.00337180868659759
"170",0.0758941560431616,-5.63658351634371e-05,0.0026424102683511
"171",0.0747350778133494,-7.33121871115456e-05,0.00483425000152415
"172",0.0822691193209364,-7.70866614356487e-05,0.00469139410275943
"173",0.077153884530713,-5.67509052692904e-05,0.0025395986574025
"174",0.0846775678792891,-8.89216074937953e-05,0.00523199242049155
"175",0.0781371062840315,-5.04982283220406e-05,0.00191025925069788
"176",0.0796571421263695,-6.87689689097755e-05,0.00350935159688781
"177",0.0813233392471764,-7.28368459697037e-05,0.00368241502739985
"178",0.0743081043032497,-6.34479041116975e-05,0.00341801701140743
"179",0.0762892000746105,-5.59495629020501e-05,0.00252632639843231
"180",0.0790079111116641,-5.61717156256198e-05,0.00243464711073249
"181",0.0792056349786061,-7.39620585365156e-05,0.00438082218813829
"182",0.083158171786163,-6.78109225460527e-05,0.00315173864015861
"183",0.0834803990713849,-7.3098471559198e-05,0.00365356504223457
"184",0.0837836348729658,-6.37700351681103e-05,0.0028935410505454
"185",0.0804482150755926,-6.79862481858802e-05,0.0033952013101165
"186",0.0766356862238401,-4.57859060351156e-05,0.0016439471975378
"187",0.0825686647808751,-7.39729526075035e-05,0.00380249366276364
"188",0.0748743615614779,-6.05381046234488e-05,0.00300724844484779
"189",0.0745603371995948,-6.23132814586937e-05,0.00333654183132448
"190",0.078162524099843,-6.79613097048333e-05,0.00359706799011772
"191",0.0748587748207934,-6.4044392842741e-05,0.00355483673717194
"192",0.0810293193212571,-6.43939670761153e-05,0.00298600593442766
"193",0.0801490027075959,-6.41163128691087e-05,0.00311951867692695
"194",0.0808951202471341,-6.69362170311391e-05,0.00323653899023668
"195",0.0820936169301135,-6.06265193298033e-05,0.00257865758157561
"196",0.0801921252877124,-5.68333840722454e-05,0.00251277584329934
"197",0.0775046994393901,-6.55455757719225e-05,0.00352989013091098
"198",0.0749126575564018,-4.55690788380079e-05,0.00163140905160941
"199",0.0682138216296855,-4.89076756200174e-05,0.00238244614004945
"200",0.0807052587615483,-6.3333010444993e-05,0.00275222017863808
"201",0.0777317517187237,-5.96979505159445e-05,0.00285149736349199
"202",0.0784438565134047,-5.77214964216072e-05,0.00257105927316825
"203",0.0850994384317087,-7.15609267575151e-05,0.00333987850194462
"204",0.0721630397808346,-5.515293031711e-05,0.0026836212138176
"205",0.0801923950153394,-6.91277834488611e-05,0.00327930741480953
"206",0.0774030287768796,-6.43411465692898e-05,0.00333491938956687
"207",0.0770103443878358,-5.32070035072659e-05,0.00221625895840494
"208",0.0816388716411753,-7.88030369520081e-05,0.00468137495745147
"209",0.0751846353696735,-6.5233098531271e-05,0.00349309595846314
"210",0.081418775167505,-6.49714296044025e-05,0.00308916647668667
"211",0.0760569545681902,-4.97840708554125e-05,0.00200715003433594
"212",0.0756110650550293,-5.64274211610934e-05,0.0026265331892289
"213",0.0794603167075171,-5.93746884369945e-05,0.00274587174968355
"214",0.0854358365128901,-6.78323187834512e-05,0.00313334481751815
"215",0.0772050497963724,-5.83869033773318e-05,0.00281854060122499
"216",0.0812885424118926,-6.65894726505993e-05,0.00314924972237363
"217",0.0833834891674153,-5.8985909146271e-05,0.0024712487452816
"218",0.0796669888801243,-5.52622572525565e-05,0.002216785973852
"219",0.0750697096409709,-5.15974073413908e-05,0.00222708647222425
"220",0.0823139750253068,-6.71090009960303e-05,0.00324617070411337
"221",0.0761853753457844,-6.07731432779659e-05,0.00309659507914239
"222",0.0771556944983898,-6.73825043710278e-05,0.00385364528251031
"223",0.0759399834680727,-5.43633890892256e-05,0.00243218851720539
"224",0.0802110230707748,-6.12175919506235e-05,0.00264891049583416
"225",0.0779895984113699,-5.02652719244552e-05,0.00196635673542389
"226",0.0797511157667419,-7.19947036869696e-05,0.00402201835444693
"227",0.0755308379491081,-5.72896285473499e-05,0.00276950520552055
"228",0.0847044947652081,-7.39475813351421e-05,0.00366806545906107
"229",0.0777745549104069,-7.26665292970074e-05,0.00388204405249881
"230",0.0761809903251961,-4.12189507059499e-05,0.00125573188629358
"231",0.0811389992286659,-7.12105900648495e-05,0.00383899421161615
"232",0.075329880234711,-5.33650286736108e-05,0.00238572844331164
"233",0.0793603784456079,-5.09183673091172e-05,0.00181156526608517
"234",0.0789671686034177,-6.59341114854091e-05,0.00332222270880389
"235",0.0766452004613916,-6.02869403510509e-05,0.00291938662828817
"236",0.0784263222831665,-6.88986702813829e-05,0.00370356547377915
"237",0.0753529683968847,-5.97815013279795e-05,0.00292825012945108
"238",0.0797596087725118,-6.59503500335886e-05,0.00315081499937109
"239",0.0758366197945209,-6.17519801884766e-05,0.00317225888704364
"240",0.0756835891352744,-6.83017677797035e-05,0.00402027187533194
"241",0.0786333810370856,-6.7298128345749e-05,0.00342039981820497
"242",0.0791592733585707,-6.43203009537049e-05,0.00307808950069421
"243",0.0861905679506661,-7.7933486641747e-05,0.00402241346770438
"244",0.0763908788146689,-5.67356305291875e-05,0.00257584972311287
"245",0.075640767112067,-4.95644510749941e-05,0.00192025989766131
"246",0.0756075001265984,-7.6711528212265e-05,0.00522803801380545
"247",0.076261748498784,-5.26104749161342e-05,0.00230402532684615
"248",0.0811293886968026,-7.79286545010717e-05,0.0045966280130737
"249",0.072308450469544,-5.65514944491941e-05,0.00276608459447358
"250",0.0815905465275844,-6.57285070146353e-05,0.00303499325606293
"251",0.0777459026900797,-7.00746136432211e-05,0.0039553140393479
"252",0.0804658677892428,-8.17965777715994e-05,0.00520906920692987
"253",0.0727903396610805,-6.72706385129812e-05,0.00406315744811003
"254",0.0744417899839202,-3.674370497261e-05,0.0010621319343872
"255",0.0752310670995385,-5.30769150045974e-05,0.00236949192666469
"256",0.075982230969164,-5.84164825079524e-05,0.00300562775139523
"257",0.0814413001109447,-6.71813272925607e-05,0.00334745897642152
"258",0.0798485003424013,-6.45916404846889e-05,0.0032276840513823
"259",0.0784957181054971,-6.40878786082395e-05,0.00318397599205011
"260",0.0779331301913987,-6.65300166480245e-05,0.00357101032759033
"261",0.0836007246921969,-5.327765598739e-05,0.00189787678761777
"262",0.0728573474415816,-4.33530888125448e-05,0.00157727536608143
"263",0.0744866568305559,-7.00726451894002e-05,0.00413256200802425
"264",0.0770009652277993,-5.12565006132982e-05,0.00211887619718965
"265",0.075536680085472,-6.13792983014116e-05,0.00318223252252237
"266",0.0808374472950953,-7.57838686171679e-05,0.00426126304174634
"267",0.0826115033617326,-6.96514960408777e-05,0.00328144234577843
"268",0.0738285377847977,-5.86576016787637e-05,0.00291431940415376
"269",0.0811237977419464,-6.4153560370274e-05,0.0030053561168002
"270",0.0772344029420079,-4.06061532494085e-05,0.00123445562649827
"271",0.0763497763045551,-6.61245267002376e-05,0.00356549820834928
"272",0.0804977386166156,-6.50215816547237e-05,0.00316335923257016
"273",0.0737314612025537,-6.21361679735557e-05,0.00342171929676405
"274",0.0754636626219012,-5.08898590123366e-05,0.00203411992191482
"275",0.0826907266540312,-6.97695634810842e-05,0.00361127448445953
"276",0.0791810170011702,-8.19158926372554e-05,0.00494853320831556
"277",0.0690050317438584,-5.39530063042417e-05,0.00285872646998908
"278",0.0789168648753515,-5.68648856981392e-05,0.00248765247640104
"279",0.0776248369436828,-6.75774280906245e-05,0.00354893321749283
"280",0.0789821590880594,-4.89412332954766e-05,0.00175994554096537
"281",0.0818147429555699,-7.21694237987702e-05,0.00385499757137098
"282",0.0741910997168217,-6.73708353524391e-05,0.00401698978416387
"283",0.0759625160442862,-5.7589110141158e-05,0.0026643599072238
"284",0.0774986132784694,-5.38330460070456e-05,0.00230726638754752
"285",0.0801690797019237,-7.49412845478732e-05,0.00443302807493728
"286",0.0814535797754286,-5.60991728960011e-05,0.00225869669421896
"287",0.0842524086894433,-9.23053982807543e-05,0.00624005884273593
"288",0.0754930661592946,-6.24566789094864e-05,0.00310914578694699
"289",0.0758070637540758,-5.83708885726994e-05,0.00276841602955724
"290",0.0790982708309446,-7.9514682452803e-05,0.00469333691152418
"291",0.0822400429970561,-8.33565246525627e-05,0.00516972702704199
"292",0.0770213607896394,-5.45125347723137e-05,0.00239522463334296
"293",0.0744268791212812,-4.03742040008597e-05,0.00133738867819155
"294",0.0788948470361932,-5.71287452512621e-05,0.00249040033845083
"295",0.083422196823133,-6.97048956483906e-05,0.00325437541232165
"296",0.0759351144684498,-6.19651698497575e-05,0.00321303287851971
"297",0.0791213300496693,-7.4735441913355e-05,0.00435683537963805
"298",0.0749432930696536,-6.78455642580236e-05,0.0039430058451696
"299",0.0815316680860024,-5.62848805617245e-05,0.00230065177849204
"300",0.079108986743198,-7.63858159770512e-05,0.00480987071573236
"301",0.075344647404093,-5.55994136069162e-05,0.00265916837776159
"302",0.0739118237897701,-3.95110068823299e-05,0.00129575755832934
"303",0.0845058910162641,-7.47372027567416e-05,0.00376925443339782
"304",0.0751730403649842,-5.44342853273875e-05,0.00235512547238648
"305",0.0735477230889697,-5.79731782608043e-05,0.00288057519446416
"306",0.0767308596996891,-5.66499164900825e-05,0.00265473139008388
"307",0.0823678296971863,-6.38964203349552e-05,0.00294353878992981
"308",0.0739472242262029,-5.9227617391569e-05,0.00297950552845605
"309",0.0766654748971592,-5.10447860252831e-05,0.00209714095444236
"310",0.0773615718150674,-6.45738840667415e-05,0.00335196466161292
"311",0.0740874864307937,-6.08798614466382e-05,0.00311115934793449
"312",0.074805636842647,-6.52628940194025e-05,0.00370647489315268
"313",0.0792668875474495,-6.24679764460218e-05,0.0030035911085935
"314",0.0804105103715251,-6.90931170187138e-05,0.00368065421475572
"315",0.0746140663509559,-5.82812081006432e-05,0.0028521864241543
"316",0.0716890220980522,-5.92661174359668e-05,0.00317087801755189
"317",0.0758986505660908,-5.0924548442839e-05,0.00211358875741163
"318",0.0749463495885539,-4.63324229294073e-05,0.00170445215265858
"319",0.0715011002358221,-5.46534942915061e-05,0.00289884395185991
"320",0.0818300197187727,-7.30540870649709e-05,0.00386629460916932
"321",0.075901292679778,-5.62610058872024e-05,0.00251394042926212
"322",0.0805565487094655,-7.12684618716191e-05,0.00386791618764692
"323",0.0757272631939278,-6.48552059021239e-05,0.00348391299046547
"324",0.0825396027076811,-6.83784804804171e-05,0.00316656017679628
"325",0.0805427554777677,-7.11805705970528e-05,0.00393084712768188
"326",0.080403760674658,-6.15714316154777e-05,0.0028360542384176
"327",0.0783162040010092,-6.50980236651068e-05,0.00322168230515818
"328",0.0828308879379187,-7.43357857131962e-05,0.00375016903320047
"329",0.072689927946988,-4.22612583458762e-05,0.00154742920610884
"330",0.0807908310797353,-7.41062084890622e-05,0.00389877486788492
"331",0.0834684350321134,-7.6770219820411e-05,0.00437368315937992
"332",0.0773764469362651,-4.54251536157542e-05,0.00155403422031009
"333",0.0789906914538826,-7.63848889834746e-05,0.00456078410386251
"334",0.0781169757640202,-5.59292221456852e-05,0.00238366617781516
"335",0.0856351504976081,-8.50561008111122e-05,0.00517140449605979
"336",0.0789092612496526,-5.89660079552317e-05,0.00257318949505736
"337",0.0789862997093401,-4.92942181068282e-05,0.00172647082098876
"338",0.0811174120431131,-7.60951723887142e-05,0.0043706645996493
"339",0.0762416632025989,-6.34248732338047e-05,0.00334186090919231
"340",0.0799942991452094,-6.6862240586604e-05,0.00351209857737123
"341",0.0795339440212566,-8.00310234840065e-05,0.00512265799872058
"342",0.0817867731283725,-7.79042014779984e-05,0.00468930605292961
"343",0.0772684750747155,-5.76594122165831e-05,0.00254488696533883
"344",0.0748185300519482,-4.9270974844573e-05,0.0020172100081387
"345",0.0808324338037916,-7.19824402459165e-05,0.00389728837805647
"346",0.0800890637343755,-6.221994156615e-05,0.00290029254099677
"347",0.0820599605618996,-5.6096395798221e-05,0.00226641171750785
"348",0.0754562543190765,-5.91371299457356e-05,0.00289636411839167
"349",0.0837158897059839,-7.17525242926741e-05,0.00367058479902116
"350",0.0827428209752346,-7.68864650344682e-05,0.00426673645212516
"351",0.0756754374350782,-6.08133226271845e-05,0.00301288752282436
"352",0.0762390304191155,-5.60327855568866e-05,0.00252249890901635
"353",0.0783853782605015,-6.75714727185944e-05,0.00346266031000075
"354",0.0760897877011876,-7.90447146177424e-05,0.00524389038894035
"355",0.0723642071768028,-3.55817278117576e-05,0.00100569522894323
"356",0.0746791511576015,-5.86102243537676e-05,0.00287225765083998
"357",0.0790424933364902,-6.95461429501645e-05,0.00371772037259432
"358",0.0783066417385993,-6.38858822538675e-05,0.00321966427174925
"359",0.0717630147059,-5.8140905374751e-05,0.00320626892478937
"360",0.0773715531232042,-5.79862699275314e-05,0.00271595643201283
"361",0.0806547886955275,-7.58905101887687e-05,0.0041743619232254
"362",0.0851482769379733,-7.1845925075922e-05,0.00348990430208973
"363",0.0759488932660717,-6.25128143543304e-05,0.00323039508717538
"364",0.0743652847909277,-4.94500045596207e-05,0.00218565063053799
"365",0.0790062964967662,-7.13061899128735e-05,0.00398719016200744
"366",0.074189558343885,-4.74030174806072e-05,0.00192513855629739
"367",0.0792170827857118,-6.75065532678119e-05,0.00358839792488042
"368",0.0783555939181092,-5.64136310993039e-05,0.00255827721706137
"369",0.076857499659273,-6.94074676278919e-05,0.00385094294510024
"370",0.0754201420345955,-5.18865116097848e-05,0.0022597362804424
"371",0.0805446319276928,-6.48336809769152e-05,0.00294838826686539
"372",0.0795903426014428,-6.83017115143886e-05,0.00358210736802378
"373",0.0811999831071446,-6.64217886254107e-05,0.00333708958387235
"374",0.0813097925380188,-8.11876683833886e-05,0.00489105398437051
"375",0.0759279780471984,-5.04877930397865e-05,0.00213563054500809
"376",0.0684779144722134,-3.46329940866927e-05,0.00112051031643789
"377",0.0781762119161672,-7.07275584553645e-05,0.0039952854900055
"378",0.0770298574310384,-5.89622981971985e-05,0.00276889634389899
"379",0.0808980197408159,-7.88828272881022e-05,0.00478379991746314
"380",0.0667586191957236,-5.50302851677936e-05,0.00323263698993836
"381",0.0809327843587209,-6.84943313246437e-05,0.00368351497895592
"382",0.0799728322542865,-7.37979718068032e-05,0.00413367215112903
"383",0.0818528900919242,-7.49861639303327e-05,0.00419576768735963
"384",0.0822470204731255,-6.329253780835e-05,0.00276354890283736
"385",0.0804737289884052,-7.62893281994436e-05,0.00463633271099351
"386",0.0810772813044688,-6.90355189539828e-05,0.00323163897090362
"387",0.0716640123093906,-6.02442480231422e-05,0.00350467031990376
"388",0.0783451077309785,-6.20608064394306e-05,0.00302192315573013
"389",0.0827647776713761,-7.40009113424521e-05,0.00393061925598392
"390",0.0790682449449495,-7.64233519107313e-05,0.00458076814042074
"391",0.0805602273023499,-7.80886688031839e-05,0.00486786847291742
"392",0.0801544646962076,-7.15854694929491e-05,0.0038021127469855
"393",0.0744792136008368,-7.15611938093207e-05,0.00449580938997518
"394",0.0753323921239539,-5.85741350036657e-05,0.00281035831940657
"395",0.0733384785350594,-5.87929263016889e-05,0.00292129224858773
"396",0.0804986262628526,-6.27923481692534e-05,0.00304839544440549
"397",0.0736514016639083,-5.35646529945416e-05,0.00251521389650278
"398",0.071849676514748,-5.51798395967397e-05,0.00286956147434969
"399",0.0764785120483316,-5.71746547009203e-05,0.00292038431894426
"400",0.0797281321660666,-6.19654660267743e-05,0.00280162531309358
"401",0.0793836157745697,-6.89015449186598e-05,0.00358274383894586
"402",0.0774253568027935,-7.08135252693387e-05,0.00416480852422041
"403",0.0745199579580453,-5.82694954401392e-05,0.00282549004125543
"404",0.0785118737303251,-5.41331258064672e-05,0.00227732826382554
"405",0.0798620330706445,-6.65942773853492e-05,0.00338302894268672
"406",0.0788409690335249,-7.06926298590188e-05,0.00384648991544689
"407",0.0754740418633791,-4.58525576385341e-05,0.00167027301557576
"408",0.0806279883433357,-6.51730668723105e-05,0.0030903784324775
"409",0.0815671004504585,-7.24762038270651e-05,0.00396230687751697
"410",0.0774837501957196,-6.3236569777223e-05,0.00318663246705564
"411",0.0767317608813051,-6.43584459258922e-05,0.00336806461883488
"412",0.0800381303197576,-6.45412138278221e-05,0.00297409115487279
"413",0.0763175807497934,-5.77674712050583e-05,0.00250804299114205
"414",0.0743006048547787,-4.96041972172963e-05,0.00201438679231813
"415",0.0761781637733629,-8.23968120824511e-05,0.00542941519623441
"416",0.0790312596722939,-6.22298084138158e-05,0.00290831424233795
"417",0.080043741137706,-6.9739496163752e-05,0.00363538675120634
"418",0.0775099787642464,-8.84426920611863e-05,0.00653933220445357
"419",0.0734218455927997,-5.5518651991726e-05,0.00275001102042705
"420",0.0775830399075667,-7.78652930639605e-05,0.00484777616565346
"421",0.0734198143566417,-5.94390256493341e-05,0.00303315048339559
"422",0.0783594756721871,-6.15275309174539e-05,0.00285152445944026
"423",0.0766475218317215,-6.16675032701001e-05,0.00321346548367396
"424",0.0794246562360829,-7.182336740392e-05,0.00383993814100092
"425",0.0791128272410409,-6.20135219114514e-05,0.00309618227570241
"426",0.0752354995796122,-6.46361593642911e-05,0.00365960387697195
"427",0.077349194507288,-6.66072799547707e-05,0.00348145959524626
"428",0.0798277635252167,-7.03150213751479e-05,0.00367664714963833
"429",0.078439978408777,-7.36841940117011e-05,0.00438988047394551
"430",0.080912375435488,-5.55922815847276e-05,0.00225374983946236
"431",0.0742080713900802,-5.33902740881838e-05,0.00227457812415133
"432",0.0817901696229576,-7.09249190917461e-05,0.0035362449205143
"433",0.0840708523816348,-7.30544882607753e-05,0.00378733631995287
"434",0.0815024007725722,-4.10164397407045e-05,0.00120522774817433
"435",0.0817113298291564,-7.12497213873269e-05,0.0036275814465534
"436",0.0741820662202074,-5.77992818121294e-05,0.00290261272479697
"437",0.0753004519552653,-4.98278866620958e-05,0.00196347074380099
"438",0.0819336475316523,-7.4317733477679e-05,0.00402424613290808
"439",0.0772153749828709,-6.49308327531387e-05,0.00341378884711219
"440",0.0836800684873545,-6.25675868720163e-05,0.0027234048927427
"441",0.0811730484551487,-6.86525966316497e-05,0.00348095897850775
"442",0.0787531201360459,-5.74532379133924e-05,0.0024407033045647
"443",0.0858388757954129,-6.95603579332541e-05,0.00311459248731094
"444",0.0836323825532208,-9.1831554351994e-05,0.00569418001588995
"445",0.0842036289821074,-6.37542900380972e-05,0.0028547316044103
"446",0.0741666105216266,-7.99587709878548e-05,0.00577684941649059
"447",0.0801447339013877,-6.39570263359405e-05,0.00299394629139371
"448",0.0782788948652443,-6.73040277189858e-05,0.00354420885064777
"449",0.0807441254745876,-7.14541805856555e-05,0.0037307067039718
"450",0.0744836672334594,-5.0697816383295e-05,0.00211178441112558
"451",0.0821095381137491,-6.77850706556946e-05,0.00333624568921498
"452",0.0864109265443045,-8.13611470290319e-05,0.00451862081386423
"453",0.0789869009295259,-6.73218080906307e-05,0.00345590809605745
"454",0.0790604400078564,-6.46953446007334e-05,0.00318142911294661
"455",0.0786420405990279,-5.86022681459806e-05,0.00257441839154526
"456",0.0713475324381942,-6.71984644696018e-05,0.00417086527030552
"457",0.0798878333140041,-7.30382662961966e-05,0.00391068196436284
"458",0.0747004533942991,-4.05687861715148e-05,0.00130921889800295
"459",0.0773447555808684,-6.25610923131145e-05,0.00313424121287853
"460",0.0814542681020536,-7.33510132300224e-05,0.00391419596677045
"461",0.0713359014425696,-5.48808173484039e-05,0.00264960488194554
"462",0.0720245868516639,-6.3433888885249e-05,0.00364521069264867
"463",0.0781984898592192,-6.49991490957858e-05,0.00346152056691362
"464",0.080906823763466,-6.54541580832045e-05,0.00315912837567012
"465",0.075249126438708,-4.06145858982584e-05,0.00130333392866822
"466",0.0808817959605995,-6.65725586468193e-05,0.00325259730683114
"467",0.0736352466437399,-5.59799237232945e-05,0.00259371417743481
"468",0.0781215070647699,-6.573324086716e-05,0.00343568498577951
"469",0.0770186953680332,-6.22885973321677e-05,0.00331745041660769
"470",0.0803163671083362,-6.29911016428051e-05,0.00294534141174063
"471",0.0766686900829431,-5.84228989983375e-05,0.00274928818228282
"472",0.0801528388729458,-4.39335168700032e-05,0.00139237482657961
"473",0.0738131242863588,-4.18817543063104e-05,0.00148990627282297
"474",0.0787724259550821,-7.02173311888872e-05,0.0041149300084149
"475",0.0794299103100785,-5.90681289896341e-05,0.00253112729733695
"476",0.0755776646925639,-5.22783734195454e-05,0.00222448468870784
"477",0.0808524592399361,-6.1596377168259e-05,0.00282726314974968
"478",0.0799082184780637,-7.09426185169698e-05,0.00382758286581741
"479",0.0779306461765642,-4.944488732057e-05,0.00182439392896705
"480",0.0813026240817888,-7.26174496345036e-05,0.00414637947521745
"481",0.0781366420486984,-6.31403442797376e-05,0.00314642150116062
"482",0.079511473402513,-7.00085021188248e-05,0.00370599634131374
"483",0.0739379303646415,-4.66322529472736e-05,0.00176055813655551
"484",0.0774390589318319,-6.04397066393459e-05,0.00290040296854666
"485",0.0781556113815492,-5.90661916317264e-05,0.0025739545575999
"486",0.0729140952893958,-3.62095528188483e-05,0.00106075745778622
"487",0.076705461829103,-5.47302516941998e-05,0.00227054415649053
"488",0.0801864229560333,-6.47910290841435e-05,0.00314114218762307
"489",0.0797641528173552,-7.73324979588498e-05,0.0047004020704533
"490",0.0791506917294647,-6.6301458074891e-05,0.00341519762270526
"491",0.07826566118482,-5.37411949234772e-05,0.00204348531472187
"492",0.077901456625516,-6.87546482533455e-05,0.00367087047613956
"493",0.0803005286979325,-6.80740371904142e-05,0.00338542057459346
"494",0.0764403924350533,-7.30117185885308e-05,0.00456764593486869
"495",0.0800801875914462,-5.33540543667785e-05,0.00212956722070301
"496",0.0742778631982593,-6.90082588619391e-05,0.00404024448305196
"497",0.0774729861173636,-6.4366348181438e-05,0.00329100519889314
"498",0.074083967558038,-5.55777201847567e-05,0.00263908850161054
"499",0.0787510853769985,-6.69240876256432e-05,0.00351711655488629
"500",0.0791196751641549,-7.83036087868088e-05,0.00492745940461059
"501",0.0706168811019189,-5.64922968111817e-05,0.00305126225757391
"502",0.0806248266036759,-7.14012133386965e-05,0.00396282291606664
"503",0.0776348537492222,-5.63480257958329e-05,0.00248414691890098
"504",0.0777972940214101,-6.73855096621662e-05,0.0037377303256857
"505",0.0690184281404815,-4.68607509078728e-05,0.00216793796752113
"506",0.078641178323548,-6.01898163436673e-05,0.00277421310738579
"507",0.0773846549861679,-6.3048023128284e-05,0.00319839853964043
"508",0.0769399573302846,-7.1629919668886e-05,0.00425818566319436
"509",0.0800195395475492,-5.14485257817997e-05,0.00191379546535053
"510",0.0776586286304807,-7.48878533806796e-05,0.00460879195510611
"511",0.0779473157473096,-5.62139394832861e-05,0.00254363741656027
"512",0.0833115706870142,-7.72257193962735e-05,0.00416543466947739
"513",0.0778505931050578,-6.76233168714551e-05,0.00345148283172525
"514",0.0759308127083761,-2.73756295052224e-05,0.000589725767285776
"515",0.0752062485458053,-6.11054310984889e-05,0.00303579202882109
"516",0.0814582292894268,-7.16488345467659e-05,0.00365506791153536
"517",0.0787077816969214,-7.20228118130239e-05,0.00413128624373083
"518",0.0775062880218889,-6.72309914514036e-05,0.00380954766096464
"519",0.0798890375704613,-6.35873008452284e-05,0.00308570711819856
"520",0.0780023283234698,-5.9587897101637e-05,0.00286108254720852
"521",0.0780151141674963,-5.14500326886142e-05,0.00205118756620359
"522",0.080037014741934,-4.75659164722264e-05,0.00155433089155055
"523",0.0805187778581526,-5.58829433300297e-05,0.00226513165079378
"524",0.0774915226223762,-4.5911429633111e-05,0.00165096503225448
"525",0.0797993531518907,-6.92020086794433e-05,0.00358650334307864
"526",0.0800131144386279,-6.84873250282851e-05,0.00351667110924503
"527",0.073543164187857,-5.25934181634584e-05,0.00233798223801818
"528",0.0810781440759439,-6.693789230806e-05,0.00326424406502968
"529",0.0784331275785056,-7.07998584849101e-05,0.00390097355693775
"530",0.07871384105028,-6.82579930722815e-05,0.00367688354708051
"531",0.0813798101989251,-7.38866839403967e-05,0.00403836921005929
"532",0.0721875936419815,-4.10255218741247e-05,0.00152908589150291
"533",0.0799628332239773,-6.66649367390139e-05,0.00333868238713564
"534",0.079293799571873,-7.31868352974493e-05,0.00398100459824724
"535",0.0744267841183001,-6.93425232809139e-05,0.00432663802260336
"536",0.0724171466105436,-6.57129933869388e-05,0.00387701230175475
"537",0.0796169502219119,-6.7957542824321e-05,0.00360281281492814
"538",0.0750581048235951,-6.69703163070837e-05,0.00383016796931024
"539",0.0778810538010989,-5.22227562771127e-05,0.00214526018408734
"540",0.0807570003481309,-7.75199467997446e-05,0.00431998401599942
"541",0.0739633260349208,-6.16496481732932e-05,0.0033001058048564
"542",0.0790484132087669,-6.50553821043996e-05,0.00319065838702648
"543",0.0799200905936712,-6.22362131293878e-05,0.00298625362801297
"544",0.0756429269409799,-4.24089504351665e-05,0.0014428931422048
"545",0.0791193452447648,-5.68662659643514e-05,0.00244285905994024
"546",0.0789545350591252,-6.91685152489625e-05,0.00372063059712235
"547",0.0808456253439704,-7.81163979844109e-05,0.00489644668402622
"548",0.0737781201117321,-4.87201793501239e-05,0.00204747083854362
"549",0.0764649105814324,-6.30351726172006e-05,0.00341013089851072
"550",0.0736324474679444,-4.50261783900141e-05,0.00175622569899214
"551",0.0773534701809051,-3.52940476747835e-05,0.000994978978253847
"552",0.0775315399032703,-4.31795710493041e-05,0.0013978173671374
"553",0.0824227803111993,-7.27770567655906e-05,0.00378358880954144
"554",0.0833515868765723,-8.97498299589109e-05,0.00595166392144608
"555",0.0784517789958437,-6.79659075874253e-05,0.00370160964670441
"556",0.0767789635450989,-5.97872527384322e-05,0.00288816618109899
"557",0.0769679861021142,-7.22279631389809e-05,0.00433448894540567
"558",0.0804866780406938,-6.10805506990235e-05,0.00274120090841579
"559",0.0779582862598811,-4.57910322395145e-05,0.00158522324098886
"560",0.0767926173387707,-6.6087072685579e-05,0.00363795698673364
"561",0.0747508034373632,-6.59504915210489e-05,0.00373933161589124
"562",0.0787986370008889,-6.40491167418815e-05,0.00304998109112598
"563",0.0824828953679308,-7.82697920083798e-05,0.00455367813926244
"564",0.0743598766949929,-3.30487167477211e-05,0.000850291459165819
"565",0.073651950570256,-4.16718627005731e-05,0.00146979914104894
"566",0.0792338428180742,-6.79887535886277e-05,0.00347617623623009
"567",0.0827857156053556,-7.68078605453857e-05,0.00425605459432288
"568",0.0725028803218578,-5.48186513517794e-05,0.00263374663614957
"569",0.0806791294236179,-5.19930099435872e-05,0.00196649367067958
"570",0.0796905870301319,-4.72178593664105e-05,0.00162911072524796
"571",0.0804566286309957,-5.97388820022846e-05,0.00257646177439608
"572",0.072346597834905,-6.24512145004945e-05,0.00367468370931889
"573",0.0824237636199796,-6.71892863426502e-05,0.00310139406248855
"574",0.0806751351240197,-8.47572236034627e-05,0.00533328404581579
"575",0.0690576608725349,-5.18813971725965e-05,0.00252260504909774
"576",0.0790106514812081,-5.69514392177683e-05,0.00247245196540091
"577",0.0789785622845313,-6.03918316455587e-05,0.00278085661170613
"578",0.0801430671131359,-7.06741496807104e-05,0.00360613746768768
"579",0.0797479235896569,-7.55574719479131e-05,0.00444221525895527
"580",0.0770630016041769,-5.34904485651935e-05,0.00235940471952978
"581",0.0752971875438908,-5.0596931216192e-05,0.00216901701776717
"582",0.0784930661362451,-5.58012323324656e-05,0.00229875663560897
"583",0.0769816235786352,-5.7136794279279e-05,0.00258548392116875
"584",0.0750439649729508,-4.8809616071032e-05,0.00198153008840873
"585",0.073780572820143,-5.7321952489213e-05,0.00297392177967315
"586",0.0829253862103087,-7.0788742632418e-05,0.00353154217174589
"587",0.0726828878809078,-7.19460104363997e-05,0.00497931531238094
"588",0.0735668799459239,-5.950596548617e-05,0.00305066119676878
"589",0.0760512643241761,-6.78628547036653e-05,0.00375617062861244
"590",0.0804445666330533,-6.91288866768535e-05,0.00358009139000115
"591",0.0802777632572984,-6.12108411852221e-05,0.00280524859459141
"592",0.0805215072608557,-7.15296652624478e-05,0.00386166887032879
"593",0.0724572183050594,-5.36376649548158e-05,0.00257846825724661
"594",0.0743834565989084,-6.10943545504653e-05,0.00331018326607935
"595",0.0788402215409713,-5.80273968230694e-05,0.00253743061698353
"596",0.076739323656669,-5.66773175084029e-05,0.00265471230903513
"597",0.0813225532325381,-6.94820047149211e-05,0.00365667457629659
"598",0.0759629496846969,-5.17219296705884e-05,0.00205563585439072
"599",0.0741538569262077,-4.39563224487577e-05,0.00157095849720945
"600",0.0780627633497345,-5.95624033321192e-05,0.00264134663713289
"601",0.073246867594362,-4.68778747255203e-05,0.00197820503274027
"602",0.0823061557047662,-6.63066640869537e-05,0.00317724313909229
"603",0.082066167867079,-6.83109168526925e-05,0.0034327624662287
"604",0.0807322953093016,-7.91578226935959e-05,0.00452889149889368
"605",0.0800605964345085,-7.78865192013458e-05,0.00472474354951402
"606",0.0837016295537258,-7.27435398501372e-05,0.00379960945675184
"607",0.0837709533852323,-8.00011988234534e-05,0.00448324758590479
"608",0.0805838227389175,-7.50863374256977e-05,0.00414076871479441
"609",0.0748514462286164,-5.521455198075e-05,0.002657018193847
"610",0.0807192962347423,-6.32747902612384e-05,0.00291294905891892
"611",0.0757656608184687,-4.59705263009533e-05,0.00164372002475
"612",0.0781281474135809,-6.83678380824594e-05,0.00348697431780143
"613",0.083126957330734,-6.57593437690288e-05,0.00302466693534753
"614",0.0748438710907604,-6.30839030331409e-05,0.0034337791884812
"615",0.073016355645704,-4.15628043359386e-05,0.00141547129706387
"616",0.0749377053291954,-5.44770142308961e-05,0.00247300163073827
"617",0.079404768386794,-7.17768347311233e-05,0.00392560541969911
"618",0.078751100663707,-6.60330983213193e-05,0.00347181694741883
"619",0.0806843646778631,-5.11497808263509e-05,0.00192918167253331
"620",0.0773687936571339,-5.57265610243089e-05,0.00244384691069222
"621",0.0771048884636159,-5.16651149014144e-05,0.00206386276677184
"622",0.0786371574567807,-6.98990966283244e-05,0.00391176995774589
"623",0.0726025847017531,-5.99734632604075e-05,0.0030438560538989
"624",0.0803134612157567,-6.73498342111848e-05,0.00346982572539134
"625",0.0758476762547154,-5.39813813635571e-05,0.0024295894241364
"626",0.0826550998384706,-7.95232921884255e-05,0.00441275750979475
"627",0.0774927103045953,-4.98484217811469e-05,0.0019504367819092
"628",0.0751778373628261,-5.24425339363605e-05,0.00228105928112399
"629",0.0889461596645903,-8.35746264841028e-05,0.0044258897424172
"630",0.0837977017458724,-5.44811350856751e-05,0.00199726168064951
"631",0.0797857519947879,-7.08134325693265e-05,0.00372899632090595
"632",0.0775357732126592,-6.10365957971294e-05,0.00303749020206068
"633",0.0742823189938418,-4.91686788753052e-05,0.002041738131347
"634",0.0769982680081055,-5.98314625158481e-05,0.00272894881578878
"635",0.0769558690363762,-6.59587742081403e-05,0.0035313957629739
"636",0.075605414738935,-4.24357527382427e-05,0.00142542845108928
"637",0.0766031903023949,-6.26452806085543e-05,0.00324796847634612
"638",0.0796809972486421,-6.82608109246521e-05,0.00338620872610995
"639",0.0718050292597539,-5.21666430412482e-05,0.00249373136298192
"640",0.0793790208649109,-6.23643648009808e-05,0.00282744108190003
"641",0.0737420656437024,-4.98130385916151e-05,0.0020704859581443
"642",0.0745696393124007,-5.32060912250687e-05,0.00233929941182776
"643",0.0779242257255009,-6.65443219334506e-05,0.0036212236030565
"644",0.0807203576259599,-6.35790532154056e-05,0.00290753614510042
"645",0.0812947860131205,-5.73990309600852e-05,0.00237941397985053
"646",0.0796420015988494,-7.79820659860546e-05,0.00454464283233513
"647",0.0743783344441936,-4.87372646599331e-05,0.0019411344276552
"648",0.0757229008603456,-4.91934695161118e-05,0.00193521142197284
"649",0.0808555577860675,-7.63153500959548e-05,0.00462560643585508
"650",0.0773862601836216,-7.09308627595026e-05,0.00413766271113936
"651",0.0774714791495387,-5.5627740808527e-05,0.00250524830873189
"652",0.0788377725599002,-6.01111459098785e-05,0.00275774192172695
"653",0.0733959002616918,-4.95911923174519e-05,0.00215476607197485
"654",0.0796200477004571,-7.50088958039323e-05,0.00413258386351611
"655",0.0758291381612279,-6.55920988107643e-05,0.00369435282659425
"656",0.0814382537527569,-7.20107396028549e-05,0.00368828074586647
"657",0.0821051884069506,-7.24499376649439e-05,0.00379423111034172
"658",0.0777485026600467,-5.74577357477901e-05,0.00261506728557903
"659",0.0748310377766338,-6.77537358083117e-05,0.00394331153050109
"660",0.0785004374707293,-5.88335226192557e-05,0.00275929753505222
"661",0.0790764349936259,-7.51348226186763e-05,0.00444551070535859
"662",0.0714195442498304,-3.70166551996356e-05,0.00118955197711335
"663",0.0814145582946306,-5.94951131609122e-05,0.0025956754930978
"664",0.0771795938358552,-5.52734629660015e-05,0.00243348699540169
"665",0.0745738147851825,-6.60732504481081e-05,0.00381021947886107
"666",0.0792113494564442,-5.14885766104772e-05,0.00212106982117732
"667",0.0826228896880221,-7.31370559823224e-05,0.00383175325988194
"668",0.0715468332144573,-5.43251020132053e-05,0.00270805070074576
"669",0.0782682672864234,-6.55451313122602e-05,0.00330921365129311
"670",0.0794105864004493,-8.46787474247826e-05,0.00555166757737513
"671",0.0782931660801759,-4.5508636728304e-05,0.00148426581855698
"672",0.084524479169305,-7.02027071602963e-05,0.00333752205679727
"673",0.0820420708696575,-5.64676240645274e-05,0.00218852206479014
"674",0.0760520945701954,-5.41167422845175e-05,0.00242816402246515
"675",0.0687073534023714,-6.09720071190251e-05,0.00364400097913653
"676",0.0777731625953786,-4.61232840123016e-05,0.00166255273655957
"677",0.0768284310561109,-5.56894427788013e-05,0.00231732039407229
"678",0.0774974293093215,-6.18124910208305e-05,0.00300532464202397
"679",0.0754416994021183,-6.38003731523371e-05,0.00352722850180076
"680",0.0819113735022284,-7.6456207220788e-05,0.00434607803258336
"681",0.0767211905686866,-6.06434923539678e-05,0.00305372097659196
"682",0.0743479101625916,-4.57382658852219e-05,0.00171872721445798
"683",0.0815424226192008,-7.92744528099472e-05,0.00451687155009295
"684",0.0798548379163725,-6.12393516471631e-05,0.00265779512639341
"685",0.0774440476945223,-6.25115356856346e-05,0.0031697509965839
"686",0.0809623027458837,-7.19478524892597e-05,0.00381306656423375
"687",0.0796092159939959,-4.38399431432833e-05,0.0013806544562347
"688",0.075803900360149,-5.94962923319515e-05,0.00281170752127635
"689",0.0797034128527995,-4.38061967276864e-05,0.00139368069185586
"690",0.0755105298100269,-5.67187128468081e-05,0.00261970985591731
"691",0.0800953691737076,-7.12397102025545e-05,0.00384467275915601
"692",0.0786338040310753,-5.95144200679379e-05,0.00266491335731767
"693",0.0767006586262568,-5.42615856376034e-05,0.00226994615972698
"694",0.0828440577318707,-5.70090610341027e-05,0.00215789349019346
"695",0.0776529028022271,-6.72813107506383e-05,0.00360409270174955
"696",0.0754759073272214,-6.67904685928702e-05,0.00371834429529605
"697",0.0798861628031242,-5.93225462915312e-05,0.00263271641793017
"698",0.0817164977312159,-7.54377839029616e-05,0.0042412198769336
"699",0.0801125798906876,-6.59199381328169e-05,0.0031424932023898
"700",0.0779321472772716,-5.9701124271848e-05,0.00282019345297368
"701",0.0769424536559499,-7.46279235663674e-05,0.00456571789338867
"702",0.0794184429637982,-6.32752118459973e-05,0.00298673410986405
"703",0.0805199923318134,-7.40807096718859e-05,0.00419052679010068
"704",0.0768216329369084,-5.42098769052705e-05,0.00239680556722011
"705",0.0795388110962613,-5.81928793046766e-05,0.00248426996169548
"706",0.0800012190304617,-5.63228438141053e-05,0.00229115780058831
"707",0.0781792644077417,-7.12730655314187e-05,0.00395058319191199
"708",0.0786317637023059,-6.36690382274967e-05,0.00311355606628794
"709",0.0781880474310933,-5.43071617168858e-05,0.00228010160156322
"710",0.0755978477880643,-5.53788959926886e-05,0.00259360430393918
"711",0.076399900130083,-4.87110525009832e-05,0.00180919002252034
"712",0.0835001868978116,-7.55518167996996e-05,0.00406707375417859
"713",0.0817921491213534,-7.35842437648171e-05,0.00407664651920681
"714",0.0766952709625164,-4.05851851670844e-05,0.00121356076913404
"715",0.0813208135016559,-5.92904359247177e-05,0.00244241721909255
"716",0.0793392338856586,-6.2536741253776e-05,0.00302598241555385
"717",0.0785659185283235,-6.06293702993674e-05,0.00281101882780455
"718",0.0770412946968679,-5.54595286495894e-05,0.00248953019371079
"719",0.0782913201214668,-6.53130886988889e-05,0.00330874640654921
"720",0.0841011795317113,-6.77747783942258e-05,0.00328603570860087
"721",0.0785674864682444,-6.05235214284799e-05,0.00292920386679441
"722",0.077695623425969,-6.3882381932562e-05,0.00315142107142341
"723",0.0833224616659136,-7.72631207988236e-05,0.00421813008351868
"724",0.0749024277029872,-6.47400810682502e-05,0.00359109657586176
"725",0.0804329608878501,-5.93634698521326e-05,0.00268903175890622
"726",0.083976098416544,-8.31086335164764e-05,0.00506315709764527
"727",0.0801472315061343,-7.06971008285974e-05,0.00379154163097906
"728",0.077048170454394,-6.94093290461246e-05,0.00376113912664855
"729",0.0787568647532884,-5.87393594552045e-05,0.00260585339469843
"730",0.0793457797487896,-6.95629853237734e-05,0.00368334069122178
"731",0.0824988089355841,-7.06776669854886e-05,0.00359592343002579
"732",0.0814224809079844,-6.45374201614978e-05,0.00311548281986518
"733",0.0833137660777954,-8.6935012860653e-05,0.00565420318208609
"734",0.0806851582142105,-7.65468501486877e-05,0.00438352629649785
"735",0.0814775765570275,-8.07336298827547e-05,0.00485381363580661
"736",0.0790801842567452,-7.26549785278157e-05,0.0041663187152674
"737",0.0780012105773023,-5.69495655897083e-05,0.00260927790270538
"738",0.0786095978540197,-6.52685518333896e-05,0.00337387992784288
"739",0.0772735373235965,-5.51642207259749e-05,0.00232209977656717
"740",0.0773755292577007,-5.14217389764255e-05,0.00213505998393226
"741",0.0828244290956101,-5.37384087087615e-05,0.00198612180680657
"742",0.080054159068823,-6.73336282247173e-05,0.00331953473788549
"743",0.0722161150164661,-5.53436212558535e-05,0.00271902640054045
"744",0.0844391543422195,-8.2709020614436e-05,0.00505500554817062
"745",0.0727576593500064,-6.76206385940953e-05,0.00437368324310661
"746",0.0727133080609987,-5.38309352853788e-05,0.00238616363060029
"747",0.0790787325423081,-6.36838018972801e-05,0.00314043617798565
"748",0.0782660956196202,-5.55126381000724e-05,0.00241640195660187
"749",0.080310321704938,-7.40398745701501e-05,0.00394095989472942
"750",0.0755011489166992,-6.133960426429e-05,0.00306053601256451
"751",0.0729139244882661,-5.28129731825774e-05,0.00248693865662752
"752",0.0754543969307069,-5.13631703460649e-05,0.00214501315874627
"753",0.0779908620504326,-5.80332213797668e-05,0.0025798192248998
"754",0.0740865881999303,-5.199182089949e-05,0.00231842323594489
"755",0.0762471775519648,-5.48862568468352e-05,0.00249292839214421
"756",0.0783165935342465,-6.81927015668329e-05,0.00346867282351482
"757",0.0802492280506879,-6.46739009836501e-05,0.00299176770875731
"758",0.0781436592092451,-6.38173839484943e-05,0.00297913635282576
"759",0.0832854483451038,-7.21116201769388e-05,0.00383590387091215
"760",0.0765663074045079,-6.76692813454976e-05,0.00369722823881335
"761",0.0789987061805784,-6.5184874417674e-05,0.00323519808686823
"762",0.0761675933208439,-5.03152422518665e-05,0.00197189494703576
"763",0.0780425839921778,-6.64999993433894e-05,0.00360122173281152
"764",0.0831510702156064,-6.9014468556693e-05,0.00343242145211586
"765",0.0774318171858394,-6.91885248160366e-05,0.00401353636341595
"766",0.0740468250402473,-4.25446822623827e-05,0.00145539992506183
"767",0.0737062133419851,-6.00871075836996e-05,0.00305576175197442
"768",0.0785190868176565,-6.75321529224436e-05,0.0034444874811268
"769",0.0783982352542691,-5.0367428413432e-05,0.0018611878495286
"770",0.0751676482084291,-8.31556549173505e-05,0.00596530555362884
"771",0.0809251093438496,-8.53372578848779e-05,0.00547188444117153
"772",0.0849634212561672,-7.05884680242074e-05,0.00335823542073288
"773",0.0774380806632019,-5.91723899372745e-05,0.00276981932440357
"774",0.0825780007411077,-7.6958386443383e-05,0.0042806156910179
"775",0.0740581014854406,-5.51907707725691e-05,0.0025406162956324
"776",0.0817627116711088,-6.52721771045167e-05,0.00310994982393309
"777",0.0719985166001491,-4.45917555951069e-05,0.00175638341911133
"778",0.0763142153399608,-5.92379585717164e-05,0.00272292204252012
"779",0.075819942397275,-6.39695131525545e-05,0.00342405085581698
"780",0.0800392618184268,-6.83418022779987e-05,0.00359218197855327
"781",0.0811594028659624,-6.94726139601944e-05,0.00343287506990864
"782",0.0786310262750984,-5.85885740568355e-05,0.00269159586688672
"783",0.0784799861153916,-5.89128702583194e-05,0.00272451712863653
"784",0.0765768982363575,-6.63772469971679e-05,0.00369859453975541
"785",0.0789971055188455,-6.4257187283209e-05,0.00322758293860759
"786",0.0738429853562514,-4.94315796104584e-05,0.0021054853368162
"787",0.0812333845686077,-8.39327531389331e-05,0.00536253347936089
"788",0.0788470745950913,-7.02424598275198e-05,0.00390395311790981
"789",0.082866699657815,-6.10910140525494e-05,0.00256833018767932
"790",0.0831357320457304,-8.15666607362281e-05,0.00473868765198804
"791",0.0775946365928691,-7.93898256136368e-05,0.00519541539080393
"792",0.0738666153231938,-3.78147037448752e-05,0.00113710048708016
"793",0.0800815222696396,-7.7404217546456e-05,0.00457392383895983
"794",0.0797089658783957,-6.31700886948514e-05,0.00324921859972516
"795",0.0724441523096198,-6.24348563505066e-05,0.00339260677397024
"796",0.0801697967845145,-7.07480035132298e-05,0.00361781595400912
"797",0.074715820467294,-6.44466912779438e-05,0.00353325446351072
"798",0.0764024357677012,-6.48868488472203e-05,0.00349369155748036
"799",0.078921190878076,-6.23083005323058e-05,0.0029372514797491
"800",0.0767930374090663,-7.61766754544409e-05,0.00484992018036412
"801",0.0792533285971051,-5.80694946646527e-05,0.00259387840838443
"802",0.076653952852151,-5.34841105954375e-05,0.00232584481254539
"803",0.0801293439957278,-7.02275869762345e-05,0.00368614890725372
"804",0.0720115804081303,-5.16632284067348e-05,0.00240810160354954
"805",0.0833360791113888,-7.36004167379606e-05,0.00398481728193045
"806",0.0818119539757078,-6.93551087329194e-05,0.00344798750457986
"807",0.079447183762106,-5.5111811803218e-05,0.00220979184263737
"808",0.0761337258529371,-5.76399568135337e-05,0.00264228641389352
"809",0.0764827471939847,-5.24928477189819e-05,0.00222408990797707
"810",0.0823383901683331,-7.20819291491418e-05,0.00375886264404457
"811",0.0783939245750165,-5.13542907854411e-05,0.00205741831304629
"812",0.0749356626100662,-5.48877276917993e-05,0.00252129123196665
"813",0.080077099388231,-7.18896880826639e-05,0.00388573044376372
"814",0.0787768996854427,-7.55721685885528e-05,0.00454778601908334
"815",0.0794750148247334,-5.81147897071681e-05,0.00248535360597335
"816",0.0819087197915597,-7.15643804439904e-05,0.00380189674888354
"817",0.0786749666099864,-5.58924596547139e-05,0.00243175020041442
"818",0.0732205778356934,-5.30211719095096e-05,0.00253254860056273
"819",0.0792627807965316,-7.00200770014213e-05,0.00367480827764033
"820",0.0819757419832496,-8.20234802781915e-05,0.00483470695489152
"821",0.0823292675011389,-8.10985139584593e-05,0.00482628254183692
"822",0.0838470642441506,-6.93813746226082e-05,0.00330530326920075
"823",0.076514602015045,-3.94983218076396e-05,0.00126799529981858
"824",0.0766323345029506,-7.98946948455711e-05,0.00537207510917059
"825",0.0761944260514781,-4.25766795863835e-05,0.00143299171485789
"826",0.080906922153,-6.43956955178024e-05,0.0028358105420353
"827",0.0775042734495054,-5.91073401557224e-05,0.0028447322136339
"828",0.0766801562770575,-5.98416731800731e-05,0.00298378923763543
"829",0.0772575711390578,-6.02479075135533e-05,0.00294485168708336
"830",0.0775676179081342,-5.99057346193916e-05,0.002727802505191
"831",0.0810242077238816,-6.96525308919459e-05,0.00340125790398926
"832",0.076462683067859,-6.01783386075754e-05,0.00282114274400125
"833",0.0803283659869435,-5.80030122431731e-05,0.00251402327187511
"834",0.0792905439349164,-5.98074621679091e-05,0.00265270393780459
"835",0.0746302590047723,-3.92019999932436e-05,0.00123882878694725
"836",0.0842113111364438,-6.67522521517215e-05,0.00299779147457002
"837",0.0824846684987492,-6.92087641189669e-05,0.00352221997415914
"838",0.0806763559426904,-6.63765924363388e-05,0.00322614801521337
"839",0.0773974785510253,-5.28542413250526e-05,0.00220422421334132
"840",0.0806504754431535,-6.72431819747276e-05,0.00335742114386561
"841",0.0753773504520256,-5.13761156325307e-05,0.00217109223593837
"842",0.0799769529707183,-5.79001882020628e-05,0.00240088994386622
"843",0.0789596890642612,-6.83381223045634e-05,0.00377695294590763
"844",0.0788438134870759,-5.65198167291089e-05,0.00239502005423475
"845",0.0816243682232046,-6.39326093350231e-05,0.00290665514283484
"846",0.0709028501371267,-3.22548464493868e-05,0.000899937469821532
"847",0.0803774452134466,-6.79268892842798e-05,0.00343118820796173
"848",0.0749691542498885,-4.34362647163926e-05,0.00153375584936866
"849",0.0791500031520943,-7.47717409093349e-05,0.00426737637915964
"850",0.0767963529170535,-6.59221533790975e-05,0.00351781979390109
"851",0.0795231441200125,-6.28553644029248e-05,0.00306682328804408
"852",0.07752825719466,-6.17815605656903e-05,0.0030058036029269
"853",0.079282692841038,-6.38501944638434e-05,0.00301427351540451
"854",0.0728259236955772,-4.60205575256439e-05,0.00186106352084281
"855",0.0779240458239604,-7.48044365791294e-05,0.0046996811929656
"856",0.0752846701897947,-6.56760046170462e-05,0.00367962870590088
"857",0.0805669014401121,-6.22247675865851e-05,0.00277701436905387
"858",0.0816716133390953,-6.95419074385152e-05,0.00346461579513324
"859",0.0851393629833307,-6.18735320496243e-05,0.00252830804430482
"860",0.0751462438382286,-4.69833362773912e-05,0.00183663976964255
"861",0.0796491229655612,-6.81638005096278e-05,0.00346099581753345
"862",0.0805959717082847,-6.99431435579725e-05,0.00369231738553366
"863",0.0775281306294352,-6.23951942541509e-05,0.0031988784745508
"864",0.0850370337226685,-8.14795659703569e-05,0.00459264597658005
"865",0.0783280499190452,-6.88135558148138e-05,0.00369374568144953
"866",0.0783091387404293,-6.06426562502345e-05,0.0027649131821661
"867",0.0768121366836075,-6.06027787596573e-05,0.00294491794557417
"868",0.0804659774937896,-6.31703165518461e-05,0.00300670590078733
"869",0.0795938621102132,-6.77835089916191e-05,0.00348162602177349
"870",0.0715914072996639,-5.3211449952184e-05,0.00262671848009621
"871",0.0815510970134389,-7.76907044923442e-05,0.00442219290540147
"872",0.0847794846348825,-7.9510803857234e-05,0.00419868490644315
"873",0.0757109660528053,-4.82582135963704e-05,0.00188707895713358
"874",0.0740167334654271,-4.93806241346695e-05,0.00204664280923883
"875",0.0770184999606496,-5.3456829809438e-05,0.00228806766114431
"876",0.0814279905033496,-7.56217259410657e-05,0.00429198770897055
"877",0.079452880996348,-7.19970819203243e-05,0.00388204870030828
"878",0.0786340135689552,-6.94466536722041e-05,0.00411968817048991
"879",0.0764685088689223,-6.23924188861908e-05,0.00321326770635733
"880",0.0820776579223925,-7.21135768849271e-05,0.00382266202844228
"881",0.082652779442539,-5.36479821057372e-05,0.00191165582789066
"882",0.0835474651452955,-7.90959560844137e-05,0.00433257146245003
"883",0.0758505274779358,-6.08173172929181e-05,0.00304736396757943
"884",0.0786261068728797,-5.30581319138574e-05,0.00212039082682169
"885",0.0769594755610965,-5.89455707515128e-05,0.00269126528548058
"886",0.0765487974107133,-7.31732259299255e-05,0.00463476327282908
"887",0.0754570821752426,-6.79236346818504e-05,0.00404791017339723
"888",0.0713788473429092,-4.99054708994384e-05,0.00217118182936538
"889",0.0819428612035504,-6.87163170913522e-05,0.00328739510539289
"890",0.0775677575605781,-6.98721706906903e-05,0.00393116016327788
"891",0.0796266908684643,-7.25524282952803e-05,0.00392280076304974
"892",0.073445994704951,-4.78097818225612e-05,0.00192997049961285
"893",0.0764390486401354,-6.31640565722739e-05,0.00320944424796243
"894",0.0750370390164335,-4.89908104855149e-05,0.00200421539490436
"895",0.0720304217741748,-6.10356802602701e-05,0.00348493038500075
"896",0.0764512867965145,-4.79077954290066e-05,0.00179228658397423
"897",0.0741044716063093,-4.17205215338094e-05,0.00146256307662407
"898",0.0737212451139509,-5.08755984275552e-05,0.00223623135055262
"899",0.0753489636054103,-4.95730134434738e-05,0.00199063322466175
"900",0.0746467922368636,-5.82329442063422e-05,0.00284761628448693
"901",0.0801250587637891,-6.45750392654724e-05,0.00313325769012096
"902",0.0783994152605131,-6.09628392079378e-05,0.00292115430092188
"903",0.0807877169677374,-6.16838317251264e-05,0.00274103595398889
"904",0.0777634879271813,-6.54893991628167e-05,0.0033433172943923
"905",0.0787938683909876,-5.48268882317345e-05,0.00223714291620969
"906",0.0752773336680321,-6.12605330998336e-05,0.00308896469305231
"907",0.0790731362005373,-5.74807722610688e-05,0.00242359782810098
"908",0.0712105008412503,-5.01928876442154e-05,0.00224760588715156
"909",0.0771785939320756,-6.79208002222939e-05,0.00362749391458683
"910",0.0755831315740021,-5.94248045300871e-05,0.00287464314847363
"911",0.0825162791846673,-7.74684356381502e-05,0.00415452533704708
"912",0.0783627103472788,-7.44577009252715e-05,0.00422016541339065
"913",0.0765672619168201,-5.77562422347551e-05,0.00270113276411543
"914",0.0795706410428492,-6.23193368318071e-05,0.00283648284023563
"915",0.0816675145571527,-7.01847012636838e-05,0.00340020223259363
"916",0.0725141284192364,-4.78955530607733e-05,0.00208815032947185
"917",0.0792522666513591,-7.72114867521244e-05,0.00472837000312698
"918",0.0829483243627815,-6.3101139039856e-05,0.00267076627308582
"919",0.0780571317669804,-6.307068259846e-05,0.00315488606340042
"920",0.0747046436447928,-5.81904530786176e-05,0.00279558379440081
"921",0.0763894379052448,-6.33501231144723e-05,0.00338035923807345
"922",0.0798776363780799,-6.6151814814337e-05,0.00326543591884065
"923",0.0788852595785227,-5.43816622714317e-05,0.00232233908023038
"924",0.0753731332021998,-4.28537604159101e-05,0.00145752193385107
"925",0.0819837244144333,-8.17781854706542e-05,0.00486333427158658
"926",0.0727847524420896,-5.20358175895596e-05,0.00233931743386284
"927",0.0777266775981755,-7.95222320175273e-05,0.00499371705418283
"928",0.0813115172943559,-6.2256887064257e-05,0.00274619332865256
"929",0.0782691356325987,-6.87645069858022e-05,0.00361485101184589
"930",0.0689217797562443,-5.71325587993031e-05,0.00334016408965765
"931",0.0811051814703381,-6.61276145959564e-05,0.00312458600793875
"932",0.078701334627329,-5.97472174447611e-05,0.00264436206584229
"933",0.0878068264130662,-8.48739671791222e-05,0.00462614897586511
"934",0.0781291032551665,-6.99143829441829e-05,0.00380055928180933
"935",0.0792529932315445,-6.40177911198399e-05,0.00315138106359325
"936",0.0791241979345946,-6.47157913493892e-05,0.00306977563418465
"937",0.0838812430256755,-6.85610063946725e-05,0.00330412584622808
"938",0.0801620952161081,-5.82236645247756e-05,0.00248676055837371
"939",0.074134162363717,-7.53993784661378e-05,0.00501214822785245
"940",0.0760615058259831,-5.42491002254682e-05,0.00242136916969704
"941",0.0784088284163414,-6.39894622404368e-05,0.00332431802467403
"942",0.0809128357555959,-6.51008689974914e-05,0.00299322214810127
"943",0.0766931376392082,-5.78927010302739e-05,0.00271965156124365
"944",0.0835563649045798,-5.92936285689093e-05,0.00235658550183571
"945",0.0780570007754326,-4.32150015783599e-05,0.0014209766910801
"946",0.0795353157774075,-5.74102914846948e-05,0.00229263009061498
"947",0.0781710253853856,-6.06731849349333e-05,0.00280428121572718
"948",0.0835237989141595,-5.41481664581936e-05,0.00201813220180558
"949",0.0768768360816997,-5.79114394115816e-05,0.00264422924884111
"950",0.0773061645616448,-5.63272647971167e-05,0.00253374011970442
"951",0.0828417873234208,-6.65355587902209e-05,0.00304178973581848
"952",0.0825164962368858,-6.67129846635603e-05,0.00302311852166393
"953",0.0775191754349406,-6.28413954644192e-05,0.00316102553520281
"954",0.0793992361237086,-6.55061698723369e-05,0.00335055810335283
"955",0.077422561096512,-5.94389166745727e-05,0.00273970276935354
"956",0.0775455049909589,-7.44740501033816e-05,0.00433735677797664
"957",0.0774597889310252,-6.42619639221998e-05,0.00314912271842216
"958",0.0812521450153511,-7.66365526949412e-05,0.00415722683958086
"959",0.0828634494810133,-6.40464600709165e-05,0.00292101574355674
"960",0.0792788787036519,-5.64726898235909e-05,0.00235836667434086
"961",0.0743261350922998,-6.39994949573983e-05,0.00368807380895664
"962",0.0791121866852834,-6.56896046201156e-05,0.00323680505526835
"963",0.0791243243065777,-7.23484144545287e-05,0.00415103216521673
"964",0.0782888860661509,-6.38639308882499e-05,0.00315086758797167
"965",0.0762825706358027,-5.82677258520744e-05,0.00273684959348008
"966",0.0825296393081434,-7.43705396164399e-05,0.00403571751674647
"967",0.0759932669006353,-5.67570208754148e-05,0.00260928667920113
"968",0.0798153319551738,-5.57895100433723e-05,0.00222877592569493
"969",0.0765271162087243,-6.06173214295456e-05,0.00292908637590572
"970",0.0746231560515975,-5.29747206156375e-05,0.00231654281566518
"971",0.0797955042068914,-6.62220872518339e-05,0.00343357894387097
"972",0.0779803111572143,-6.7370805691009e-05,0.0034816601056149
"973",0.0786957515059607,-5.79039052482926e-05,0.00250854729704109
"974",0.0754546299975615,-4.83192025092516e-05,0.00179790007222558
"975",0.073797554983799,-5.19884384306657e-05,0.00223610025632814
"976",0.0852284322352342,-7.76088222875797e-05,0.00393093736801042
"977",0.0748815367296554,-5.88969462287236e-05,0.0028057486420755
"978",0.0834245184026518,-8.22249928954899e-05,0.00494221575545628
"979",0.0814569596969626,-8.02820397176787e-05,0.0045560808315428
"980",0.0783466274384896,-6.73596340017121e-05,0.00367622165891701
"981",0.0801341468997874,-6.3992536653025e-05,0.00296378380754969
"982",0.078421934302648,-4.66208421631678e-05,0.00159712519219102
"983",0.080050008721707,-6.42131886781391e-05,0.00301508775042048
"984",0.0786932449871109,-5.0766564689566e-05,0.00194806154858762
"985",0.0755886141115016,-5.96302707010325e-05,0.00315345848635307
"986",0.0749041930420991,-4.6503187556968e-05,0.0017958193080253
"987",0.0760067375105113,-4.65786644368388e-05,0.00166329769756945
"988",0.0811416603094895,-7.60679073111716e-05,0.00407434153036201
"989",0.0757722594931874,-5.6880089157824e-05,0.00261320137233978
"990",0.0781124852214,-7.62504448425515e-05,0.00476613843814944
"991",0.0757656474636418,-5.78111883901243e-05,0.0027058007790125
"992",0.0775258504246557,-6.15180746668033e-05,0.00306171402832822
"993",0.0724622586264188,-4.33489437375916e-05,0.0016449155457301
"994",0.0821368962773,-7.3957333245973e-05,0.00384683216327275
"995",0.080915245012497,-7.24939677025418e-05,0.00386631653331782
"996",0.0763071099281941,-5.28055709240117e-05,0.00232363168442684
"997",0.0776073776263068,-6.01592588375842e-05,0.00302581952348768
"998",0.0780840241200049,-5.71993021654744e-05,0.00243305161404173
"999",0.0794138192872633,-5.73726735163366e-05,0.0026196294300963
