Species,Microclim,Topography,Soil,combo.letter,micro.topo.letter,micro.soil.letter,topo.soil.letter
Carpinus caroliniana,generalists,generalists,specialists,c,a,e,d
Platanus occidentalis,generalists,generalists,generalists,a,a,a,a
Quercus nigra,generalists,generalists,overdisperser,b,a,c,b
Sassafras albidum,generalists,generalists,specialists,c,a,e,d
Carya alba,generalists,overdisper.shifter,generalists,d,b,a,e
Fraxinus americana,generalists,overdisper.shifter,shifting,e,b,d,h
Juglans cinerea,generalists,overdisper.shifter,shifting,e,b,d,h
Magnolia macrophylla,generalists,overdisper.shifter,shifting,e,b,d,h
Acer negundo,generalists,shifting,specialists,j,c,e,p
Acer saccharinum,generalists,shifting,shifting,i,c,d,o
Celtis occidentalis,generalists,shifting,shifting,i,c,d,o
Ilex opaca,generalists,shifting,specialists,j,c,e,p
Quercus stellata,generalists,shifting,overdisperser,h,c,c,n
Quercus texana,generalists,shifting,overdisper.shifter,g,c,b,m
Salix caroliniana,generalists,shifting,shifting,i,c,d,o
Salix nigra,generalists,shifting,generalists,f,c,a,l
Ulmus americana,generalists,shifting,shifting,i,c,d,o
Annona glabra,overdisper.shifter,generalists,shifting,m,d,i,c
Betula populifolia,overdisper.shifter,generalists,shifting,m,d,i,c
Chamaecyparis thyoides,overdisper.shifter,generalists,specialists,n,d,j,d
Liriodendron tulipifera,overdisper.shifter,generalists,generalists,k,d,f,a
Morus rubra,overdisper.shifter,generalists,generalists,k,d,f,a
Ostrya virginiana,overdisper.shifter,generalists,specialists,n,d,j,d
Pinus clausa,overdisper.shifter,generalists,shifting,m,d,i,c
Pinus taeda,overdisper.shifter,generalists,overdisperser,l,d,h,b
Quercus ellipsoidalis,overdisper.shifter,generalists,generalists,k,d,f,a
Quercus falcata,overdisper.shifter,generalists,overdisperser,l,d,h,b
Quercus marilandica,overdisper.shifter,generalists,generalists,k,d,f,a
Quercus pagoda,overdisper.shifter,generalists,shifting,m,d,i,c
Tsuga canadensis,overdisper.shifter,generalists,shifting,m,d,i,c
Abies fraseri,overdisper.shifter,overdisper.shifter,shifting,r,e,i,h
Acer leucoderme,overdisper.shifter,overdisper.shifter,generalists,o,e,f,e
Acer nigrum,overdisper.shifter,overdisper.shifter,generalists,o,e,f,e
Acer pensylvanicum,overdisper.shifter,overdisper.shifter,shifting,r,e,i,h
Fagus grandifolia,overdisper.shifter,overdisper.shifter,shifting,r,e,i,h
Fraxinus albicans,overdisper.shifter,overdisper.shifter,overdisper.shifter,p,e,g,f
Fraxinus profunda,overdisper.shifter,overdisper.shifter,shifting,r,e,i,h
Fraxinus quadrangulata,overdisper.shifter,overdisper.shifter,generalists,o,e,f,e
Gymnocladus dioicus,overdisper.shifter,overdisper.shifter,generalists,o,e,f,e
Magnolia acuminata,overdisper.shifter,overdisper.shifter,shifting,r,e,i,h
Magnolia fraseri,overdisper.shifter,overdisper.shifter,shifting,r,e,i,h
Nyssa aquatica,overdisper.shifter,overdisper.shifter,overdisper.shifter,p,e,g,f
Nyssa ogeche,overdisper.shifter,overdisper.shifter,overdisper.shifter,p,e,g,f
Nyssa sylvatica,overdisper.shifter,overdisper.shifter,specialists,s,e,j,i
Pinus pungens,overdisper.shifter,overdisper.shifter,shifting,r,e,i,h
Pinus virginiana,overdisper.shifter,overdisper.shifter,overdisperser,q,e,h,g
Planera aquatica,overdisper.shifter,overdisper.shifter,overdisper.shifter,p,e,g,f
Quercus ilicifolia,overdisper.shifter,overdisper.shifter,shifting,r,e,i,h
Quercus incana,overdisper.shifter,overdisper.shifter,shifting,r,e,i,h
Quercus margaretta,overdisper.shifter,overdisper.shifter,shifting,r,e,i,h
Quercus sinuata,overdisper.shifter,overdisper.shifter,overdisper.shifter,p,e,g,f
Robinia pseudoacacia,overdisper.shifter,overdisper.shifter,specialists,s,e,j,i
Tsuga caroliniana,overdisper.shifter,overdisper.shifter,shifting,r,e,i,h
Ulmus rubra,overdisper.shifter,overdisper.shifter,shifting,r,e,i,h
Ulmus thomasii,overdisper.shifter,overdisper.shifter,overdisperser,q,e,h,g
Acer barbatum,overdisper.shifter,overdisperser,overdisper.shifter,t,f,g,j
Oxydendrum arboreum,overdisper.shifter,overdisperser,shifting,u,f,i,k
Pinus glabra,overdisper.shifter,overdisperser,shifting,u,f,i,k
Acer saccharum,overdisper.shifter,shifting,shifting,y,g,i,o
Betula lenta,overdisper.shifter,shifting,shifting,y,g,i,o
Betula nigra,overdisper.shifter,shifting,generalists,v,g,f,l
Carya aquatica,overdisper.shifter,shifting,shifting,y,g,i,o
Castanea dentata,overdisper.shifter,shifting,shifting,y,g,i,o
Fraxinus caroliniana,overdisper.shifter,shifting,shifting,y,g,i,o
Gleditsia aquatica,overdisper.shifter,shifting,shifting,y,g,i,o
Gordonia lasianthus,overdisper.shifter,shifting,shifting,y,g,i,o
Juglans nigra,overdisper.shifter,shifting,shifting,y,g,i,o
Juniperus virginiana,overdisper.shifter,shifting,overdisperser,x,g,h,n
Magnolia virginiana,overdisper.shifter,shifting,specialists,z,g,j,p
Nyssa biflora,overdisper.shifter,shifting,shifting,y,g,i,o
Pinus elliottii,overdisper.shifter,shifting,shifting,y,g,i,o
Pinus palustris,overdisper.shifter,shifting,shifting,y,g,i,o
Pinus rigida,overdisper.shifter,shifting,shifting,y,g,i,o
Pinus serotina,overdisper.shifter,shifting,shifting,y,g,i,o
Populus heterophylla,overdisper.shifter,shifting,shifting,y,g,i,o
Quercus alba,overdisper.shifter,shifting,shifting,y,g,i,o
Quercus coccinea,overdisper.shifter,shifting,shifting,y,g,i,o
Quercus laevis,overdisper.shifter,shifting,shifting,y,g,i,o
Quercus laurifolia,overdisper.shifter,shifting,shifting,y,g,i,o
Quercus lyrata,overdisper.shifter,shifting,overdisperser,x,g,h,n
Quercus minima,overdisper.shifter,shifting,shifting,y,g,i,o
Quercus muehlenbergii,overdisper.shifter,shifting,generalists,v,g,f,l
Quercus shumardii,overdisper.shifter,shifting,overdisper.shifter,w,g,g,m
Quercus virginiana,overdisper.shifter,shifting,shifting,y,g,i,o
Taxodium distichum,overdisper.shifter,shifting,shifting,y,g,i,o
Asimina triloba,overdisperser,generalists,specialists,dd,h,n,d
Carya ovata,overdisperser,generalists,shifting,cc,h,m,c
Diospyros virginiana,overdisperser,generalists,generalists,aa,h,k,a
Magnolia grandiflora,overdisperser,generalists,shifting,cc,h,m,c
Pinus echinata,overdisperser,generalists,generalists,aa,h,k,a
Ulmus alata,overdisperser,generalists,overdisperser,bb,h,l,b
Betula alleghaniensis,overdisperser,overdisper.shifter,shifting,ff,i,m,h
Carya cordiformis,overdisperser,overdisper.shifter,specialists,gg,i,n,i
Prunus americana,overdisperser,overdisper.shifter,overdisperser,ee,i,l,g
Cornus florida,overdisperser,shifting,specialists,jj,j,n,p
Persea borbonia,overdisperser,shifting,shifting,ii,j,m,o
Prunus serotina,overdisperser,shifting,specialists,jj,j,n,p
Quercus imbricaria,overdisperser,shifting,generalists,hh,j,k,l
Quercus velutina,overdisperser,shifting,shifting,ii,j,m,o
Carya glabra,shifting,generalists,shifting,kk,k,r,c
Aesculus glabra,shifting,overdisper.shifter,shifting,mm,l,r,h
Carya texana,shifting,overdisper.shifter,generalists,ll,l,o,e
Acer rubrum,shifting,shifting,shifting,qq,m,r,o
Carya illinoinensis,shifting,shifting,overdisper.shifter,oo,m,p,m
Celtis laevigata,shifting,shifting,shifting,qq,m,r,o
Fraxinus pennsylvanica,shifting,shifting,shifting,qq,m,r,o
Gleditsia triacanthos,shifting,shifting,generalists,nn,m,o,l
Liquidambar styraciflua,shifting,shifting,shifting,qq,m,r,o
Maclura pomifera,shifting,shifting,shifting,qq,m,r,o
Populus deltoides,shifting,shifting,overdisperser,pp,m,q,n
Quercus bicolor,shifting,shifting,shifting,qq,m,r,o
Quercus macrocarpa,shifting,shifting,generalists,nn,m,o,l
Quercus michauxii,shifting,shifting,overdisperser,pp,m,q,n
Quercus palustris,shifting,shifting,shifting,qq,m,r,o
Quercus phellos,shifting,shifting,shifting,qq,m,r,o
Quercus rubra,shifting,shifting,shifting,qq,m,r,o
Tilia americana,shifting,shifting,shifting,qq,m,r,o
Ulmus crassifolia,shifting,shifting,generalists,nn,m,o,l
Cercis canadensis,specialists,shifting,generalists,rr,n,s,l