"","species","Intercept","Intercept.p.value","Slope","Slope.p.value","R2","R2.p.value","F.value","F.test.p.value","SES.intercept","SES.slope","SES.R2","Rank.intercept","Rank.slope","Rank.R2","P.val.intercept","P.val.slope","P.val.R2","Category","significant"
"R2","Abies fraseri",0.125950457703436,1,0.00898034158691558,0.001,0.157657800331016,0.001,59369.7964032335,0.001,-40.1942156388909,592.549723921104,31.5903413417813,1,1000,1000,0.001,1,1,"shifting","significant"
"R21","Acer barbatum",0.274779022562991,1,0.000536107350797617,0.001,0.0256460232535695,0.001,639.812171064812,0.001,16.7623897979534,7.5276106073623,-9.07330816787039,1000,1000,1,1,1,0.001,"overdisper.shifter","non-significant"
"R22","Acer leucoderme",0.275027476747925,1,0.000438649875002361,0.001,0.0179971756670061,0.001,602.848669801538,0.001,16.8574730704003,0.775692451883144,-11.4293862716466,1000,781,1,1,0.781,0.001,"generalists","non-significant"
"R23","Acer negundo",0.226719966925221,1,0.000256403508195315,0.001,0.0343639155130034,0.001,19032715.0172205,0.001,-1.62978291573835,-11.8504559556514,-6.38793173291373,49,1,1,0.049,0.001,0.001,"specialists","non-significant"
"R24","Acer nigrum",0.231746500746055,1,0.000609595656125185,0.001,0.0426888145128772,0.001,22721.7512373124,0.001,0.293868661620883,12.6189288352119,-3.82360919572434,605,1000,1,0.605,1,0.001,"generalists","non-significant"
"R25","Acer pensylvanicum",0.182049672900029,1,0.000550457085804237,0.001,0.0539309797163089,0.001,4967433.27557964,0.001,-18.7250785261048,8.52176970626058,-0.360679783799545,1,1000,349,0.001,1,0.349,"shifting","non-significant"
"R26","Acer rubrum",0.11256333241709,1,0.00107152971295474,0.001,0.2642494975662,0.001,363637767.502112,0.001,-45.317460720153,44.6220247443862,64.4238317542889,1,1000,1000,0.001,1,1,"shifting","significant"
"R27","Acer saccharinum",0.0610471978447266,1,0.00176752252125838,0.001,0.439524093219505,0.001,793982843.562062,0.001,-65.0326555366748,92.8408652193929,118.413747528323,1,1000,1000,0.001,1,1,"shifting","significant"
"R28","Acer saccharum",0.119085944301818,1,0.00136038298256669,0.001,0.272917192851312,0.001,163954383.363983,0.001,-42.8212609356109,64.6339696408431,67.0937459917397,1,1000,1000,0.001,1,1,"shifting","significant"
"R29","Aesculus glabra",0.224345642470149,1,0.000586587047170781,0.001,0.0532485315928468,0.001,246807.390726722,0.001,-2.53843550735746,11.0248772423107,-0.570894598836099,10,1000,280,0.01,1,0.28,"shifting","non-significant"
"R211","Annona glabra",0.180932606434103,1,0.00197618320740373,0.001,0.00699538910925679,0.001,5385.39608111371,0.001,-19.1525792146085,107.297015079865,-14.818271736781,1,1000,1,0.001,1,0.001,"shifting","non-significant"
"R212","Asimina triloba",0.217412090525027,1,0.000368610844392636,0.001,0.0229819827188035,0.001,5952300.29909693,0.001,-5.19190181462747,-4.07665775016243,-9.89391382127112,1,1,1,0.001,0.001,0.001,"specialists","non-significant"
"R213","Betula alleghaniensis",0.173143171839334,1,0.000548249693279063,0.001,0.0681376817234428,0.001,3928132.25865446,0.001,-22.133591315404,8.36884009726575,4.01541728795826,1,1000,1000,0.001,1,1,"shifting","significant"
"R214","Betula lenta",0.193989601693277,1,0.000626633264877813,0.001,0.0310469705735265,0.001,301554.362046737,0.001,-14.1556747032379,13.7993055987605,-7.4096518358298,1,1000,1,0.001,1,0.001,"shifting","non-significant"
"R215","Betula nigra",0.228384682075558,1,0.00023975695505877,0.001,0.0189619354683326,0.001,225128.953184582,0.001,-0.992697393399567,-13.0037401283804,-11.1322108582808,176,1,1,0.176,0.001,0.001,"generalists","non-significant"
"R216","Betula populifolia",0.183114835162906,1,0.00149824903204142,0.001,0.0580864952144102,0.001,320596.471930725,0.001,-18.3174415459985,74.1854204133648,0.919345600962783,1,1000,822,0.001,1,0.822,"shifting","non-significant"
"R217","Carpinus caroliniana",0.218293766621883,1,0.000357105727412517,0.001,0.0404129281300487,0.001,2219477.46595176,0.001,-4.85448488381776,-4.87373983735064,-4.52465154394478,1,1,1,0.001,0.001,0.001,"specialists","non-significant"
"R218","Carya alba",0.228552834486095,1,0.00030518099143749,0.001,0.0270362991074325,0.001,100648.920742274,0.001,-0.928345563431658,-8.47111976831446,-8.64506084558754,187,1,1,0.187,0.001,0.001,"generalists","non-significant"
"R219","Carya aquatica",0.222251108073019,1,0.00129448058665668,0.001,0.182060734231621,0.001,26884.6657004228,0.001,-3.34001260610734,60.0682082171717,39.1071884982229,3,1000,1000,0.003,1,1,"shifting","significant"
"R220","Carya cordiformis",0.223991255158958,1,0.00038827558903062,0.001,0.0406968320509583,0.001,497820.264728406,0.001,-2.67405932577146,-2.71427128098067,-4.43720048624475,7,4,1,0.007,0.004,0.001,"specialists","non-significant"
"R221","Carya glabra",0.216379286961134,1,0.000650483745752658,0.001,0.0945104554001436,0.001,729001.951117717,0.001,-5.58715513940373,15.4516826331718,12.1390351130375,1,1000,1000,0.001,1,1,"shifting","significant"
"R222","Carya illinoinensis",0.242307826582078,1,0.000844518286493604,0.001,0.0390804973077313,0.001,669870.947104688,0.001,4.33568193248031,28.89452350021,-4.93508083407384,1000,1000,1,1,1,0.001,"overdisper.shifter","non-significant"
"R223","Carya ovata",0.22248990568741,1,0.000504545936867598,0.001,0.0594293212688958,0.001,1881135.28076342,0.001,-3.24862489760554,5.34101504875805,1.33297693932433,3,1000,909,0.003,1,0.909,"shifting","non-significant"
"R224","Carya texana",0.227811671560972,1,0.00137307590318024,0.001,0.128730657759673,0.001,36043.6362297163,0.001,-1.21198818493032,65.5133435466144,22.6799000699641,125,1000,1000,0.125,1,1,"generalists","non-significant"
"R225","Castanea dentata",0.184701340035602,1,0.00046990132757552,0.001,0.0333215442868603,0.001,1173488.57636882,0.001,-17.7102870515434,2.94081368339445,-6.70901382980848,1,999,1,0.001,0.999,0.001,"shifting","non-significant"
"R226","Celtis laevigata",0.207624920861064,1,0.000930400972161785,0.001,0.167777186894936,0.001,11850103.4584086,0.001,-8.9374459675247,34.8445325669596,34.7074207236195,1,1000,1000,0.001,1,1,"shifting","significant"
"R227","Celtis occidentalis",0.190031218073129,1,0.000679547808061303,0.001,0.11601167871157,0.001,8470255.66877235,0.001,-15.6705458184246,17.4652600254899,18.762066997925,1,1000,1000,0.001,1,1,"shifting","significant"
"R228","Cercis canadensis",0.228747610726932,1,0.000389913207344843,0.001,0.0619890808082225,0.001,42617970.990902,0.001,-0.853804809052326,-2.60081600484797,2.12146086886876,205,5,988,0.205,0.005,0.988,"generalists","non-significant"
"R229","Chamaecyparis thyoides",0.21072451492372,1,0.000116258048818668,0.001,0.0034384849475777,0.001,6244.27240905076,0.001,-7.75123311780945,-21.559825748494,-15.9139065912765,1,1,1,0.001,0.001,0.001,"specialists","non-significant"
"R230","Cornus florida",0.222273194069827,1,0.000380357116358662,0.001,0.0384649690401716,0.001,11419045.9287291,0.001,-3.33156030794093,-3.26286828660988,-5.12468229456056,3,2,1,0.003,0.002,0.001,"specialists","non-significant"
"R231","Diospyros virginiana",0.234942972915423,1,0.000446513088895308,0.001,0.0484645879116684,0.001,8860202.85448554,0.001,1.51715670657617,1.32046109288246,-2.04449501110255,942,912,23,0.942,0.912,0.023,"generalists","non-significant"
"R232","Fagus grandifolia",0.20428496804936,1,0.000542795716842189,0.001,0.0667391683871418,0.001,72404095.337888,0.001,-10.2156439710694,7.99098501510614,3.58463257010272,1,1000,1000,0.001,1,1,"shifting","significant"
"R233","Fraxinus albicans",0.293240375546739,1,0.0043454676370301,0.001,0.0946311762376856,0.001,122.709108141556,0.001,23.8275388754703,271.442601915052,12.1762208091549,1000,1000,1000,1,1,1,"overdisper.shifter","significant"
"R234","Fraxinus americana",0.199633518048991,1,0.000617237800613676,0.001,0.128201500951799,0.001,3498085.14903058,0.001,-11.9957511879214,13.1483816421679,22.5169036506491,1,1000,1000,0.001,1,1,"shifting","significant"
"R235","Fraxinus caroliniana",0.149332209429838,1,0.00193808553274051,0.001,0.250234728122035,0.001,68244.6875790555,0.001,-31.2460328168657,104.657583069738,60.1068557597777,1,1000,1000,0.001,1,1,"shifting","significant"
"R236","Fraxinus pennsylvanica",0.035796958649797,1,0.00138854171170417,0.001,0.600395009218504,0.001,1224892701.91875,0.001,-74.6959074290027,66.5848249543749,167.966891113703,1,1000,1000,0.001,1,1,"shifting","significant"
"R237","Fraxinus profunda",0.224096475935509,1,0.00135367002403581,0.001,0.203390044315687,0.001,2483.74795843889,0.001,-2.63379139562359,64.1688914494394,45.6772658711857,8,1000,1000,0.008,1,1,"shifting","significant"
"R238","Fraxinus quadrangulata",0.229491568084572,1,0.00082523035698019,0.001,0.0378211753907491,0.001,17981.1375109735,0.001,-0.56909275985045,27.5582430312102,-5.32299035385816,283,1000,1,0.283,1,0.001,"generalists","non-significant"
"R239","Gleditsia aquatica",0.142977821100405,1,0.00253373654479662,0.001,0.510592951828481,0.001,88758.8483493518,0.001,-33.6778535443822,145.924677767331,140.3051213247,1,1000,1000,0.001,1,1,"shifting","significant"
"R240","Gleditsia triacanthos",0.228241057060725,1,0.000429841132681114,0.001,0.0526049087686615,0.001,2625425.43113727,0.001,-1.04766260325981,0.165416978191262,-0.769150038755895,160,555,221,0.16,0.555,0.221,"generalists","significant"
"R241","Gordonia lasianthus",0.0490695949435949,1,0.00192193864961631,0.001,0.174648222115515,0.001,285086.184320376,0.001,-69.6164772187741,103.538916364787,36.8239089200793,1,1000,1000,0.001,1,1,"shifting","significant"
"R242","Gymnocladus dioicus",0.23854989828805,1,0.000444736976228236,0.001,0.0206168090895001,0.001,43609.4466158405,0.001,2.89752495431629,1.19741083670535,-10.6224593618333,998,895,1,0.998,0.895,0.001,"generalists","non-significant"
"R243","Ilex opaca",0.224195682246696,1,0.000191217926097331,0.001,0.0105681180019729,0.001,2475884.18803146,0.001,-2.59582519788154,-16.3665560459872,-13.717762382974,9,1,1,0.009,0.001,0.001,"specialists","non-significant"
"R244","Juglans cinerea",0.217457435264674,1,0.000484459311849514,0.001,0.0536861323101152,0.001,137228.548060578,0.001,-5.17454840906887,3.94940042878956,-0.436100244982843,1,1000,325,0.001,1,0.325,"shifting","non-significant"
"R245","Juglans nigra",0.215900555279666,1,0.000455275859895296,0.001,0.0624663870768911,0.001,7437345.12601166,0.001,-5.77036547619104,1.92755164313869,2.26848574231254,1,976,995,0.001,0.976,0.995,"shifting","significant"
"R246","Juniperus virginiana",0.236912396326537,1,0.000281656166743987,0.001,0.0347192007067708,0.001,13023556.1499567,0.001,2.27085390355417,-10.1009351278485,-6.27849306830996,989,1,1,0.989,0.001,0.001,"overdisperser","non-significant"
"R247","Liquidambar styraciflua",0.15999726907216,1,0.000727335805684129,0.001,0.143509340538226,0.001,169645724.028187,0.001,-27.1645206785112,20.7760439969671,27.2321846465806,1,1000,1000,0.001,1,1,"shifting","significant"
"R248","Liriodendron tulipifera",0.204635182459852,1,0.000448268514804487,0.001,0.0334916244472747,0.001,29010901.9192835,0.001,-10.0816171193322,1.44207815683848,-6.65662395835346,1,925,1,0.001,0.925,0.001,"generalists","non-significant"
"R249","Maclura pomifera",0.219983736331988,1,0.000948609228617221,0.001,0.0116617789834886,0.001,172130.534577808,0.001,-4.20773445610584,36.1060125749105,-13.3808814787146,1,1000,1,0.001,1,0.001,"shifting","non-significant"
"R250","Magnolia acuminata",0.203005553442272,1,0.000483366488414226,0.001,0.0352922578962762,0.001,83494.7318994579,0.001,-10.7052751990182,3.8736889009335,-6.10197399388403,1,1000,1,0.001,1,0.001,"shifting","non-significant"
"R251","Magnolia fraseri",0.181105922208422,1,0.00167985219801785,0.001,0.0350855932692352,0.001,57895.2006046093,0.001,-19.0862513683164,86.7670074434328,-6.16563299572526,1,1000,1,0.001,1,0.001,"shifting","non-significant"
"R252","Magnolia grandiflora",0.154860901816649,1,0.00148095880148701,0.001,0.175389682851752,0.001,3845739.49582803,0.001,-29.1302054476074,72.9875418448905,37.0523014178624,1,1000,1000,0.001,1,1,"shifting","significant"
"R253","Magnolia macrophylla",0.204808294116366,1,0.000900952008128568,0.001,0.0383937484869051,0.001,55442.552093191,0.001,-10.0153673888057,32.8042889294817,-5.14662039493333,1,1000,1,0.001,1,0.001,"shifting","non-significant"
"R254","Magnolia virginiana",0.209377022472504,1,0.000346089472777215,0.001,0.0242278362259593,0.001,256281.456973777,0.001,-8.26691769721436,-5.63695321908998,-9.51015298207241,1,1,1,0.001,0.001,0.001,"specialists","non-significant"
"R255","Morus rubra",0.24563506194188,1,0.000421002311672823,0.001,0.0457618240031095,0.001,670627.710989321,0.001,5.60901297455945,-0.446942366763328,-2.8770286434655,1000,319,3,1,0.319,0.003,"generalists","non-significant"
"R256","Nyssa aquatica",0.236342393965525,1,0.000742368073937096,0.001,0.0646063289601619,0.001,12829.008503668,0.001,2.05271433065117,21.817489449017,2.92765304267619,986,1000,999,0.986,1,0.999,"overdisper.shifter","significant"
"R257","Nyssa biflora",0.176130298486985,1,0.00136530866002086,0.001,0.119963666424716,0.001,41414.110052812,0.001,-20.9904196801692,64.9752238212891,19.9793996237827,1,1000,1000,0.001,1,1,"shifting","significant"
"R258","Nyssa ogeche",0.236446199570078,1,0.00244172837542475,0.001,0.0236135679869479,0.001,561.519295583193,0.001,2.09244067529635,139.550291152399,-9.69936631537536,986,1000,1,0.986,1,0.001,"overdisper.shifter","non-significant"
"R259","Nyssa sylvatica",0.220500623378596,1,0.000267530109243431,0.001,0.0220052213668018,0.001,736393.431859402,0.001,-4.00992208321325,-11.0795977017051,-10.1947860779113,1,1,1,0.001,0.001,0.001,"specialists","non-significant"
"R260","Ostrya virginiana",0.221864472514815,1,0.000366330982883539,0.001,0.0456723540246928,0.001,2290884.27674424,0.001,-3.48797780994614,-4.23460805812639,-2.90458812281285,3,1,3,0.003,0.001,0.003,"specialists","non-significant"
"R261","Oxydendrum arboreum",0.218566204852403,1,0.000499289936091919,0.001,0.0216745030301366,0.001,241739.935756251,0.001,-4.75022293103818,4.97687585088805,-10.2966574020181,1,1000,1,0.001,1,0.001,"shifting","non-significant"
"R263","Persea borbonia",0.12708850117849,1,0.000811967090050222,0.001,0.0805675412954039,0.001,29496.1078256609,0.001,-39.7586870611626,26.639355156733,7.84419275237679,1,1000,1000,0.001,1,1,"shifting","significant"
"R264","Pinus clausa",0.0347585059063222,1,0.00111273145781748,0.001,0.0876777870925417,0.001,93711.3661111285,0.001,-75.0933226915278,47.4765087837697,10.0343650947479,1,1000,1000,0.001,1,1,"shifting","significant"
"R265","Pinus echinata",0.232775471276908,1,0.000317939403301048,0.001,0.022747041652886,0.001,65840.6210326425,0.001,0.687655086876283,-7.58720858557859,-9.96628282782035,755,1,1,0.755,0.001,0.001,"generalists","non-significant"
"R266","Pinus elliottii",0.0713087852797385,1,0.00263175560672635,0.001,0.139718190073359,0.001,324981.669581333,0.001,-61.1055519780051,152.715502980337,26.0643947936249,1,1000,1000,0.001,1,1,"shifting","significant"
"R267","Pinus glabra",0.18083756658342,1,0.00188795284005994,0.001,0.146384497509088,0.001,20044.1598786855,0.001,-19.1889509103326,101.184357079316,28.1178205946505,1,1000,1000,0.001,1,1,"shifting","significant"
"R268","Pinus palustris",0.129400976263269,1,0.0012019210497535,0.001,0.12107766768384,0.001,2180520.32677619,0.001,-38.873704187676,53.6556224962747,20.3225459532784,1,1000,1000,0.001,1,1,"shifting","significant"
"R269","Pinus pungens",0.206453440323864,1,0.00103126664235893,0.001,0.0304984172209462,0.001,9630.84650552631,0.001,-9.38577088953955,41.8325726768782,-7.57862298189341,1,1000,1,0.001,1,0.001,"shifting","non-significant"
"R270","Pinus rigida",0.134826860828805,1,0.00150596686550273,0.001,0.11434234042423,0.001,6649675.86904436,0.001,-36.7972213119812,74.7201170022428,18.2478599435831,1,1000,1000,0.001,1,1,"shifting","significant"
"R271","Pinus serotina",0.136827419574922,1,0.0010309433840044,0.001,0.0452252046017407,0.001,6099.7849711402,0.001,-36.0316086403591,41.8101771250229,-3.04232376894918,1,1000,2,0.001,1,0.002,"shifting","non-significant"
"R272","Pinus taeda",0.247483122525209,1,0.00012710838793188,0.001,0.00550664211713681,0.001,78048.0675272025,0.001,6.31626468774625,-20.8081071034769,-15.2768511698917,1000,1,1,1,0.001,0.001,"overdisperser","non-significant"
"R273","Pinus virginiana",0.238445568949446,1,0.000166097547034607,0.001,0.00265751653709023,0.001,20425.6552427784,0.001,2.8575981769536,-18.1069124638207,-16.154468656459,998,1,1,0.998,0.001,0.001,"overdisperser","non-significant"
"R274","Planera aquatica",0.257235748095744,1,0.00105715095852423,0.001,0.0779195358889601,0.001,5675.2076575136,0.001,10.0485888361275,43.6258551606747,7.02852640706184,1000,1000,1000,1,1,1,"overdisper.shifter","significant"
"R275","Platanus occidentalis",0.214617765042509,1,0.000416683504920033,0.001,0.0717729129630567,0.001,23330688.359459,0.001,-6.26128855580908,-0.746152145040675,5.13517926894784,1,218,1000,0.001,0.218,1,"generalists","non-significant"
"R276","Populus deltoides",0.24065921472822,1,0.000300142012610242,0.001,0.0418618185248112,0.001,3738307.55385883,0.001,3.70475913236257,-8.82022354256209,-4.07834915718153,1000,1,1,1,0.001,0.001,"overdisperser","non-significant"
"R277","Populus heterophylla",0.218114367229379,1,0.000916125093830435,0.001,0.122166972637669,0.001,7878.90267661825,0.001,-4.92314092726011,33.8554903072015,20.6580850682896,1,1000,1000,0.001,1,1,"shifting","significant"
"R278","Prunus americana",0.238303169435114,1,0.000258513378532362,0.001,0.0364743350897371,0.001,165219.718529285,0.001,2.80310196542419,-11.704282748125,-5.73785820245697,998,1,1,0.998,0.001,0.001,"overdisperser","non-significant"
"R279","Prunus serotina",0.212246552712562,1,0.000375173960455037,0.001,0.0544090452310435,0.001,19235827.066656,0.001,-7.16875013894819,-3.62196074373331,-0.21342103943453,1,1,397,0.001,0.001,0.397,"specialists","non-significant"
"R280","Quercus alba",0.211192288568123,1,0.000459134493190048,0.001,0.0590934123981471,0.001,17314670.5941427,0.001,-7.57221641545021,2.19488030095152,1.22950677257327,1,992,892,0.001,0.992,0.892,"shifting","non-significant"
"R281","Quercus bicolor",0.0851528661496459,1,0.00203093439472908,0.001,0.433980070324629,0.001,29140136.8249453,0.001,-55.8074302599924,111.09021342324,116.706019559943,1,1000,1000,0.001,1,1,"shifting","significant"
"R282","Quercus coccinea",0.150104681450574,1,0.00149613661654068,0.001,0.248938554270779,0.001,1652240.37950465,0.001,-30.9504082226382,74.0390708752204,59.7075947214226,1,1000,1000,0.001,1,1,"shifting","significant"
"R283","Quercus ellipsoidalis",0.234277558356738,1,0.00160439014955767,0.001,0.0532894265334899,0.001,58157.8893560081,0.001,1.26250294097199,81.5389469904989,-0.558297711120139,904,1000,285,0.904,1,0.285,"generalists","non-significant"
"R284","Quercus falcata",0.243967446005023,1,0.000140795811221154,0.001,0.00547829890395568,0.001,62077.0870268845,0.001,4.97081732290218,-19.8598333968735,-15.28558174312,1000,1,1,1,0.001,0.001,"overdisperser","non-significant"
"R285","Quercus ilicifolia",0.177788577031501,1,0.00200608092963883,0.001,0.135800351976065,0.001,664195.674965244,0.001,-20.3557974431443,109.368348981337,24.8575812899292,1,1000,1000,0.001,1,1,"shifting","significant"
"R286","Quercus imbricaria",0.227545625265357,1,0.00057934405121959,0.001,0.0382608760523102,0.001,68779.57089578,0.001,-1.3138039479297,10.5230777090902,-5.1875491531811,100,1000,1,0.1,1,0.001,"generalists","non-significant"
"R287","Quercus incana",0.144189029278647,1,0.000975994502848483,0.001,0.0861323362620622,0.001,28049.2776121307,0.001,-33.2143248771864,38.00328242277,9.55831915175489,1,1000,1000,0.001,1,1,"shifting","significant"
"R288","Quercus laevis",0.0466378697523508,1,0.00171236060847283,0.001,0.138063589945843,0.001,463815.601234751,0.001,-70.5470970388283,89.0192115454339,25.5547275415549,1,1000,1000,0.001,1,1,"shifting","significant"
"R289","Quercus laurifolia",0.106811221275139,1,0.0020240489337884,0.001,0.287134940551075,0.001,207276.959157782,0.001,-47.5187903173989,110.613184151192,71.4732454733704,1,1000,1000,0.001,1,1,"shifting","significant"
"R290","Quercus lyrata",0.259086373733929,1,0.000377995930921178,0.001,0.0212700928002166,0.001,9247.13313653504,0.001,10.7568221943197,-3.42645276993156,-10.4212280745115,1000,1,1,1,0.001,0.001,"overdisperser","non-significant"
"R291","Quercus macrocarpa",0.238867347973999,1,0.000440658132777596,0.001,0.0567865560578888,0.001,3493969.97744939,0.001,3.01901276497756,0.914825874156242,0.518924733863575,1000,833,691,1,0.833,0.691,"generalists","non-significant"
"R292","Quercus margaretta",0.206203513012747,1,0.00149921352356241,0.001,0.133125086542134,0.001,628.557789316435,0.001,-9.4814179265221,74.2522410216172,24.0335180255824,1,1000,1000,0.001,1,1,"shifting","significant"
"R293","Quercus marilandica",0.233362257281422,1,0.000291316374920401,0.001,0.0325627017161215,0.001,673375.455438172,0.001,0.912217750411363,-9.43166953852559,-6.94276046221252,818,1,1,0.818,0.001,0.001,"generalists","non-significant"
"R294","Quercus michauxii",0.244060751793229,1,0.000330612272562208,0.001,0.0228694703007588,0.001,59797.3845260589,0.001,5.00652539392228,-6.70922385071636,-9.92857107408705,1000,1,1,1,0.001,0.001,"overdisperser","non-significant"
"R295","Quercus minima",0.0318828632286473,1,0.00243876504560904,0.001,0.140852469294124,0.001,40684.126795282,0.001,-76.1938294761242,139.344989709692,26.4137873531403,1,1000,1000,0.001,1,1,"shifting","significant"
"R296","Quercus muehlenbergii",0.227673002324632,1,0.000390313753409644,0.001,0.0483619558477312,0.001,615455.939879119,0.001,-1.26505682123612,-2.5730659094862,-2.07610881381612,113,6,19,0.113,0.006,0.019,"generalists","non-significant"
"R297","Quercus nigra",0.239460029469527,1,0.000338609827736891,0.001,0.0229400975155066,0.001,946771.300971549,0.001,3.24583162950375,-6.15514795717657,-9.90681574005603,1000,1,1,1,0.001,0.001,"overdisperser","non-significant"
"R298","Quercus pagoda",0.221697880895671,1,0.000473717966707041,0.001,0.0403245909707832,0.001,12897.0565345074,0.001,-3.55173232595336,3.20523295790108,-4.55186208047853,2,1000,1,0.002,1,0.001,"shifting","non-significant"
"R299","Quercus palustris",0.0321012550291058,1,0.00250895819788022,0.001,0.375797586511287,0.001,609556438.62192,0.001,-76.110251060777,144.208017562022,98.7840418261024,1,1000,1000,0.001,1,1,"shifting","significant"
"R2100","Quercus phellos",0.153118140619051,1,0.000929068848822292,0.001,0.228351438202243,0.001,17008471.5639826,0.001,-29.7971591469587,34.7522421840221,53.3661357186069,1,1000,1000,0.001,1,1,"shifting","significant"
"R2101","Quercus rubra",0.112855070080423,1,0.00125383686310828,0.001,0.27407596586277,0.001,199721329.273386,0.001,-45.2058128856314,57.252384262227,67.4506833850719,1,1000,1000,0.001,1,1,"shifting","significant"
"R2102","Quercus shumardii",0.24385264473526,1,0.000562831821225237,0.001,0.0605402540194614,0.001,127020.957341789,0.001,4.92688294355969,9.37909953218213,1.6751780746919,1000,1000,953,1,1,0.953,"overdisper.shifter","significant"
"R2103","Quercus sinuata",0.245533320783553,1,0.00144610591853106,0.001,0.218803361343434,0.001,10322.3422630419,0.001,5.57007669228738,70.5729111428246,50.4250371327584,1000,1000,1000,1,1,1,"overdisper.shifter","significant"
"R2104","Quercus stellata",0.243134181091897,1,0.00024448304403827,0.001,0.0265475666906975,0.001,997859.108236134,0.001,4.6519273240228,-12.6763135690045,-8.79560532077067,1000,1,1,1,0.001,0.001,"overdisperser","non-significant"
"R2105","Quercus texana",0.252539150315176,1,0.00111515156363247,0.001,0.0612817412532676,0.001,1298.98835576662,0.001,8.25120358998334,47.6441753096783,1.9035787345337,1000,1000,967,1,1,0.967,"overdisper.shifter","significant"
"R2106","Quercus velutina",0.201898732355233,1,0.000644110245263241,0.001,0.10252034864889,0.001,3044946.12321625,0.001,-11.1288549869652,15.0101223186111,14.606326281201,1,1000,1000,0.001,1,1,"shifting","significant"
"R2107","Quercus virginiana",0.141776307255653,1,0.00155379475462847,0.001,0.263722182618653,0.001,4299108.40829487,0.001,-34.137672195775,78.0336646833336,64.2614026840729,1,1000,1000,0.001,1,1,"shifting","significant"
"R2108","Robinia pseudoacacia",0.220651084909723,1,0.000302796833672277,0.001,0.0140064157996315,0.001,82131.2303787173,0.001,-3.95234054253313,-8.63629578964182,-12.6586619023269,1,1,1,0.001,0.001,0.001,"specialists","non-significant"
"R2109","Salix caroliniana",0.133266312052472,1,0.00174026719681256,0.001,0.404041730141546,0.001,859683.3785462,0.001,-37.3944424234152,90.9525983783163,107.484098614273,1,1000,1000,0.001,1,1,"shifting","significant"
"R2110","Salix nigra",0.228264865336948,1,0.000390992676077893,0.001,0.0782940344922534,0.001,2274215.97862498,0.001,-1.03855118976036,-2.52602969956478,7.14388338719884,162,8,1000,0.162,0.008,1,"generalists","non-significant"
"R2111","Sassafras albidum",0.220882638392057,1,0.00033480792441718,0.001,0.0276407774421554,0.001,18611727.2175775,0.001,-3.86372515916724,-6.41854632492891,-8.45886310108684,1,1,1,0.001,0.001,0.001,"specialists","non-significant"
"R2112","Taxodium distichum",0.221020121806565,1,0.000887154511035928,0.001,0.144695909316353,0.001,8586949.42687668,0.001,-3.81111033618865,31.8483892372335,27.5976839829357,1,1000,1000,0.001,1,1,"shifting","significant"
"R2113","Tilia americana",0.0989883711486386,1,0.00135026776013928,0.001,0.295634439516256,0.001,145129547.497368,0.001,-50.5125905228038,63.9331803643198,74.0913501196324,1,1000,1000,0.001,1,1,"shifting","significant"
"R2115","Tsuga canadensis",0.192764489740792,1,0.000574590103195732,0.001,0.0623809227245902,0.001,30895628.9706284,0.001,-14.6245243367709,10.1937210567599,2.24216011785334,1,1000,994,0.001,1,0.994,"shifting","significant"
"R2116","Tsuga caroliniana",0.174499151833714,1,0.00192285180511531,0.001,0.0198535761892236,0.001,2328.55760743089,0.001,-21.6146585581538,103.602180379602,-10.8575583495007,1,1000,1,0.001,1,0.001,"shifting","non-significant"
"R2117","Ulmus alata",0.246493203830167,1,0.000283474698207383,0.001,0.0150920713867416,0.001,142092.784563211,0.001,5.9374233774019,-9.97494606950467,-12.3242469034549,1000,1,1,1,0.001,0.001,"overdisperser","non-significant"
"R2118","Ulmus americana",0.0987600429753133,1,0.00102425431366688,0.001,0.41168548472346,0.001,171514499.521213,0.001,-50.5999715822831,41.3467539233995,109.838607917442,1,1000,1000,0.001,1,1,"shifting","significant"
"R2119","Ulmus crassifolia",0.228607308020097,1,0.000523858174253614,0.001,0.00620199918740127,0.001,267880.616571707,0.001,-0.907498573568998,6.67897958319259,-15.0626600059268,191,1000,1,0.191,1,0.001,"generalists","non-significant"
"R2120","Ulmus rubra",0.220581856168187,1,0.000466238436713989,0.001,0.0698104399263266,0.001,295141.018908068,0.001,-3.97883434175961,2.68704619036531,4.53067778048657,1,998,1000,0.001,0.998,1,"shifting","significant"
"R2121","Ulmus thomasii",0.264077727427004,1,0.00019345313463137,0.001,0.00511990199013757,0.001,170.603343271792,0.001,12.6670103571935,-16.2116993255652,-15.3959789123081,1000,1,1,1,0.001,0.001,"overdisperser","non-significant"
