"species","decimalLongitude","decimalLatitude","elevation"
"Abies fraseri",-81.323082,36.396362,887.422119140625
"Abies fraseri",-81.49582,36.65109,1339.99621582031
"Abies fraseri",-81.500722,36.643164,1490.33459472656
"Abies fraseri",-81.501383,36.625193,1517.40625
"Abies fraseri",-81.506057,36.640645,1485.44934082031
"Abies fraseri",-81.506369,36.644158,1428.48181152344
"Abies fraseri",-81.5077,36.639562,1480.01416015625
"Abies fraseri",-81.50774,36.639564,1480.01416015625
"Abies fraseri",-81.510848,36.640868,1470.70788574219
"Abies fraseri",-81.513127,36.638293,1507.51501464844
"Abies fraseri",-81.513903,36.638653,1517.19250488281
"Abies fraseri",-81.514958,36.639317,1522.99792480469
"Abies fraseri",-81.515011,36.639719,1519.62670898438
"Abies fraseri",-81.515033,36.643325,1525.46374511719
"Abies fraseri",-81.515065,36.645728,1566.35424804688
"Abies fraseri",-81.515067,36.64333,1525.46374511719
"Abies fraseri",-81.515428,36.640175,1520.51977539062
"Abies fraseri",-81.515503,36.640172,1521.92126464844
"Abies fraseri",-81.516075,36.64317,1531.28454589844
"Abies fraseri",-81.516242,36.648045,1623.44470214844
"Abies fraseri",-81.516525,36.643622,1541.45373535156
"Abies fraseri",-81.516525,36.650033,1622.033203125
"Abies fraseri",-81.516913,36.652837,1652.66772460938
"Abies fraseri",-81.521508,36.656247,1670.9716796875
"Abies fraseri",-81.521701,36.656103,1666.56323242188
"Abies fraseri",-81.521961,36.656767,1662.61669921875
"Abies fraseri",-81.526917,36.654562,1663.37353515625
"Abies fraseri",-81.530414,36.651542,1606.70874023438
"Abies fraseri",-81.534676,36.655991,1648.30249023438
"Abies fraseri",-81.537475,36.657592,1648.29809570312
"Abies fraseri",-81.54,36.656242,1615.12292480469
"Abies fraseri",-81.541194,36.659514,1699.80517578125
"Abies fraseri",-81.542086,36.660332,1716.41369628906
"Abies fraseri",-81.542294,36.660339,1718.85302734375
"Abies fraseri",-81.543956,36.649113,1526.076171875
"Abies fraseri",-81.544138,36.659973,1740.11291503906
"Abies fraseri",-81.544615,36.659844,1744.36401367188
"Abies fraseri",-81.544905,36.660097,1746.08740234375
"Abies fraseri",-81.55417,36.656095,1541.71313476562
"Abies fraseri",-81.594124,36.656495,1162.52819824219
"Abies fraseri",-81.65248,36.238517,1047.48193359375
"Abies fraseri",-81.67,36.2,953.955017089844
"Abies fraseri",-81.674049,36.591194,1394.15063476562
"Abies fraseri",-81.691413,36.150822,1214.94030761719
"Abies fraseri",-81.760381,36.194549,859.6298828125
"Abies fraseri",-81.760382,36.194412,858.207885742188
"Abies fraseri",-81.760537,36.194588,860.064697265625
"Abies fraseri",-81.790375,36.116608,1374.09606933594
"Abies fraseri",-81.791931,36.144579,971.685546875
"Abies fraseri",-81.793462,36.112266,1494.10302734375
"Abies fraseri",-81.794472,36.111739,1510.83471679688
"Abies fraseri",-81.795053,36.111111,1522.88623046875
"Abies fraseri",-81.799222,36.110251,1619.59155273438
"Abies fraseri",-81.801259,36.120266,1597.63073730469
"Abies fraseri",-81.801628,36.1095,1665.28247070312
"Abies fraseri",-81.804405,36.110731,1693.71899414062
"Abies fraseri",-81.806183,36.120758,1452.86669921875
"Abies fraseri",-81.807922,36.110695,1742.18994140625
"Abies fraseri",-81.809532,36.095154,1280.83605957031
"Abies fraseri",-81.810242,36.111553,1809.68408203125
"Abies fraseri",-81.810261,36.1115,1809.68408203125
"Abies fraseri",-81.810353,36.111435,1797.1328125
"Abies fraseri",-81.810366,36.111521,1805.66857910156
"Abies fraseri",-81.810478,36.111703,1801.75158691406
"Abies fraseri",-81.810949,36.111729,1804.95349121094
"Abies fraseri",-81.810967,36.111636,1809.14660644531
"Abies fraseri",-81.811769,36.111897,1803.45190429688
"Abies fraseri",-81.811805,36.11195,1796.29516601562
"Abies fraseri",-81.811806,36.111897,1803.45190429688
"Abies fraseri",-81.811913,36.11195,1796.78662109375
"Abies fraseri",-81.812172,36.095067,1342.81140136719
"Abies fraseri",-81.812937,36.109872,1752.66101074219
"Abies fraseri",-81.814239,36.110414,1717.65234375
"Abies fraseri",-81.816111,36.115694,1489.8203125
"Abies fraseri",-81.816667,36.116667,1434.75524902344
"Abies fraseri",-81.819283,36.103578,1762.10534667969
"Abies fraseri",-81.820315,36.10279,1780.82421875
"Abies fraseri",-81.820572,36.103161,1785.35205078125
"Abies fraseri",-81.821944,36.101944,1749.10095214844
"Abies fraseri",-81.8225,36.101667,1773.99340820312
"Abies fraseri",-81.82373,36.092805,1436.91906738281
"Abies fraseri",-81.823894,36.101152,1754.00952148438
"Abies fraseri",-81.823928,36.101131,1754.00952148438
"Abies fraseri",-81.826006,36.095156,1509.72863769531
"Abies fraseri",-81.826934,36.098699,1612.3330078125
"Abies fraseri",-81.827223,36.099239,1611.91125488281
"Abies fraseri",-81.827317,36.098658,1625.97717285156
"Abies fraseri",-81.827333,36.098484,1625.10070800781
"Abies fraseri",-81.828636,36.095306,1526.56103515625
"Abies fraseri",-81.828637,36.095517,1530.80322265625
"Abies fraseri",-81.828803,36.09557,1534.09118652344
"Abies fraseri",-81.828831,36.097706,1642.73071289062
"Abies fraseri",-81.828835,36.095178,1524.36645507812
"Abies fraseri",-81.828889,36.097778,1639.04846191406
"Abies fraseri",-81.828979,36.095184,1525.20239257812
"Abies fraseri",-81.829195,36.095345,1530.68835449219
"Abies fraseri",-81.829213,36.095347,1530.68835449219
"Abies fraseri",-81.829362,36.098106,1625.9169921875
"Abies fraseri",-81.829444,36.095278,1533.69189453125
"Abies fraseri",-81.829636,36.097474,1637.30883789062
"Abies fraseri",-81.829808,36.09741,1638.31103515625
"Abies fraseri",-81.829868,36.097443,1638.80139160156
"Abies fraseri",-81.82988,36.097461,1638.80139160156
"Abies fraseri",-81.830287,36.097278,1637.73181152344
"Abies fraseri",-81.830299,36.097242,1637.73181152344
"Abies fraseri",-81.830409,36.094532,1534.87536621094
"Abies fraseri",-81.830479,36.094637,1540.94873046875
"Abies fraseri",-81.830598,36.091326,1415.64672851562
"Abies fraseri",-81.8311,36.096725,1622.02160644531
"Abies fraseri",-81.831133,36.096691,1622.97326660156
"Abies fraseri",-81.831195,36.094623,1552.763671875
"Abies fraseri",-81.831291,36.094588,1554.794921875
"Abies fraseri",-81.831688,36.096053,1600.39196777344
"Abies fraseri",-81.831695,36.094358,1565.63073730469
"Abies fraseri",-81.831742,36.096544,1619.67517089844
"Abies fraseri",-81.831743,36.094219,1561.76843261719
"Abies fraseri",-81.831841,36.095427,1611.05786132812
"Abies fraseri",-81.831876,36.095332,1610.89978027344
"Abies fraseri",-81.831878,36.095528,1610.45532226562
"Abies fraseri",-81.832002,36.096708,1619.45324707031
"Abies fraseri",-81.832009,36.095338,1610.72729492188
"Abies fraseri",-81.832044,36.095427,1607.70654296875
"Abies fraseri",-81.83206,36.095275,1608.78063964844
"Abies fraseri",-81.832153,36.095158,1601.12622070312
"Abies fraseri",-81.832186,36.095236,1603.06030273438
"Abies fraseri",-81.832186,36.095706,1598.89123535156
"Abies fraseri",-81.832202,36.095788,1598.8115234375
"Abies fraseri",-81.832222,36.096389,1617.63256835938
"Abies fraseri",-81.832478,36.097548,1511.96997070312
"Abies fraseri",-81.832485,36.094864,1595.61791992188
"Abies fraseri",-81.83258,36.094681,1607.84533691406
"Abies fraseri",-81.832588,36.0947,1607.84533691406
"Abies fraseri",-81.832924,36.095791,1584.34753417969
"Abies fraseri",-81.835355,36.091239,1456.79260253906
"Abies fraseri",-81.835553,36.090053,1433.0419921875
"Abies fraseri",-81.835912,36.092811,1489.22473144531
"Abies fraseri",-81.84343,36.086394,1339.35778808594
"Abies fraseri",-81.861288,36.164439,1153.03833007812
"Abies fraseri",-81.868575,36.153345,1111.51330566406
"Abies fraseri",-81.870071,36.121785,1528.26635742188
"Abies fraseri",-81.8713,36.133186,1368.67272949219
"Abies fraseri",-81.890384,35.796516,369.175048828125
"Abies fraseri",-82.022911,36.219844,1071.82702636719
"Abies fraseri",-82.075017,36.175654,873.625366210938
"Abies fraseri",-82.078561,36.098014,1860.49975585938
"Abies fraseri",-82.079046,36.176231,817.121215820312
"Abies fraseri",-82.079689,36.100208,1870.84851074219
"Abies fraseri",-82.079931,36.098545,1876.49206542969
"Abies fraseri",-82.080719,36.100442,1882.1552734375
"Abies fraseri",-82.080758,36.101395,1873.697265625
"Abies fraseri",-82.080833,36.103133,1862.27429199219
"Abies fraseri",-82.080919,36.100632,1880.52648925781
"Abies fraseri",-82.080925,36.100175,1885.001953125
"Abies fraseri",-82.080986,36.102833,1865.45544433594
"Abies fraseri",-82.081545,36.09971,1881.59655761719
"Abies fraseri",-82.083161,36.104144,1825.21960449219
"Abies fraseri",-82.085914,36.105703,1795.2412109375
"Abies fraseri",-82.085983,36.105706,1795.61938476562
"Abies fraseri",-82.089577,36.106029,1746.94787597656
"Abies fraseri",-82.091741,36.105893,1754.21716308594
"Abies fraseri",-82.098212,36.167688,878.59423828125
"Abies fraseri",-82.099457,36.105359,1721.123046875
"Abies fraseri",-82.09973,36.105086,1723.39001464844
"Abies fraseri",-82.0999,36.105002,1724.97497558594
"Abies fraseri",-82.103544,36.107176,1771.31896972656
"Abies fraseri",-82.104726,36.111059,1613.12280273438
"Abies fraseri",-82.104759,36.107368,1772.49084472656
"Abies fraseri",-82.104815,36.107293,1771.70422363281
"Abies fraseri",-82.106333,36.107745,1752.63330078125
"Abies fraseri",-82.106392,36.107375,1750.56896972656
"Abies fraseri",-82.10642,36.107492,1751.1416015625
"Abies fraseri",-82.10643,36.107425,1751.1416015625
"Abies fraseri",-82.106475,36.107406,1750.56896972656
"Abies fraseri",-82.10653,36.107375,1749.04626464844
"Abies fraseri",-82.106533,36.107388,1749.04626464844
"Abies fraseri",-82.106555,36.107394,1749.04626464844
"Abies fraseri",-82.106644,36.107323,1747.88073730469
"Abies fraseri",-82.107254,36.107588,1739.30786132812
"Abies fraseri",-82.107322,36.107667,1738.0537109375
"Abies fraseri",-82.107322,36.108394,1727.107421875
"Abies fraseri",-82.107325,36.107585,1737.54284667969
"Abies fraseri",-82.10734,36.10767,1738.0537109375
"Abies fraseri",-82.107444,36.108433,1723.21435546875
"Abies fraseri",-82.107567,36.107895,1734.90539550781
"Abies fraseri",-82.10804,36.106913,1717.92358398438
"Abies fraseri",-82.108601,36.107897,1713.47680664062
"Abies fraseri",-82.108609,36.107204,1712.62548828125
"Abies fraseri",-82.108803,36.106614,1697.57751464844
"Abies fraseri",-82.108833,36.107914,1708.8720703125
"Abies fraseri",-82.110144,36.106606,1683.76635742188
"Abies fraseri",-82.110401,36.106508,1679.81323242188
"Abies fraseri",-82.110413,36.106503,1679.81323242188
"Abies fraseri",-82.110413,36.106604,1679.91674804688
"Abies fraseri",-82.110672,36.106481,1678.65844726562
"Abies fraseri",-82.110978,36.106369,1679.65124511719
"Abies fraseri",-82.111116,36.106222,1681.10131835938
"Abies fraseri",-82.111472,36.106636,1678.44641113281
"Abies fraseri",-82.111558,36.105095,1691.013671875
"Abies fraseri",-82.11175,36.103666,1701.44458007812
"Abies fraseri",-82.111811,36.103577,1703.80224609375
"Abies fraseri",-82.112892,36.105331,1720.75012207031
"Abies fraseri",-82.114234,36.104785,1762.58825683594
"Abies fraseri",-82.115155,36.106264,1749.14953613281
"Abies fraseri",-82.120029,36.103726,1862.55529785156
"Abies fraseri",-82.121274,36.108796,1809.44287109375
"Abies fraseri",-82.12159,36.105568,1896.4091796875
"Abies fraseri",-82.122306,36.105056,1908.72045898438
"Abies fraseri",-82.122371,36.104625,1913.45983886719
"Abies fraseri",-82.124344,36.262883,782.75732421875
"Abies fraseri",-82.124672,36.104233,1878.71008300781
"Abies fraseri",-82.128447,36.10392,1850.90234375
"Abies fraseri",-82.128825,36.104508,1852.38537597656
"Abies fraseri",-82.1303,36.1053,1879.38793945312
"Abies fraseri",-82.130767,36.10482,1883.07495117188
"Abies fraseri",-82.130867,36.104136,1874.4453125
"Abies fraseri",-82.132516,36.104693,1871.24182128906
"Abies fraseri",-82.13283,36.099205,1852.38293457031
"Abies fraseri",-82.132842,36.099197,1852.38293457031
"Abies fraseri",-82.1333,36.0167,806.156066894531
"Abies fraseri",-82.13354,36.099766,1863.17211914062
"Abies fraseri",-82.133694,36.100666,1872.26403808594
"Abies fraseri",-82.134186,36.100387,1876.7548828125
"Abies fraseri",-82.134205,36.100393,1876.7548828125
"Abies fraseri",-82.134589,36.101714,1884.20458984375
"Abies fraseri",-82.134614,36.101362,1882.90454101562
"Abies fraseri",-82.134809,36.100123,1875.52526855469
"Abies fraseri",-82.13481,36.098128,1827.86096191406
"Abies fraseri",-82.134925,36.102142,1886.76977539062
"Abies fraseri",-82.135481,36.115658,1628.96044921875
"Abies fraseri",-82.135572,36.115561,1628.16369628906
"Abies fraseri",-82.135677,36.099835,1872.38146972656
"Abies fraseri",-82.137017,36.100547,1865.6640625
"Abies fraseri",-82.138336,36.098892,1862.34997558594
"Abies fraseri",-82.13964,36.096465,1863.72058105469
"Abies fraseri",-82.140214,36.095875,1860.85083007812
"Abies fraseri",-82.140289,36.09572,1860.92016601562
"Abies fraseri",-82.140617,36.093658,1859.544921875
"Abies fraseri",-82.140939,36.095478,1861.88708496094
"Abies fraseri",-82.141376,36.102226,1740.74548339844
"Abies fraseri",-82.141389,36.095148,1865.74731445312
"Abies fraseri",-82.141433,36.09482,1868.63269042969
"Abies fraseri",-82.142617,36.094075,1885.93078613281
"Abies fraseri",-82.145901,36.093112,1897.95056152344
"Abies fraseri",-82.145942,36.093197,1879.70141601562
"Abies fraseri",-82.168487,35.7858,1186.28637695312
"Abies fraseri",-82.181288,36.140203,1262.625
"Abies fraseri",-82.182896,35.769841,893.081237792969
"Abies fraseri",-82.22003,35.769225,1077.22192382812
"Abies fraseri",-82.23,35.73,1195.71850585938
"Abies fraseri",-82.250763,35.75578,1636.06652832031
"Abies fraseri",-82.259644,35.781546,1942.82592773438
"Abies fraseri",-82.259656,35.779612,1997.75598144531
"Abies fraseri",-82.259833,35.758858,1919.56359863281
"Abies fraseri",-82.26,35.76,1952.88696289062
"Abies fraseri",-82.261038,35.778492,1998.17138671875
"Abies fraseri",-82.261392,35.763131,1997.05590820312
"Abies fraseri",-82.261932,35.763092,2006.83056640625
"Abies fraseri",-82.261933,35.763042,2008.6337890625
"Abies fraseri",-82.261944,35.774722,1967.24914550781
"Abies fraseri",-82.262108,35.777463,2024.1923828125
"Abies fraseri",-82.262209,35.774552,1966.81530761719
"Abies fraseri",-82.262322,35.764205,1985.80285644531
"Abies fraseri",-82.262352,35.777182,2014.67175292969
"Abies fraseri",-82.262415,35.763568,2009.65026855469
"Abies fraseri",-82.262482,35.773745,1943.62414550781
"Abies fraseri",-82.2631,35.764463,1993.91821289062
"Abies fraseri",-82.263177,35.763847,2017.9697265625
"Abies fraseri",-82.263368,35.772835,1919.6943359375
"Abies fraseri",-82.263368,35.772838,1919.6943359375
"Abies fraseri",-82.263728,35.764127,2017.6943359375
"Abies fraseri",-82.263813,35.765658,1988.208984375
"Abies fraseri",-82.263863,35.765075,2001.61938476562
"Abies fraseri",-82.264042,35.767721,1982.38659667969
"Abies fraseri",-82.264179,35.764238,2027.03295898438
"Abies fraseri",-82.264194,35.765768,1999.72668457031
"Abies fraseri",-82.264309,35.766916,1997.78344726562
"Abies fraseri",-82.264326,35.766557,1992.19787597656
"Abies fraseri",-82.264353,35.766061,2000.64733886719
"Abies fraseri",-82.264362,35.764675,2021.03662109375
"Abies fraseri",-82.264397,35.767658,1990.67370605469
"Abies fraseri",-82.26444,35.764758,2019.1689453125
"Abies fraseri",-82.264495,35.764846,2019.38146972656
"Abies fraseri",-82.264512,35.766308,1999.08166503906
"Abies fraseri",-82.264525,35.76638,1999.08166503906
"Abies fraseri",-82.264596,35.764911,2020.02624511719
"Abies fraseri",-82.264637,35.764759,2025.75012207031
"Abies fraseri",-82.264642,35.766975,2002.47973632812
"Abies fraseri",-82.264682,35.766723,2001.55834960938
"Abies fraseri",-82.264722,35.766111,2003.50915527344
"Abies fraseri",-82.264728,35.764759,2028.23950195312
"Abies fraseri",-82.264746,35.764774,2028.23950195312
"Abies fraseri",-82.264763,35.76743,1992.55078125
"Abies fraseri",-82.264818,35.764841,2028.5078125
"Abies fraseri",-82.264854,35.76679,2004.06286621094
"Abies fraseri",-82.264869,35.764694,2032.505859375
"Abies fraseri",-82.26487,35.764603,2033.244140625
"Abies fraseri",-82.26487,35.764663,2032.505859375
"Abies fraseri",-82.264875,35.764758,2030.31481933594
"Abies fraseri",-82.264878,35.764667,2032.505859375
"Abies fraseri",-82.264917,35.764695,2035.0986328125
"Abies fraseri",-82.264917,35.764812,2034.16027832031
"Abies fraseri",-82.264977,35.767067,2002.43249511719
"Abies fraseri",-82.264997,35.765107,2025.94873046875
"Abies fraseri",-82.265,35.765,2032.26721191406
"Abies fraseri",-82.265013,35.764962,2035.10778808594
"Abies fraseri",-82.265029,35.764831,2036.19653320312
"Abies fraseri",-82.265038,35.765022,2032.26721191406
"Abies fraseri",-82.26504,35.765396,2019.7099609375
"Abies fraseri",-82.265072,35.764946,2035.10778808594
"Abies fraseri",-82.265097,35.764966,2036.58984375
"Abies fraseri",-82.265097,35.766728,2004.58654785156
"Abies fraseri",-82.265107,35.76544,2018.88232421875
"Abies fraseri",-82.26512,35.767004,2001.46801757812
"Abies fraseri",-82.265125,35.764731,2036.87036132812
"Abies fraseri",-82.265128,35.764708,2034.53564453125
"Abies fraseri",-82.265157,35.765013,2034.31396484375
"Abies fraseri",-82.265171,35.765044,2034.31396484375
"Abies fraseri",-82.265171,35.766172,2004.28283691406
"Abies fraseri",-82.265189,35.764814,2035.69470214844
"Abies fraseri",-82.2652,35.763476,1972.21313476562
"Abies fraseri",-82.26522,35.764775,2035.69470214844
"Abies fraseri",-82.265239,35.764822,2036.72985839844
"Abies fraseri",-82.265251,35.764728,2035.69470214844
"Abies fraseri",-82.265252,35.765027,2034.2763671875
"Abies fraseri",-82.265278,35.767222,1987.93627929688
"Abies fraseri",-82.26528,35.764795,2033.11547851562
"Abies fraseri",-82.265284,35.764799,2033.11547851562
"Abies fraseri",-82.265297,35.765083,2032.82873535156
"Abies fraseri",-82.265305,35.7663,2004.9814453125
"Abies fraseri",-82.265312,35.766411,2005.07824707031
"Abies fraseri",-82.265337,35.766403,2005.07824707031
"Abies fraseri",-82.265378,35.767131,1988.3095703125
"Abies fraseri",-82.265383,35.766312,2005.26306152344
"Abies fraseri",-82.265397,35.765678,2012.04382324219
"Abies fraseri",-82.26542,35.76637,2005.26306152344
"Abies fraseri",-82.265485,35.766547,2002.07385253906
"Abies fraseri",-82.265494,35.765764,2009.85498046875
"Abies fraseri",-82.2655,35.7659,2008.8310546875
"Abies fraseri",-82.265518,35.76659,2000.42309570312
"Abies fraseri",-82.26553,35.76594,2008.21691894531
"Abies fraseri",-82.265531,35.766356,2005.19470214844
"Abies fraseri",-82.265556,35.766667,1996.84155273438
"Abies fraseri",-82.265616,35.766434,2002.90161132812
"Abies fraseri",-82.26564,35.765989,2007.23254394531
"Abies fraseri",-82.265685,35.772314,1808.41589355469
"Abies fraseri",-82.265744,35.766717,1991.97778320312
"Abies fraseri",-82.265749,35.768992,1924.12805175781
"Abies fraseri",-82.265823,35.769576,1906.57580566406
"Abies fraseri",-82.268028,35.76214,1893.30419921875
"Abies fraseri",-82.2689,35.7564,1761.78369140625
"Abies fraseri",-82.27,35.77,1765.04528808594
"Abies fraseri",-82.270706,35.760362,1918.04479980469
"Abies fraseri",-82.270783,35.760658,1922.86962890625
"Abies fraseri",-82.270849,35.759839,1909.2392578125
"Abies fraseri",-82.271256,35.759779,1903.93603515625
"Abies fraseri",-82.27147,35.76231,1946.29638671875
"Abies fraseri",-82.273513,35.753508,1897.94311523438
"Abies fraseri",-82.273558,35.753487,1897.35852050781
"Abies fraseri",-82.273659,35.753242,1893.93200683594
"Abies fraseri",-82.277205,35.745363,1852.94604492188
"Abies fraseri",-82.277778,35.748889,1867.19921875
"Abies fraseri",-82.277908,35.74498,1854.70373535156
"Abies fraseri",-82.28,35.73,1718.87060546875
"Abies fraseri",-82.283333,35.729722,1677.99487304688
"Abies fraseri",-82.285942,35.740137,1948.43127441406
"Abies fraseri",-82.288833,35.762883,1654.76574707031
"Abies fraseri",-82.295794,35.728873,1811.4306640625
"Abies fraseri",-82.30392,35.643819,789.448181152344
"Abies fraseri",-82.303943,35.643749,789.249206542969
"Abies fraseri",-82.318167,35.737875,1928.6162109375
"Abies fraseri",-82.357138,35.460697,1290.27075195312
"Abies fraseri",-82.436568,35.51526,682.680541992188
"Abies fraseri",-82.4688,35.666611,993.825378417969
"Abies fraseri",-82.480068,35.661914,1005.75927734375
"Abies fraseri",-82.487587,35.986324,1575.94616699219
"Abies fraseri",-82.489813,35.98875,1648.09753417969
"Abies fraseri",-82.490075,35.988962,1663.50769042969
"Abies fraseri",-82.7167,35.6,874.292175292969
"Abies fraseri",-82.756416,35.423809,1676.13427734375
"Abies fraseri",-82.756578,35.424013,1688.615234375
"Abies fraseri",-82.775569,35.349665,1007.78503417969
"Abies fraseri",-82.77562,35.349616,1009.13391113281
"Abies fraseri",-82.778488,35.348625,1002.49273681641
"Abies fraseri",-82.84402,35.355108,1396.81701660156
"Abies fraseri",-82.855854,35.316814,1626.18041992188
"Abies fraseri",-82.857277,35.409829,1830.18017578125
"Abies fraseri",-82.864282,35.357584,1766.705078125
"Abies fraseri",-82.869832,35.31786,1663.58435058594
"Abies fraseri",-82.87303,35.339338,1763.66906738281
"Abies fraseri",-82.874434,35.325507,1803.30932617188
"Abies fraseri",-82.874686,35.328986,1880.09497070312
"Abies fraseri",-82.874833,35.329413,1879.67578125
"Abies fraseri",-82.87628,35.322995,1828.51123046875
"Abies fraseri",-82.876337,35.323038,1828.55749511719
"Abies fraseri",-82.876337,35.68282,1439.15576171875
"Abies fraseri",-82.87658,35.327392,1856.17321777344
"Abies fraseri",-82.876822,35.31432,1810.71520996094
"Abies fraseri",-82.87812,35.325037,1851.09301757812
"Abies fraseri",-82.878403,35.325813,1840.85888671875
"Abies fraseri",-82.879412,35.325817,1806.2158203125
"Abies fraseri",-82.879922,35.326575,1766.17138671875
"Abies fraseri",-82.88,35.3,1486.42431640625
"Abies fraseri",-82.880401,35.309437,1670.794921875
"Abies fraseri",-82.882545,35.326108,1767.90808105469
"Abies fraseri",-82.883155,35.326536,1765.0791015625
"Abies fraseri",-82.883449,35.326842,1761.39184570312
"Abies fraseri",-82.883488,35.326849,1761.39184570312
"Abies fraseri",-82.888256,35.327113,1731.021484375
"Abies fraseri",-82.888855,35.319512,1683.03369140625
"Abies fraseri",-82.893098,35.322214,1653.42321777344
"Abies fraseri",-82.8956,35.303108,1746.18786621094
"Abies fraseri",-82.895958,35.3027,1755.59216308594
"Abies fraseri",-82.897256,35.305192,1676.23046875
"Abies fraseri",-82.899087,35.305267,1663.80493164062
"Abies fraseri",-82.899098,35.305386,1668.072265625
"Abies fraseri",-82.899787,35.305498,1662.27319335938
"Abies fraseri",-82.899926,35.305225,1665.26867675781
"Abies fraseri",-82.903245,35.306503,1623.63623046875
"Abies fraseri",-82.904222,35.302683,1657.72509765625
"Abies fraseri",-82.908327,35.308718,1521.90734863281
"Abies fraseri",-82.908428,35.305164,1570.60717773438
"Abies fraseri",-82.908993,35.30427,1566.54858398438
"Abies fraseri",-82.90911,35.304451,1567.01281738281
"Abies fraseri",-82.91063,35.306592,1561.01770019531
"Abies fraseri",-82.911253,35.305374,1578.01586914062
"Abies fraseri",-82.914722,35.2925,1582.29040527344
"Abies fraseri",-82.921554,35.331069,1798.64270019531
"Abies fraseri",-82.925408,35.309262,1765.54870605469
"Abies fraseri",-82.925653,35.311133,1774.0517578125
"Abies fraseri",-82.92633,35.306864,1791.00830078125
"Abies fraseri",-82.927329,35.304234,1860.51037597656
"Abies fraseri",-82.93,35.33,1561.55041503906
"Abies fraseri",-82.931847,35.301061,1678.51086425781
"Abies fraseri",-82.934102,35.301736,1675.65283203125
"Abies fraseri",-82.934372,35.382205,1047.85363769531
"Abies fraseri",-82.93438,35.301946,1684.34448242188
"Abies fraseri",-82.934428,35.301784,1675.3212890625
"Abies fraseri",-82.934584,35.301877,1674.57958984375
"Abies fraseri",-82.93519,35.302181,1671.13159179688
"Abies fraseri",-82.935813,35.301747,1625.4384765625
"Abies fraseri",-82.940381,35.30712,1632.30920410156
"Abies fraseri",-82.941039,35.30652,1648.80859375
"Abies fraseri",-82.947214,35.308925,1606.53649902344
"Abies fraseri",-82.963395,35.325137,1708.09362792969
"Abies fraseri",-82.982178,35.353513,1787.58190917969
"Abies fraseri",-82.987083,35.360163,1838.99548339844
"Abies fraseri",-82.98783,35.355488,1812.73657226562
"Abies fraseri",-82.987976,35.364696,1780.15161132812
"Abies fraseri",-82.99004,35.364476,1914.88830566406
"Abies fraseri",-82.990179,35.36715,1953.13012695312
"Abies fraseri",-82.990625,35.366108,1920.078125
"Abies fraseri",-82.991948,35.36254,1841.26403808594
"Abies fraseri",-82.991958,35.362822,1845.06896972656
"Abies fraseri",-82.992011,35.362697,1844.97326660156
"Abies fraseri",-82.992294,35.362964,1844.82604980469
"Abies fraseri",-82.997553,35.367974,1801.72326660156
"Abies fraseri",-83.015207,35.379467,1680.78698730469
"Abies fraseri",-83.048789,35.527288,918.280944824219
"Abies fraseri",-83.070358,35.581463,1420.37780761719
"Abies fraseri",-83.070428,35.581481,1420.14562988281
"Abies fraseri",-83.07072,35.581109,1418.69848632812
"Abies fraseri",-83.073189,35.465905,1219.97448730469
"Abies fraseri",-83.073483,35.585643,1498.04528808594
"Abies fraseri",-83.12,35.7,1623.36340332031
"Abies fraseri",-83.120698,35.70062,1668.75988769531
"Abies fraseri",-83.122409,35.702221,1777.09814453125
"Abies fraseri",-83.122473,35.702335,1777.25268554688
"Abies fraseri",-83.123542,35.452495,1356.04138183594
"Abies fraseri",-83.129753,35.457756,1702.08642578125
"Abies fraseri",-83.13109,35.458762,1703.60339355469
"Abies fraseri",-83.134681,35.084372,1485.30102539062
"Abies fraseri",-83.134711,35.084278,1486.66235351562
"Abies fraseri",-83.135167,35.084133,1481.81604003906
"Abies fraseri",-83.137437,35.46467,1887.68786621094
"Abies fraseri",-83.137725,35.463978,1915.09057617188
"Abies fraseri",-83.138594,35.464488,1880.64526367188
"Abies fraseri",-83.138622,35.464492,1878.84582519531
"Abies fraseri",-83.139297,35.460326,1724.75805664062
"Abies fraseri",-83.139917,35.4628,1840.65063476562
"Abies fraseri",-83.139953,35.462238,1833.576171875
"Abies fraseri",-83.139953,35.46235,1834.97033691406
"Abies fraseri",-83.139974,35.463227,1843.96350097656
"Abies fraseri",-83.14025,35.462742,1826.59118652344
"Abies fraseri",-83.140433,35.460999,1797.28552246094
"Abies fraseri",-83.141323,35.460431,1772.32312011719
"Abies fraseri",-83.141364,35.459072,1769.5029296875
"Abies fraseri",-83.141367,35.459275,1771.44226074219
"Abies fraseri",-83.141406,35.460248,1772.74255371094
"Abies fraseri",-83.141442,35.459789,1773.52209472656
"Abies fraseri",-83.141461,35.460082,1774.20068359375
"Abies fraseri",-83.142028,35.467614,1652.47155761719
"Abies fraseri",-83.143525,35.455445,1761.09924316406
"Abies fraseri",-83.171289,35.443678,1560.42053222656
"Abies fraseri",-83.174867,35.444822,1755.53637695312
"Abies fraseri",-83.264675,35.047916,1374.86657714844
"Abies fraseri",-83.268229,35.366259,662.326477050781
"Abies fraseri",-83.280433,35.678028,1815.84326171875
"Abies fraseri",-83.29,35.08,1231.38366699219
"Abies fraseri",-83.291192,35.674159,1777.72375488281
"Abies fraseri",-83.343273,35.66427,1705.58520507812
"Abies fraseri",-83.365595,35.632281,1662.33178710938
"Abies fraseri",-83.38678,35.63041,1796.80358886719
"Abies fraseri",-83.389005,35.633592,1867.18518066406
"Abies fraseri",-83.389345,35.633983,1847.60266113281
"Abies fraseri",-83.389533,35.629253,1842.56079101562
"Abies fraseri",-83.39,35.63,1868.77502441406
"Abies fraseri",-83.393042,35.627643,1793.21984863281
"Abies fraseri",-83.395614,35.518239,1063.81921386719
"Abies fraseri",-83.403688,35.621103,1776.88073730469
"Abies fraseri",-83.403922,35.62078,1774.5185546875
"Abies fraseri",-83.406379,35.62003,1792.22131347656
"Abies fraseri",-83.406508,35.620108,1789.19458007812
"Abies fraseri",-83.411597,35.618004,1707.35791015625
"Abies fraseri",-83.415011,35.615602,1655.40979003906
"Abies fraseri",-83.416786,34.90874,1021.57904052734
"Abies fraseri",-83.417824,35.614241,1628.39526367188
"Abies fraseri",-83.419802,35.61537,1529.43725585938
"Abies fraseri",-83.420072,35.613258,1609.99279785156
"Abies fraseri",-83.420247,35.612325,1593.75439453125
"Abies fraseri",-83.424667,35.61113,1536.57434082031
"Abies fraseri",-83.424667,35.611183,1536.57434082031
"Abies fraseri",-83.424688,35.61117,1536.57434082031
"Abies fraseri",-83.424697,35.611208,1534.85168457031
"Abies fraseri",-83.424699,35.611208,1534.85168457031
"Abies fraseri",-83.42471,35.611187,1536.57434082031
"Abies fraseri",-83.43,35.63,1534.89892578125
"Abies fraseri",-83.43,35.65,1721.908203125
"Abies fraseri",-83.431618,35.65329,1988.849609375
"Abies fraseri",-83.431695,35.653297,1990.56591796875
"Abies fraseri",-83.431725,35.653258,1990.56591796875
"Abies fraseri",-83.436507,35.655202,1977.06677246094
"Abies fraseri",-83.436595,35.654296,2009.17041015625
"Abies fraseri",-83.436622,35.649687,1717.16711425781
"Abies fraseri",-83.436622,35.654206,2009.24914550781
"Abies fraseri",-83.436706,35.649722,1723.26416015625
"Abies fraseri",-83.436719,35.65406,2006.67797851562
"Abies fraseri",-83.436813,35.610962,1638.26232910156
"Abies fraseri",-83.436827,35.654261,2008.19055175781
"Abies fraseri",-83.437265,35.648218,1690.93933105469
"Abies fraseri",-83.437355,35.653531,1992.7451171875
"Abies fraseri",-83.437425,35.653345,1990.14904785156
"Abies fraseri",-83.438362,35.609263,1555.68688964844
"Abies fraseri",-83.438999,35.65321,1966.14294433594
"Abies fraseri",-83.439025,35.653283,1964.89245605469
"Abies fraseri",-83.439442,35.653267,1961.87023925781
"Abies fraseri",-83.440804,35.653046,1966.54296875
"Abies fraseri",-83.441086,35.65472,1938.26220703125
"Abies fraseri",-83.441477,35.611843,1682.26513671875
"Abies fraseri",-83.441558,35.654903,1936.96911621094
"Abies fraseri",-83.442405,35.636047,1444.65393066406
"Abies fraseri",-83.442458,35.655378,1931.310546875
"Abies fraseri",-83.442474,35.653099,1981.89184570312
"Abies fraseri",-83.443016,35.655334,1941.42492675781
"Abies fraseri",-83.443931,35.652572,1894.9013671875
"Abies fraseri",-83.444156,35.654217,1995.77966308594
"Abies fraseri",-83.44416,35.652771,1895.08093261719
"Abies fraseri",-83.444178,35.655962,1941.33923339844
"Abies fraseri",-83.444245,35.654137,1997.34130859375
"Abies fraseri",-83.444619,35.453469,549.044982910156
"Abies fraseri",-83.44628,35.656758,1871.75646972656
"Abies fraseri",-83.446634,35.609676,1608.34887695312
"Abies fraseri",-83.446935,35.609874,1607.060546875
"Abies fraseri",-83.44715,35.610038,1603.95837402344
"Abies fraseri",-83.458929,35.595564,1717.83020019531
"Abies fraseri",-83.459245,35.595741,1719.02404785156
"Abies fraseri",-83.459628,35.595519,1717.91223144531
"Abies fraseri",-83.459725,35.59555,1719.09692382812
"Abies fraseri",-83.45985,35.595401,1718.89636230469
"Abies fraseri",-83.460064,35.595471,1720.80151367188
"Abies fraseri",-83.4601,35.595406,1720.46252441406
"Abies fraseri",-83.460216,35.59532,1720.044921875
"Abies fraseri",-83.460554,35.595352,1722.04382324219
"Abies fraseri",-83.4609,35.595567,1725.58923339844
"Abies fraseri",-83.461113,35.595276,1725.56640625
"Abies fraseri",-83.461175,35.595447,1726.51940917969
"Abies fraseri",-83.463621,35.592264,1773.34033203125
"Abies fraseri",-83.467933,35.587663,1768.78039550781
"Abies fraseri",-83.469139,35.436853,552.08740234375
"Abies fraseri",-83.474202,35.590803,1816.0087890625
"Abies fraseri",-83.475747,35.564858,1716.45568847656
"Abies fraseri",-83.47844,35.566397,1766.21716308594
"Abies fraseri",-83.4794,35.58222,1808.90649414062
"Abies fraseri",-83.48428,35.56551,1826.91101074219
"Abies fraseri",-83.491803,35.547983,1742.99755859375
"Abies fraseri",-83.492219,35.551922,1785.6923828125
"Abies fraseri",-83.493088,35.556512,1873.30944824219
"Abies fraseri",-83.493737,35.558738,1910.14172363281
"Abies fraseri",-83.493789,35.540497,1774.70581054688
"Abies fraseri",-83.49413,35.556655,1922.30285644531
"Abies fraseri",-83.494217,35.539592,1755.38793945312
"Abies fraseri",-83.494452,35.556604,1924.75305175781
"Abies fraseri",-83.494688,35.55605,1919.84631347656
"Abies fraseri",-83.4947,35.55646,1925.26477050781
"Abies fraseri",-83.494768,35.556704,1933.43371582031
"Abies fraseri",-83.494812,35.556021,1922.04272460938
"Abies fraseri",-83.49488,35.55633,1925.50354003906
"Abies fraseri",-83.494897,35.556512,1929.2490234375
"Abies fraseri",-83.49491,35.553049,1814.62048339844
"Abies fraseri",-83.494913,35.556359,1925.75659179688
"Abies fraseri",-83.494959,35.556536,1931.14733886719
"Abies fraseri",-83.495009,35.556382,1925.88244628906
"Abies fraseri",-83.495017,35.556548,1931.33215332031
"Abies fraseri",-83.495047,35.5565,1931.33215332031
"Abies fraseri",-83.495048,35.556546,1931.33215332031
"Abies fraseri",-83.495102,35.55647,1927.86315917969
"Abies fraseri",-83.495164,35.556373,1925.92712402344
"Abies fraseri",-83.495186,35.55637,1925.87719726562
"Abies fraseri",-83.49532,35.55632,1925.77075195312
"Abies fraseri",-83.495462,35.5564,1925.92761230469
"Abies fraseri",-83.495514,35.556366,1925.02612304688
"Abies fraseri",-83.495533,35.553882,1846.63134765625
"Abies fraseri",-83.495562,35.55642,1925.04187011719
"Abies fraseri",-83.49564,35.556182,1923.98071289062
"Abies fraseri",-83.495667,35.556519,1924.44689941406
"Abies fraseri",-83.495678,35.556723,1929.3818359375
"Abies fraseri",-83.495696,35.556754,1929.3818359375
"Abies fraseri",-83.4958,35.5562,1921.57763671875
"Abies fraseri",-83.495863,35.556542,1923.21179199219
"Abies fraseri",-83.495872,35.556514,1923.21179199219
"Abies fraseri",-83.495872,35.557083,1934.79504394531
"Abies fraseri",-83.495873,35.556253,1922.69091796875
"Abies fraseri",-83.49588,35.558413,1942.17272949219
"Abies fraseri",-83.495884,35.556594,1923.01770019531
"Abies fraseri",-83.495888,35.558845,1950.46215820312
"Abies fraseri",-83.495888,35.558858,1950.46215820312
"Abies fraseri",-83.495915,35.557187,1934.609375
"Abies fraseri",-83.49592,35.558572,1945.41479492188
"Abies fraseri",-83.495949,35.556282,1919.30444335938
"Abies fraseri",-83.495963,35.558978,1950.435546875
"Abies fraseri",-83.495987,35.558422,1940.30151367188
"Abies fraseri",-83.496,35.557481,1931.15576171875
"Abies fraseri",-83.496003,35.559095,1953.46081542969
"Abies fraseri",-83.496025,35.559025,1950.48889160156
"Abies fraseri",-83.496027,35.558443,1940.58264160156
"Abies fraseri",-83.496033,35.558288,1937.46423339844
"Abies fraseri",-83.496033,35.5584,1938.82629394531
"Abies fraseri",-83.496042,35.558444,1940.58264160156
"Abies fraseri",-83.496047,35.556861,1927.43969726562
"Abies fraseri",-83.496047,35.558322,1937.46423339844
"Abies fraseri",-83.49605,35.55874,1945.91345214844
"Abies fraseri",-83.496055,35.558055,1934.900390625
"Abies fraseri",-83.496063,35.558338,1938.82629394531
"Abies fraseri",-83.496069,35.557836,1933.39807128906
"Abies fraseri",-83.496072,35.558,1934.900390625
"Abies fraseri",-83.496078,35.559228,1954.08728027344
"Abies fraseri",-83.49608,35.55788,1934.20556640625
"Abies fraseri",-83.496088,35.558901,1949.15966796875
"Abies fraseri",-83.496095,35.556541,1923.35766601562
"Abies fraseri",-83.4961,35.5569,1927.43969726562
"Abies fraseri",-83.496102,35.556929,1927.43969726562
"Abies fraseri",-83.496103,35.55792,1934.20556640625
"Abies fraseri",-83.496104,35.556555,1923.35766601562
"Abies fraseri",-83.496107,35.557292,1928.55908203125
"Abies fraseri",-83.496108,35.558087,1935.65954589844
"Abies fraseri",-83.496117,35.557816,1931.66796875
"Abies fraseri",-83.496126,35.557934,1932.34362792969
"Abies fraseri",-83.49613,35.557922,1932.34362792969
"Abies fraseri",-83.496131,35.557944,1932.34362792969
"Abies fraseri",-83.49614,35.559279,1955.18029785156
"Abies fraseri",-83.496147,35.557628,1929.57751464844
"Abies fraseri",-83.496155,35.557633,1929.57751464844
"Abies fraseri",-83.496155,35.558017,1932.79870605469
"Abies fraseri",-83.496162,35.55906,1949.40478515625
"Abies fraseri",-83.496166,35.559313,1955.18029785156
"Abies fraseri",-83.496168,35.559417,1957.376953125
"Abies fraseri",-83.496178,35.558588,1940.79553222656
"Abies fraseri",-83.496186,35.558383,1937.31018066406
"Abies fraseri",-83.496187,35.556642,1923.20690917969
"Abies fraseri",-83.496187,35.559447,1959.71313476562
"Abies fraseri",-83.496213,35.557603,1927.30944824219
"Abies fraseri",-83.49623,35.558017,1930.24401855469
"Abies fraseri",-83.496244,35.556949,1923.068359375
"Abies fraseri",-83.496247,35.557894,1929.55395507812
"Abies fraseri",-83.496256,35.557089,1922.98754882812
"Abies fraseri",-83.4963,35.557095,1920.13781738281
"Abies fraseri",-83.496313,35.557297,1924.15991210938
"Abies fraseri",-83.49633,35.559575,1959.90539550781
"Abies fraseri",-83.49633,35.55967,1962.23425292969
"Abies fraseri",-83.496333,35.565685,1918.87854003906
"Abies fraseri",-83.496345,35.557408,1923.17053222656
"Abies fraseri",-83.496359,35.556695,1921.67199707031
"Abies fraseri",-83.496392,35.55697,1916.68151855469
"Abies fraseri",-83.49645,35.559678,1961.26770019531
"Abies fraseri",-83.4965,35.55686,1913.314453125
"Abies fraseri",-83.49651,35.560035,1969.86926269531
"Abies fraseri",-83.496612,35.560025,1968.53369140625
"Abies fraseri",-83.496667,35.556667,1905.5283203125
"Abies fraseri",-83.496794,35.556631,1903.14453125
"Abies fraseri",-83.496964,35.557236,1898.32067871094
"Abies fraseri",-83.497101,35.560421,1976.03259277344
"Abies fraseri",-83.497139,35.557178,1889.89013671875
"Abies fraseri",-83.49717,35.560833,1988.46875
"Abies fraseri",-83.497283,35.562503,2009.18029785156
"Abies fraseri",-83.497292,35.5572,1886.46435546875
"Abies fraseri",-83.497475,35.560719,1983.51525878906
"Abies fraseri",-83.49751,35.55562,1862.22619628906
"Abies fraseri",-83.497516,35.560808,1986.39343261719
"Abies fraseri",-83.497521,35.560788,1986.39343261719
"Abies fraseri",-83.497525,35.558485,1905.30139160156
"Abies fraseri",-83.497529,35.557876,1891.03088378906
"Abies fraseri",-83.497564,35.560876,1989.70568847656
"Abies fraseri",-83.497612,35.562359,2018.078125
"Abies fraseri",-83.497778,35.560833,1983.78503417969
"Abies fraseri",-83.497778,35.563056,2016.56774902344
"Abies fraseri",-83.49783,35.560986,1990.00927734375
"Abies fraseri",-83.497883,35.561072,1991.82946777344
"Abies fraseri",-83.497975,35.561208,1996.71362304688
"Abies fraseri",-83.498,35.563288,2015.39343261719
"Abies fraseri",-83.498046,35.562687,2021.85437011719
"Abies fraseri",-83.498056,35.563333,2017.10668945312
"Abies fraseri",-83.498078,35.562294,2021.74768066406
"Abies fraseri",-83.49815,35.563371,2017.18383789062
"Abies fraseri",-83.498168,35.561499,2004.37329101562
"Abies fraseri",-83.498278,35.562949,2023.62109375
"Abies fraseri",-83.4983,35.56287,2023.9873046875
"Abies fraseri",-83.498307,35.562844,2023.9873046875
"Abies fraseri",-83.498344,35.563054,2023.48706054688
"Abies fraseri",-83.498367,35.562683,2024.52368164062
"Abies fraseri",-83.498405,35.56297,2023.48706054688
"Abies fraseri",-83.498413,35.561478,1998.50341796875
"Abies fraseri",-83.498428,35.562916,2024.42004394531
"Abies fraseri",-83.498441,35.562729,2024.84033203125
"Abies fraseri",-83.498444,35.562744,2024.84033203125
"Abies fraseri",-83.498455,35.562748,2024.84033203125
"Abies fraseri",-83.498476,35.562802,2024.86193847656
"Abies fraseri",-83.498482,35.562749,2024.84033203125
"Abies fraseri",-83.498491,35.562613,2024.75073242188
"Abies fraseri",-83.498497,35.56263,2024.75073242188
"Abies fraseri",-83.498497,35.562953,2024.42004394531
"Abies fraseri",-83.498498,35.562755,2024.84033203125
"Abies fraseri",-83.498503,35.562578,2024.60498046875
"Abies fraseri",-83.49853,35.562885,2024.50305175781
"Abies fraseri",-83.498568,35.562784,2024.98547363281
"Abies fraseri",-83.498588,35.56287,2024.98547363281
"Abies fraseri",-83.4986,35.562772,2024.98022460938
"Abies fraseri",-83.498604,35.561566,1999.212890625
"Abies fraseri",-83.498615,35.56281,2024.88781738281
"Abies fraseri",-83.498619,35.562767,2024.95666503906
"Abies fraseri",-83.498628,35.562529,2024.72631835938
"Abies fraseri",-83.498628,35.562625,2024.9306640625
"Abies fraseri",-83.498633,35.562797,2024.88781738281
"Abies fraseri",-83.498633,35.563011,2023.732421875
"Abies fraseri",-83.498644,35.562703,2024.95666503906
"Abies fraseri",-83.49865,35.562845,2024.88781738281
"Abies fraseri",-83.498663,35.562808,2024.88781738281
"Abies fraseri",-83.498797,35.561516,1994.68176269531
"Abies fraseri",-83.498801,35.563092,2021.50891113281
"Abies fraseri",-83.498817,35.561795,2008.06945800781
"Abies fraseri",-83.498824,35.563042,2022.87634277344
"Abies fraseri",-83.49884,35.562953,2023.71447753906
"Abies fraseri",-83.498889,35.563889,2000.8173828125
"Abies fraseri",-83.498892,35.563055,2022.1767578125
"Abies fraseri",-83.49893,35.562859,2023.78955078125
"Abies fraseri",-83.498952,35.562999,2022.1767578125
"Abies fraseri",-83.499017,35.563042,2021.50866699219
"Abies fraseri",-83.499114,35.561954,2012.82678222656
"Abies fraseri",-83.499155,35.562761,2022.95837402344
"Abies fraseri",-83.499271,35.560555,1937.62243652344
"Abies fraseri",-83.49933,35.562074,2012.72448730469
"Abies fraseri",-83.499437,35.562225,2016.49291992188
"Abies fraseri",-83.49946,35.562767,2019.69982910156
"Abies fraseri",-83.49949,35.56248,2019.25915527344
"Abies fraseri",-83.499519,35.562753,2019.69982910156
"Abies fraseri",-83.49953,35.562354,2017.63635253906
"Abies fraseri",-83.499555,35.562755,2018.81884765625
"Abies fraseri",-83.49968,35.56291,2015.03796386719
"Abies fraseri",-83.499703,35.562653,2018.49475097656
"Abies fraseri",-83.499915,35.562302,2008.02746582031
"Abies fraseri",-83.5,35.56,1888.60961914062
"Abies fraseri",-83.500051,35.560881,1933.93115234375
"Abies fraseri",-83.500892,35.562533,2002.11804199219
"Abies fraseri",-83.501825,35.561714,1957.18139648438
"Abies fraseri",-83.502021,35.561804,1964.00842285156
"Abies fraseri",-83.502063,35.560865,1903.615234375
"Abies fraseri",-83.503533,35.561887,1980.35144042969
"Abies fraseri",-83.503784,35.561977,1984.9072265625
"Abies fraseri",-83.507613,35.544842,1340.42297363281
"Abies fraseri",-83.508688,35.562163,1952.88549804688
"Abies fraseri",-83.509788,35.5626,1926.58203125
"Abies fraseri",-83.510321,35.556572,1772.30981445312
"Abies fraseri",-83.546747,35.564472,1664.22302246094
"Abies fraseri",-83.55,35.85,308.218109130859
"Abies fraseri",-83.552008,35.564042,1686.07580566406
"Abies fraseri",-83.554205,35.564617,1664.09130859375
"Abies fraseri",-83.573435,35.886216,275.427032470703
"Abies fraseri",-83.580453,35.172937,1661.08984375
"Abies fraseri",-83.588647,35.672462,767.182861328125
"Abies fraseri",-83.810261,34.872591,1392.70886230469
"Abies fraseri",-83.81089,34.8745,1455.49938964844
"Abies fraseri",-83.810988,34.874253,1456.12622070312
"Abies fraseri",-83.993978,35.302845,1524.8359375
"Abies fraseri",-83.99485,35.321617,1678.03503417969
"Abies fraseri",-83.995178,35.305222,1652.11267089844
"Abies fraseri",-83.99533,35.305337,1651.18688964844
"Abies fraseri",-83.998361,35.371757,1615.09838867188
"Abies fraseri",-83.999634,35.371307,1604.96728515625
"Abies fraseri",-84.000558,35.371117,1604.62072753906
